CUST_NO,XCOORD,YCOORD,DEMAND,READY_TIME,DUE_DATE,SERVICE_TIME,INSTANCE,TYPE
1,40,50,0,0,1236,0,C101,C
2,45,68,10,912,967,90,C101,C
3,45,70,30,825,870,90,C101,C
4,42,66,10,65,146,90,C101,C
5,42,68,10,727,782,90,C101,C
6,42,65,10,15,67,90,C101,C
7,40,69,20,621,702,90,C101,C
8,40,66,20,170,225,90,C101,C
9,38,68,20,255,324,90,C101,C
10,38,70,10,534,605,90,C101,C
11,35,66,10,357,410,90,C101,C
12,35,69,10,448,505,90,C101,C
13,25,85,20,652,721,90,C101,C
14,22,75,30,30,92,90,C101,C
15,22,85,10,567,620,90,C101,C
16,20,80,40,384,429,90,C101,C
17,20,85,40,475,528,90,C101,C
18,18,75,20,99,148,90,C101,C
19,15,75,20,179,254,90,C101,C
20,15,80,10,278,345,90,C101,C
21,30,50,10,10,73,90,C101,C
22,30,52,20,914,965,90,C101,C
23,28,52,20,812,883,90,C101,C
24,28,55,10,732,777,90,C101,C
25,25,50,10,65,144,90,C101,C
26,25,52,40,169,224,90,C101,C
27,25,55,10,622,701,90,C101,C
28,23,52,10,261,316,90,C101,C
29,23,55,20,546,593,90,C101,C
30,20,50,10,358,405,90,C101,C
31,20,55,10,449,504,90,C101,C
32,10,35,20,200,237,90,C101,C
33,10,40,30,31,100,90,C101,C
34,8,40,40,87,158,90,C101,C
35,8,45,20,751,816,90,C101,C
36,5,35,10,283,344,90,C101,C
37,5,45,10,665,716,90,C101,C
38,2,40,20,383,434,90,C101,C
39,0,40,30,479,522,90,C101,C
40,0,45,20,567,624,90,C101,C
41,35,30,10,264,321,90,C101,C
42,35,32,10,166,235,90,C101,C
43,33,32,20,68,149,90,C101,C
44,33,35,10,16,80,90,C101,C
45,32,30,10,359,412,90,C101,C
46,30,30,10,541,600,90,C101,C
47,30,32,30,448,509,90,C101,C
48,30,35,10,1054,1127,90,C101,C
49,28,30,10,632,693,90,C101,C
50,28,35,10,1001,1066,90,C101,C
51,26,32,10,815,880,90,C101,C
52,25,30,10,725,786,90,C101,C
53,25,35,10,912,969,90,C101,C
54,44,5,20,286,347,90,C101,C
55,42,10,40,186,257,90,C101,C
56,42,15,10,95,158,90,C101,C
57,40,5,30,385,436,90,C101,C
58,40,15,40,35,87,90,C101,C
59,38,5,30,471,534,90,C101,C
60,38,15,10,651,740,90,C101,C
61,35,5,20,562,629,90,C101,C
62,50,30,10,531,610,90,C101,C
63,50,35,20,262,317,90,C101,C
64,50,40,50,171,218,90,C101,C
65,48,30,10,632,693,90,C101,C
66,48,40,10,76,129,90,C101,C
67,47,35,10,826,875,90,C101,C
68,47,40,10,12,77,90,C101,C
69,45,30,10,734,777,90,C101,C
70,45,35,10,916,969,90,C101,C
71,95,30,30,387,456,90,C101,C
72,95,35,20,293,360,90,C101,C
73,53,30,10,450,505,90,C101,C
74,92,30,10,478,551,90,C101,C
75,53,35,50,353,412,90,C101,C
76,45,65,20,997,1068,90,C101,C
77,90,35,10,203,260,90,C101,C
78,88,30,10,574,643,90,C101,C
79,88,35,20,109,170,90,C101,C
80,87,30,10,668,731,90,C101,C
81,85,25,10,769,820,90,C101,C
82,85,35,30,47,124,90,C101,C
83,75,55,20,369,420,90,C101,C
84,72,55,10,265,338,90,C101,C
85,70,58,20,458,523,90,C101,C
86,68,60,30,555,612,90,C101,C
87,66,55,10,173,238,90,C101,C
88,65,55,20,85,144,90,C101,C
89,65,60,30,645,708,90,C101,C
90,63,58,10,737,802,90,C101,C
91,60,55,10,20,84,90,C101,C
92,60,60,10,836,889,90,C101,C
93,67,85,20,368,441,90,C101,C
94,65,85,40,475,518,90,C101,C
95,65,82,10,285,336,90,C101,C
96,62,80,30,196,239,90,C101,C
97,60,80,10,95,156,90,C101,C
98,60,85,30,561,622,90,C101,C
99,58,75,20,30,84,90,C101,C
100,55,80,10,743,820,90,C101,C
101,55,85,20,647,726,90,C101,C
1,40,50,0,0,1236,0,C102,C
2,45,68,10,0,1127,90,C102,C
3,45,70,30,0,1125,90,C102,C
4,42,66,10,0,1129,90,C102,C
5,42,68,10,727,782,90,C102,C
6,42,65,10,0,1130,90,C102,C
7,40,69,20,621,702,90,C102,C
8,40,66,20,0,1130,90,C102,C
9,38,68,20,255,324,90,C102,C
10,38,70,10,534,605,90,C102,C
11,35,66,10,357,410,90,C102,C
12,35,69,10,448,505,90,C102,C
13,25,85,20,0,1107,90,C102,C
14,22,75,30,30,92,90,C102,C
15,22,85,10,567,620,90,C102,C
16,20,80,40,384,429,90,C102,C
17,20,85,40,475,528,90,C102,C
18,18,75,20,99,148,90,C102,C
19,15,75,20,179,254,90,C102,C
20,15,80,10,278,345,90,C102,C
21,30,50,10,10,73,90,C102,C
22,30,52,20,0,1135,90,C102,C
23,28,52,20,812,883,90,C102,C
24,28,55,10,732,777,90,C102,C
25,25,50,10,65,144,90,C102,C
26,25,52,40,169,224,90,C102,C
27,25,55,10,0,1130,90,C102,C
28,23,52,10,261,316,90,C102,C
29,23,55,20,546,593,90,C102,C
30,20,50,10,358,405,90,C102,C
31,20,55,10,449,504,90,C102,C
32,10,35,20,0,1112,90,C102,C
33,10,40,30,31,100,90,C102,C
34,8,40,40,87,158,90,C102,C
35,8,45,20,0,1113,90,C102,C
36,5,35,10,283,344,90,C102,C
37,5,45,10,665,716,90,C102,C
38,2,40,20,0,1106,90,C102,C
39,0,40,30,479,522,90,C102,C
40,0,45,20,567,624,90,C102,C
41,35,30,10,264,321,90,C102,C
42,35,32,10,166,235,90,C102,C
43,33,32,20,68,149,90,C102,C
44,33,35,10,16,80,90,C102,C
45,32,30,10,359,412,90,C102,C
46,30,30,10,541,600,90,C102,C
47,30,32,30,448,509,90,C102,C
48,30,35,10,1054,1127,90,C102,C
49,28,30,10,0,1122,90,C102,C
50,28,35,10,1001,1066,90,C102,C
51,26,32,10,0,1123,90,C102,C
52,25,30,10,725,786,90,C102,C
53,25,35,10,0,1124,90,C102,C
54,44,5,20,286,347,90,C102,C
55,42,10,40,186,257,90,C102,C
56,42,15,10,95,158,90,C102,C
57,40,5,30,385,436,90,C102,C
58,40,15,40,35,87,90,C102,C
59,38,5,30,471,534,90,C102,C
60,38,15,10,0,1110,90,C102,C
61,35,5,20,562,629,90,C102,C
62,50,30,10,531,610,90,C102,C
63,50,35,20,262,317,90,C102,C
64,50,40,50,171,218,90,C102,C
65,48,30,10,632,693,90,C102,C
66,48,40,10,76,129,90,C102,C
67,47,35,10,826,875,90,C102,C
68,47,40,10,12,77,90,C102,C
69,45,30,10,734,777,90,C102,C
70,45,35,10,916,969,90,C102,C
71,95,30,30,387,456,90,C102,C
72,95,35,20,293,360,90,C102,C
73,53,30,10,0,1122,90,C102,C
74,92,30,10,478,551,90,C102,C
75,53,35,50,353,412,90,C102,C
76,45,65,20,0,1130,90,C102,C
77,90,35,10,203,260,90,C102,C
78,88,30,10,574,643,90,C102,C
79,88,35,20,109,170,90,C102,C
80,87,30,10,668,731,90,C102,C
81,85,25,10,769,820,90,C102,C
82,85,35,30,47,124,90,C102,C
83,75,55,20,0,1110,90,C102,C
84,72,55,10,0,1113,90,C102,C
85,70,58,20,458,523,90,C102,C
86,68,60,30,0,1116,90,C102,C
87,66,55,10,173,238,90,C102,C
88,65,55,20,85,144,90,C102,C
89,65,60,30,645,708,90,C102,C
90,63,58,10,737,802,90,C102,C
91,60,55,10,20,84,90,C102,C
92,60,60,10,0,1123,90,C102,C
93,67,85,20,368,441,90,C102,C
94,65,85,40,475,518,90,C102,C
95,65,82,10,0,1105,90,C102,C
96,62,80,30,0,1108,90,C102,C
97,60,80,10,0,1109,90,C102,C
98,60,85,30,561,622,90,C102,C
99,58,75,20,0,1115,90,C102,C
100,55,80,10,743,820,90,C102,C
101,55,85,20,647,726,90,C102,C
1,40,50,0,0,1236,0,C103,C
2,45,68,10,0,1127,90,C103,C
3,45,70,30,0,1125,90,C103,C
4,42,66,10,0,1129,90,C103,C
5,42,68,10,727,782,90,C103,C
6,42,65,10,0,1130,90,C103,C
7,40,69,20,621,702,90,C103,C
8,40,66,20,0,1130,90,C103,C
9,38,68,20,255,324,90,C103,C
10,38,70,10,534,605,90,C103,C
11,35,66,10,357,410,90,C103,C
12,35,69,10,448,505,90,C103,C
13,25,85,20,0,1107,90,C103,C
14,22,75,30,30,92,90,C103,C
15,22,85,10,0,1106,90,C103,C
16,20,80,40,384,429,90,C103,C
17,20,85,40,0,1105,90,C103,C
18,18,75,20,99,148,90,C103,C
19,15,75,20,0,1110,90,C103,C
20,15,80,10,0,1106,90,C103,C
21,30,50,10,0,1136,90,C103,C
22,30,52,20,0,1135,90,C103,C
23,28,52,20,812,883,90,C103,C
24,28,55,10,732,777,90,C103,C
25,25,50,10,0,1131,90,C103,C
26,25,52,40,169,224,90,C103,C
27,25,55,10,0,1130,90,C103,C
28,23,52,10,261,316,90,C103,C
29,23,55,20,0,1128,90,C103,C
30,20,50,10,0,1126,90,C103,C
31,20,55,10,449,504,90,C103,C
32,10,35,20,0,1112,90,C103,C
33,10,40,30,0,1114,90,C103,C
34,8,40,40,87,158,90,C103,C
35,8,45,20,0,1113,90,C103,C
36,5,35,10,283,344,90,C103,C
37,5,45,10,665,716,90,C103,C
38,2,40,20,0,1106,90,C103,C
39,0,40,30,479,522,90,C103,C
40,0,45,20,567,624,90,C103,C
41,35,30,10,264,321,90,C103,C
42,35,32,10,166,235,90,C103,C
43,33,32,20,68,149,90,C103,C
44,33,35,10,0,1129,90,C103,C
45,32,30,10,359,412,90,C103,C
46,30,30,10,541,600,90,C103,C
47,30,32,30,0,1125,90,C103,C
48,30,35,10,0,1127,90,C103,C
49,28,30,10,0,1122,90,C103,C
50,28,35,10,1001,1066,90,C103,C
51,26,32,10,0,1123,90,C103,C
52,25,30,10,0,1121,90,C103,C
53,25,35,10,0,1124,90,C103,C
54,44,5,20,286,347,90,C103,C
55,42,10,40,0,1105,90,C103,C
56,42,15,10,95,158,90,C103,C
57,40,5,30,385,436,90,C103,C
58,40,15,40,0,1111,90,C103,C
59,38,5,30,471,534,90,C103,C
60,38,15,10,0,1110,90,C103,C
61,35,5,20,0,1100,90,C103,C
62,50,30,10,0,1123,90,C103,C
63,50,35,20,262,317,90,C103,C
64,50,40,50,0,1131,90,C103,C
65,48,30,10,632,693,90,C103,C
66,48,40,10,76,129,90,C103,C
67,47,35,10,826,875,90,C103,C
68,47,40,10,12,77,90,C103,C
69,45,30,10,734,777,90,C103,C
70,45,35,10,916,969,90,C103,C
71,95,30,30,387,456,90,C103,C
72,95,35,20,0,1088,90,C103,C
73,53,30,10,0,1122,90,C103,C
74,92,30,10,0,1090,90,C103,C
75,53,35,50,353,412,90,C103,C
76,45,65,20,0,1130,90,C103,C
77,90,35,10,203,260,90,C103,C
78,88,30,10,574,643,90,C103,C
79,88,35,20,109,170,90,C103,C
80,87,30,10,668,731,90,C103,C
81,85,25,10,769,820,90,C103,C
82,85,35,30,0,1098,90,C103,C
83,75,55,20,0,1110,90,C103,C
84,72,55,10,0,1113,90,C103,C
85,70,58,20,458,523,90,C103,C
86,68,60,30,0,1116,90,C103,C
87,66,55,10,0,1119,90,C103,C
88,65,55,20,85,144,90,C103,C
89,65,60,30,645,708,90,C103,C
90,63,58,10,0,1121,90,C103,C
91,60,55,10,0,1125,90,C103,C
92,60,60,10,0,1123,90,C103,C
93,67,85,20,368,441,90,C103,C
94,65,85,40,475,518,90,C103,C
95,65,82,10,0,1105,90,C103,C
96,62,80,30,0,1108,90,C103,C
97,60,80,10,0,1109,90,C103,C
98,60,85,30,0,1105,90,C103,C
99,58,75,20,0,1115,90,C103,C
100,55,80,10,743,820,90,C103,C
101,55,85,20,647,726,90,C103,C
1,40,50,0,0,1236,0,C104,C
2,45,68,10,0,1127,90,C104,C
3,45,70,30,0,1125,90,C104,C
4,42,66,10,0,1129,90,C104,C
5,42,68,10,727,782,90,C104,C
6,42,65,10,0,1130,90,C104,C
7,40,69,20,0,1127,90,C104,C
8,40,66,20,0,1130,90,C104,C
9,38,68,20,255,324,90,C104,C
10,38,70,10,534,605,90,C104,C
11,35,66,10,0,1129,90,C104,C
12,35,69,10,448,505,90,C104,C
13,25,85,20,0,1107,90,C104,C
14,22,75,30,30,92,90,C104,C
15,22,85,10,0,1106,90,C104,C
16,20,80,40,384,429,90,C104,C
17,20,85,40,0,1105,90,C104,C
18,18,75,20,0,1112,90,C104,C
19,15,75,20,0,1110,90,C104,C
20,15,80,10,0,1106,90,C104,C
21,30,50,10,0,1136,90,C104,C
22,30,52,20,0,1135,90,C104,C
23,28,52,20,0,1133,90,C104,C
24,28,55,10,732,777,90,C104,C
25,25,50,10,0,1131,90,C104,C
26,25,52,40,169,224,90,C104,C
27,25,55,10,0,1130,90,C104,C
28,23,52,10,0,1128,90,C104,C
29,23,55,20,0,1128,90,C104,C
30,20,50,10,0,1126,90,C104,C
31,20,55,10,0,1125,90,C104,C
32,10,35,20,0,1112,90,C104,C
33,10,40,30,0,1114,90,C104,C
34,8,40,40,0,1112,90,C104,C
35,8,45,20,0,1113,90,C104,C
36,5,35,10,0,1107,90,C104,C
37,5,45,10,0.00    1,110,90,C104,C
38,2,40,20,0,1106,90,C104,C
39,0,40,30,479,522,90,C104,C
40,0,45,20,0,1105,90,C104,C
41,35,30,10,0,1125,90,C104,C
42,35,32,10,0,1127,90,C104,C
43,33,32,20,0,1126,90,C104,C
44,33,35,10,0,1129,90,C104,C
45,32,30,10,359,412,90,C104,C
46,30,30,10,0,1123,90,C104,C
47,30,32,30,0,1125,90,C104,C
48,30,35,10,0,1127,90,C104,C
49,28,30,10,0,1122,90,C104,C
50,28,35,10,0,1126,90,C104,C
51,26,32,10,0,1123,90,C104,C
52,25,30,10,0,1121,90,C104,C
53,25,35,10,0,1124,90,C104,C
54,44,5,20,286,347,90,C104,C
55,42,10,40,0,1105,90,C104,C
56,42,15,10,95,158,90,C104,C
57,40,5,30,0,1101,90,C104,C
58,40,15,40,0,1111,90,C104,C
59,38,5,30,471,534,90,C104,C
60,38,15,10,0,1110,90,C104,C
61,35,5,20,0,1100,90,C104,C
62,50,30,10,0,1123,90,C104,C
63,50,35,20,262,317,90,C104,C
64,50,40,50,0,1131,90,C104,C
65,48,30,10,0,1124,90,C104,C
66,48,40,10,0,1133,90,C104,C
67,47,35,10,0,1129,90,C104,C
68,47,40,10,12,77,90,C104,C
69,45,30,10,0,1125,90,C104,C
70,45,35,10,916,969,90,C104,C
71,95,30,30,0,1087,90,C104,C
72,95,35,20,0,1088,90,C104,C
73,53,30,10,0,1122,90,C104,C
74,92,30,10,0,1090,90,C104,C
75,53,35,50,353,412,90,C104,C
76,45,65,20,0,1130,90,C104,C
77,90,35,10,203,260,90,C104,C
78,88,30,10,574,643,90,C104,C
79,88,35,20,0,1095,90,C104,C
80,87,30,10,668,731,90,C104,C
81,85,25,10,0,1094,90,C104,C
82,85,35,30,0,1098,90,C104,C
83,75,55,20,0,1110,90,C104,C
84,72,55,10,0,1113,90,C104,C
85,70,58,20,458,523,90,C104,C
86,68,60,30,0,1116,90,C104,C
87,66,55,10,0,1119,90,C104,C
88,65,55,20,85,144,90,C104,C
89,65,60,30,0,1119,90,C104,C
90,63,58,10,0,1121,90,C104,C
91,60,55,10,0,1125,90,C104,C
92,60,60,10,0,1123,90,C104,C
93,67,85,20,368,441,90,C104,C
94,65,85,40,0,1102,90,C104,C
95,65,82,10,0,1105,90,C104,C
96,62,80,30,0,1108,90,C104,C
97,60,80,10,0,1109,90,C104,C
98,60,85,30,0,1105,90,C104,C
99,58,75,20,0,1115,90,C104,C
100,55,80,10,743,820,90,C104,C
101,55,85,20,647,726,90,C104,C
1,40,50,0,0,1236,0,C105,C
2,45,68,10,885,994,90,C105,C
3,45,70,30,802,893,90,C105,C
4,42,66,10,25,186,90,C105,C
5,42,68,10,699,810,90,C105,C
6,42,65,10,15,120,90,C105,C
7,40,69,20,580,743,90,C105,C
8,40,66,20,142,253,90,C105,C
9,38,68,20,220,359,90,C105,C
10,38,70,10,499,640,90,C105,C
11,35,66,10,331,436,90,C105,C
12,35,69,10,420,533,90,C105,C
13,25,85,20,617,756,90,C105,C
14,22,75,30,30,155,90,C105,C
15,22,85,10,541,646,90,C105,C
16,20,80,40,362,451,90,C105,C
17,20,85,40,448,555,90,C105,C
18,18,75,20,75,172,90,C105,C
19,15,75,20,142,291,90,C105,C
20,15,80,10,244,379,90,C105,C
21,30,50,10,10,137,90,C105,C
22,30,52,20,888,991,90,C105,C
23,28,52,20,776,919,90,C105,C
24,28,55,10,709,800,90,C105,C
25,25,50,10,25,184,90,C105,C
26,25,52,40,142,251,90,C105,C
27,25,55,10,582,741,90,C105,C
28,23,52,10,234,343,90,C105,C
29,23,55,20,523,616,90,C105,C
30,20,50,10,335,428,90,C105,C
31,20,55,10,422,531,90,C105,C
32,10,35,20,181,256,90,C105,C
33,10,40,30,31,170,90,C105,C
34,8,40,40,52,193,90,C105,C
35,8,45,20,719,848,90,C105,C
36,5,35,10,252,375,90,C105,C
37,5,45,10,639,742,90,C105,C
38,2,40,20,357,460,90,C105,C
39,0,40,30,457,544,90,C105,C
40,0,45,20,538,653,90,C105,C
41,35,30,10,236,349,90,C105,C
42,35,32,10,132,269,90,C105,C
43,33,32,20,27,190,90,C105,C
44,33,35,10,16,144,90,C105,C
45,32,30,10,332,439,90,C105,C
46,30,30,10,512,629,90,C105,C
47,30,32,30,417,540,90,C105,C
48,30,35,10,982,1127,90,C105,C
49,28,30,10,601,724,90,C105,C
50,28,35,10,969,1098,90,C105,C
51,26,32,10,783,912,90,C105,C
52,25,30,10,695,816,90,C105,C
53,25,35,10,883,998,90,C105,C
54,44,5,20,255,378,90,C105,C
55,42,10,40,150,293,90,C105,C
56,42,15,10,63,190,90,C105,C
57,40,5,30,359,462,90,C105,C
58,40,15,40,35,140,90,C105,C
59,38,5,30,439,566,90,C105,C
60,38,15,10,607,784,90,C105,C
61,35,5,20,529,662,90,C105,C
62,50,30,10,491,650,90,C105,C
63,50,35,20,235,344,90,C105,C
64,50,40,50,147,242,90,C105,C
65,48,30,10,601,724,90,C105,C
66,48,40,10,50,155,90,C105,C
67,47,35,10,802,899,90,C105,C
68,47,40,10,12,143,90,C105,C
69,45,30,10,712,799,90,C105,C
70,45,35,10,889,996,90,C105,C
71,95,30,30,353,490,90,C105,C
72,95,35,20,260,393,90,C105,C
73,53,30,10,422,533,90,C105,C
74,92,30,10,442,587,90,C105,C
75,53,35,50,323,442,90,C105,C
76,45,65,20,962,1103,90,C105,C
77,90,35,10,175,288,90,C105,C
78,88,30,10,539,678,90,C105,C
79,88,35,20,78,201,90,C105,C
80,87,30,10,636,763,90,C105,C
81,85,25,10,744,845,90,C105,C
82,85,35,30,47,201,90,C105,C
83,75,55,20,344,445,90,C105,C
84,72,55,10,228,375,90,C105,C
85,70,58,20,425,556,90,C105,C
86,68,60,30,527,640,90,C105,C
87,66,55,10,141,270,90,C105,C
88,65,55,20,56,173,90,C105,C
89,65,60,30,614,739,90,C105,C
90,63,58,10,705,834,90,C105,C
91,60,55,10,20,148,90,C105,C
92,60,60,10,809,916,90,C105,C
93,67,85,20,331,478,90,C105,C
94,65,85,40,453,540,90,C105,C
95,65,82,10,260,361,90,C105,C
96,62,80,30,174,261,90,C105,C
97,60,80,10,64,187,90,C105,C
98,60,85,30,531,652,90,C105,C
99,58,75,20,30,139,90,C105,C
100,55,80,10,705,858,90,C105,C
101,55,85,20,608,765,90,C105,C
1,40,50,0,0,1236,0,C106,C
2,45,68,10,890,989,90,C106,C
3,45,70,30,816,879,90,C106,C
4,42,66,10,55,156,90,C106,C
5,42,68,10,703,806,90,C106,C
6,42,65,10,15,60,90,C106,C
7,40,69,20,559,764,90,C106,C
8,40,66,20,172,223,90,C106,C
9,38,68,20,250,329,90,C106,C
10,38,70,10,489,650,90,C106,C
11,35,66,10,361,406,90,C106,C
12,35,69,10,450,503,90,C106,C
13,25,85,20,647,726,90,C106,C
14,22,75,30,30,95,90,C106,C
15,22,85,10,571,616,90,C106,C
16,20,80,40,392,421,90,C106,C
17,20,85,40,478,525,90,C106,C
18,18,75,20,105,142,90,C106,C
19,15,75,20,172,261,90,C106,C
20,15,80,10,274,349,90,C106,C
21,30,50,10,10,77,90,C106,C
22,30,52,20,918,961,90,C106,C
23,28,52,20,806,889,90,C106,C
24,28,55,10,739,770,90,C106,C
25,25,50,10,55,154,90,C106,C
26,25,52,40,172,221,90,C106,C
27,25,55,10,612,711,90,C106,C
28,23,52,10,264,313,90,C106,C
29,23,55,20,553,586,90,C106,C
30,20,50,10,365,398,90,C106,C
31,20,55,10,452,501,90,C106,C
32,10,35,20,204,233,90,C106,C
33,10,40,30,31,189,90,C106,C
34,8,40,40,42,203,90,C106,C
35,8,45,20,715,852,90,C106,C
36,5,35,10,251,376,90,C106,C
37,5,45,10,648,733,90,C106,C
38,2,40,20,365,452,90,C106,C
39,0,40,30,474,527,90,C106,C
40,0,45,20,541,650,90,C106,C
41,35,30,10,240,345,90,C106,C
42,35,32,10,123,278,90,C106,C
43,33,32,20,19,225,90,C106,C
44,33,35,10,16,153,90,C106,C
45,32,30,10,338,433,90,C106,C
46,30,30,10,513,628,90,C106,C
47,30,32,30,415,542,90,C106,C
48,30,35,10,872,1127,90,C106,C
49,28,30,10,599,726,90,C106,C
50,28,35,10,917,1126,90,C106,C
51,26,32,10,779,916,90,C106,C
52,25,30,10,695,816,90,C106,C
53,25,35,10,857,1024,90,C106,C
54,44,5,20,221,412,90,C106,C
55,42,10,40,96,347,90,C106,C
56,42,15,10,35,233,90,C106,C
57,40,5,30,347,474,90,C106,C
58,40,15,40,35,172,90,C106,C
59,38,5,30,403,602,90,C106,C
60,38,15,10,521,870,90,C106,C
61,35,5,20,487,704,90,C106,C
62,50,30,10,422,719,90,C106,C
63,50,35,20,217,362,90,C106,C
64,50,40,50,142,247,90,C106,C
65,48,30,10,567,758,90,C106,C
66,48,40,10,34,171,90,C106,C
67,47,35,10,794,907,90,C106,C
68,47,40,10,12,226,90,C106,C
69,45,30,10,716,795,90,C106,C
70,45,35,10,873,1012,90,C106,C
71,95,30,30,266,577,90,C106,C
72,95,35,20,181,472,90,C106,C
73,53,30,10,402,553,90,C106,C
74,92,30,10,345,684,90,C106,C
75,53,35,50,294,471,90,C106,C
76,45,65,20,951,1114,90,C106,C
77,90,35,10,153,310,90,C106,C
78,88,30,10,450,767,90,C106,C
79,88,35,20,50,237,90,C106,C
80,87,30,10,567,832,90,C106,C
81,85,25,10,713,876,90,C106,C
82,85,35,30,47,331,90,C106,C
83,75,55,20,311,478,90,C106,C
84,72,55,10,127,476,90,C106,C
85,70,58,20,349,632,90,C106,C
86,68,60,30,476,691,90,C106,C
87,66,55,10,67,344,90,C106,C
88,65,55,20,25,256,90,C106,C
89,65,60,30,546,807,90,C106,C
90,63,58,10,630,909,90,C106,C
91,60,55,10,20,293,90,C106,C
92,60,60,10,769,956,90,C106,C
93,67,85,20,229,580,90,C106,C
94,65,85,40,442,551,90,C106,C
95,65,82,10,227,394,90,C106,C
96,62,80,30,163,272,90,C106,C
97,60,80,10,36,291,90,C106,C
98,60,85,30,469,714,90,C106,C
99,58,75,20,30,227,90,C106,C
100,55,80,10,595,968,90,C106,C
101,55,85,20,493,880,90,C106,C
1,40,50,0,0,1236,0,C107,C
2,45,68,10,850,1030,90,C107,C
3,45,70,30,758,938,90,C107,C
4,42,66,10,16,196,90,C107,C
5,42,68,10,665,845,90,C107,C
6,42,65,10,15,195,90,C107,C
7,40,69,20,572,752,90,C107,C
8,40,66,20,108,288,90,C107,C
9,38,68,20,200,380,90,C107,C
10,38,70,10,480,660,90,C107,C
11,35,66,10,294,474,90,C107,C
12,35,69,10,387,567,90,C107,C
13,25,85,20,597,777,90,C107,C
14,22,75,30,30,210,90,C107,C
15,22,85,10,504,684,90,C107,C
16,20,80,40,317,497,90,C107,C
17,20,85,40,412,592,90,C107,C
18,18,75,20,34,214,90,C107,C
19,15,75,20,127,307,90,C107,C
20,15,80,10,222,402,90,C107,C
21,30,50,10,10,190,90,C107,C
22,30,52,20,850,1030,90,C107,C
23,28,52,20,758,938,90,C107,C
24,28,55,10,665,845,90,C107,C
25,25,50,10,15,195,90,C107,C
26,25,52,40,107,287,90,C107,C
27,25,55,10,572,752,90,C107,C
28,23,52,10,199,379,90,C107,C
29,23,55,20,480,660,90,C107,C
30,20,50,10,292,472,90,C107,C
31,20,55,10,387,567,90,C107,C
32,10,35,20,129,309,90,C107,C
33,10,40,30,31,211,90,C107,C
34,8,40,40,33,213,90,C107,C
35,8,45,20,694,874,90,C107,C
36,5,35,10,224,404,90,C107,C
37,5,45,10,601,781,90,C107,C
38,2,40,20,319,499,90,C107,C
39,0,40,30,411,591,90,C107,C
40,0,45,20,506,686,90,C107,C
41,35,30,10,203,383,90,C107,C
42,35,32,10,111,291,90,C107,C
43,33,32,20,19,199,90,C107,C
44,33,35,10,16,196,90,C107,C
45,32,30,10,296,476,90,C107,C
46,30,30,10,481,661,90,C107,C
47,30,32,30,389,569,90,C107,C
48,30,35,10,947,1127,90,C107,C
49,28,30,10,573,753,90,C107,C
50,28,35,10,944,1124,90,C107,C
51,26,32,10,758,938,90,C107,C
52,25,30,10,666,846,90,C107,C
53,25,35,10,851,1031,90,C107,C
54,44,5,20,227,407,90,C107,C
55,42,10,40,132,312,90,C107,C
56,42,15,10,37,217,90,C107,C
57,40,5,30,321,501,90,C107,C
58,40,15,40,35,215,90,C107,C
59,38,5,30,413,593,90,C107,C
60,38,15,10,606,786,90,C107,C
61,35,5,20,506,686,90,C107,C
62,50,30,10,481,661,90,C107,C
63,50,35,20,200,380,90,C107,C
64,50,40,50,105,285,90,C107,C
65,48,30,10,573,753,90,C107,C
66,48,40,10,13,193,90,C107,C
67,47,35,10,761,941,90,C107,C
68,47,40,10,12,192,90,C107,C
69,45,30,10,666,846,90,C107,C
70,45,35,10,853,1033,90,C107,C
71,95,30,30,332,512,90,C107,C
72,95,35,20,237,417,90,C107,C
73,53,30,10,388,568,90,C107,C
74,92,30,10,425,605,90,C107,C
75,53,35,50,293,473,90,C107,C
76,45,65,20,943,1123,90,C107,C
77,90,35,10,142,322,90,C107,C
78,88,30,10,519,699,90,C107,C
79,88,35,20,50,230,90,C107,C
80,87,30,10,610,790,90,C107,C
81,85,25,10,705,885,90,C107,C
82,85,35,30,47,227,90,C107,C
83,75,55,20,305,485,90,C107,C
84,72,55,10,212,392,90,C107,C
85,70,58,20,401,581,90,C107,C
86,68,60,30,494,674,90,C107,C
87,66,55,10,116,296,90,C107,C
88,65,55,20,25,205,90,C107,C
89,65,60,30,587,767,90,C107,C
90,63,58,10,680,860,90,C107,C
91,60,55,10,20,200,90,C107,C
92,60,60,10,773,953,90,C107,C
93,67,85,20,315,495,90,C107,C
94,65,85,40,407,587,90,C107,C
95,65,82,10,221,401,90,C107,C
96,62,80,30,128,308,90,C107,C
97,60,80,10,36,216,90,C107,C
98,60,85,30,502,682,90,C107,C
99,58,75,20,30,210,90,C107,C
100,55,80,10,692,872,90,C107,C
101,55,85,20,597,777,90,C107,C
1,40,50,0,0,1236,0,C108,C
2,45,68,10,830,1049,90,C108,C
3,45,70,30,756,939,90,C108,C
4,42,66,10,16,336,90,C108,C
5,42,68,10,643,866,90,C108,C
6,42,65,10,15,226,90,C108,C
7,40,69,20,499,824,90,C108,C
8,40,66,20,87,308,90,C108,C
9,38,68,20,150,429,90,C108,C
10,38,70,10,429,710,90,C108,C
11,35,66,10,279,488,90,C108,C
12,35,69,10,363,590,90,C108,C
13,25,85,20,547,826,90,C108,C
14,22,75,30,30,280,90,C108,C
15,22,85,10,489,698,90,C108,C
16,20,80,40,318,495,90,C108,C
17,20,85,40,394,609,90,C108,C
18,18,75,20,33,226,90,C108,C
19,15,75,20,68,365,90,C108,C
20,15,80,10,176,447,90,C108,C
21,30,50,10,10,265,90,C108,C
22,30,52,20,836,1043,90,C108,C
23,28,52,20,704,991,90,C108,C
24,28,55,10,664,845,90,C108,C
25,25,50,10,15,333,90,C108,C
26,25,52,40,88,305,90,C108,C
27,25,55,10,502,821,90,C108,C
28,23,52,10,179,398,90,C108,C
29,23,55,20,476,663,90,C108,C
30,20,50,10,288,475,90,C108,C
31,20,55,10,368,585,90,C108,C
32,10,35,20,144,293,90,C108,C
33,10,40,30,31,309,90,C108,C
34,8,40,40,33,313,90,C108,C
35,8,45,20,655,912,90,C108,C
36,5,35,10,191,436,90,C108,C
37,5,45,10,588,793,90,C108,C
38,2,40,20,305,512,90,C108,C
39,0,40,30,414,587,90,C108,C
40,0,45,20,481,710,90,C108,C
41,35,30,10,180,405,90,C108,C
42,35,32,10,63,338,90,C108,C
43,33,32,20,19,345,90,C108,C
44,33,35,10,16,273,90,C108,C
45,32,30,10,278,493,90,C108,C
46,30,30,10,453,688,90,C108,C
47,30,32,30,355,602,90,C108,C
48,30,35,10,837,1127,90,C108,C
49,28,30,10,539,786,90,C108,C
50,28,35,10,867,1126,90,C108,C
51,26,32,10,719,976,90,C108,C
52,25,30,10,635,876,90,C108,C
53,25,35,10,825,1056,90,C108,C
54,44,5,20,193,440,90,C108,C
55,42,10,40,78,365,90,C108,C
56,42,15,10,35,287,90,C108,C
57,40,5,30,308,513,90,C108,C
58,40,15,40,35,246,90,C108,C
59,38,5,30,376,629,90,C108,C
60,38,15,10,519,872,90,C108,C
61,35,5,20,463,728,90,C108,C
62,50,30,10,412,729,90,C108,C
63,50,35,20,181,398,90,C108,C
64,50,40,50,100,289,90,C108,C
65,48,30,10,539,786,90,C108,C
66,48,40,10,12,223,90,C108,C
67,47,35,10,753,948,90,C108,C
68,47,40,10,12,275,90,C108,C
69,45,30,10,669,842,90,C108,C
70,45,35,10,836,1049,90,C108,C
71,95,30,30,284,559,90,C108,C
72,95,35,20,194,459,90,C108,C
73,53,30,10,367,588,90,C108,C
74,92,30,10,370,659,90,C108,C
75,53,35,50,263,502,90,C108,C
76,45,65,20,847,1130,90,C108,C
77,90,35,10,119,344,90,C108,C
78,88,30,10,469,748,90,C108,C
79,88,35,20,50,295,90,C108,C
80,87,30,10,573,826,90,C108,C
81,85,25,10,694,895,90,C108,C
82,85,35,30,47,356,90,C108,C
83,75,55,20,293,496,90,C108,C
84,72,55,10,154,449,90,C108,C
85,70,58,20,360,621,90,C108,C
86,68,60,30,470,697,90,C108,C
87,66,55,10,76,335,90,C108,C
88,65,55,20,25,260,90,C108,C
89,65,60,30,551,802,90,C108,C
90,63,58,10,640,899,90,C108,C
91,60,55,10,20,276,90,C108,C
92,60,60,10,756,969,90,C108,C
93,67,85,20,257,552,90,C108,C
94,65,85,40,409,584,90,C108,C
95,65,82,10,209,412,90,C108,C
96,62,80,30,130,305,90,C108,C
97,60,80,10,36,283,90,C108,C
98,60,85,30,470,713,90,C108,C
99,58,75,20,30,248,90,C108,C
100,55,80,10,628,935,90,C108,C
101,55,85,20,530,843,90,C108,C
1,40,50,0,0,1236,0,C109,C
2,45,68,10,760,1120,90,C109,C
3,45,70,30,668,1028,90,C109,C
4,42,66,10,16,376,90,C109,C
5,42,68,10,575,935,90,C109,C
6,42,65,10,15,375,90,C109,C
7,40,69,20,482,842,90,C109,C
8,40,66,20,18,378,90,C109,C
9,38,68,20,110,470,90,C109,C
10,38,70,10,390,750,90,C109,C
11,35,66,10,204,564,90,C109,C
12,35,69,10,297,657,90,C109,C
13,25,85,20,507,867,90,C109,C
14,22,75,30,30,390,90,C109,C
15,22,85,10,414,774,90,C109,C
16,20,80,40,227,587,90,C109,C
17,20,85,40,322,682,90,C109,C
18,18,75,20,33,393,90,C109,C
19,15,75,20,37,397,90,C109,C
20,15,80,10,132,492,90,C109,C
21,30,50,10,10,370,90,C109,C
22,30,52,20,760,1120,90,C109,C
23,28,52,20,668,1028,90,C109,C
24,28,55,10,575,935,90,C109,C
25,25,50,10,15,375,90,C109,C
26,25,52,40,17,377,90,C109,C
27,25,55,10,482,842,90,C109,C
28,23,52,10,109,469,90,C109,C
29,23,55,20,390,750,90,C109,C
30,20,50,10,202,562,90,C109,C
31,20,55,10,297,657,90,C109,C
32,10,35,20,39,399,90,C109,C
33,10,40,30,31,391,90,C109,C
34,8,40,40,33,393,90,C109,C
35,8,45,20,604,964,90,C109,C
36,5,35,10,134,494,90,C109,C
37,5,45,10,511,871,90,C109,C
38,2,40,20,229,589,90,C109,C
39,0,40,30,321,681,90,C109,C
40,0,45,20,416,776,90,C109,C
41,35,30,10,113,473,90,C109,C
42,35,32,10,21,381,90,C109,C
43,33,32,20,19,379,90,C109,C
44,33,35,10,16,376,90,C109,C
45,32,30,10,206,566,90,C109,C
46,30,30,10,391,751,90,C109,C
47,30,32,30,299,659,90,C109,C
48,30,35,10,767,1127,90,C109,C
49,28,30,10,483,843,90,C109,C
50,28,35,10,766,1126,90,C109,C
51,26,32,10,668,1028,90,C109,C
52,25,30,10,576,936,90,C109,C
53,25,35,10,761,1121,90,C109,C
54,44,5,20,137,497,90,C109,C
55,42,10,40,42,402,90,C109,C
56,42,15,10,35,395,90,C109,C
57,40,5,30,231,591,90,C109,C
58,40,15,40,35,395,90,C109,C
59,38,5,30,323,683,90,C109,C
60,38,15,10,516,876,90,C109,C
61,35,5,20,416,776,90,C109,C
62,50,30,10,391,751,90,C109,C
63,50,35,20,110,470,90,C109,C
64,50,40,50,15,375,90,C109,C
65,48,30,10,483,843,90,C109,C
66,48,40,10,12,372,90,C109,C
67,47,35,10,671,1031,90,C109,C
68,47,40,10,12,372,90,C109,C
69,45,30,10,576,936,90,C109,C
70,45,35,10,763,1123,90,C109,C
71,95,30,30,242,602,90,C109,C
72,95,35,20,147,507,90,C109,C
73,53,30,10,298,658,90,C109,C
74,92,30,10,335,695,90,C109,C
75,53,35,50,203,563,90,C109,C
76,45,65,20,770,1130,90,C109,C
77,90,35,10,52,412,90,C109,C
78,88,30,10,429,789,90,C109,C
79,88,35,20,50,410,90,C109,C
80,87,30,10,520,880,90,C109,C
81,85,25,10,615,975,90,C109,C
82,85,35,30,47,407,90,C109,C
83,75,55,20,215,575,90,C109,C
84,72,55,10,122,482,90,C109,C
85,70,58,20,311,671,90,C109,C
86,68,60,30,404,764,90,C109,C
87,66,55,10,26,386,90,C109,C
88,65,55,20,25,385,90,C109,C
89,65,60,30,497,857,90,C109,C
90,63,58,10,590,950,90,C109,C
91,60,55,10,20,380,90,C109,C
92,60,60,10,683,1043,90,C109,C
93,67,85,20,225,585,90,C109,C
94,65,85,40,317,677,90,C109,C
95,65,82,10,131,491,90,C109,C
96,62,80,30,38,398,90,C109,C
97,60,80,10,36,396,90,C109,C
98,60,85,30,412,772,90,C109,C
99,58,75,20,30,390,90,C109,C
100,55,80,10,602,962,90,C109,C
101,55,85,20,507,867,90,C109,C
1,40,50,0,0,3390,0,C201,C
2,52,75,10,311,471,90,C201,C
3,45,70,30,213,373,90,C201,C
4,62,69,10,1167,1327,90,C201,C
5,60,66,10,1261,1421,90,C201,C
6,42,65,10,25,185,90,C201,C
7,16,42,20,497,657,90,C201,C
8,58,70,20,1073,1233,90,C201,C
9,34,60,20,2887,3047,90,C201,C
10,28,70,10,2601,2761,90,C201,C
11,35,66,10,2791,2951,90,C201,C
12,35,69,10,2698,2858,90,C201,C
13,25,85,20,2119,2279,90,C201,C
14,22,75,30,2405,2565,90,C201,C
15,22,85,10,2026,2186,90,C201,C
16,20,80,40,2216,2376,90,C201,C
17,20,85,40,1934,2094,90,C201,C
18,18,75,20,2311,2471,90,C201,C
19,15,75,20,1742,1902,90,C201,C
20,15,80,10,1837,1997,90,C201,C
21,30,50,10,10,170,90,C201,C
22,30,56,20,2983,3143,90,C201,C
23,28,52,20,22,182,90,C201,C
24,14,66,10,1643,1803,90,C201,C
25,25,50,10,116,276,90,C201,C
26,22,66,40,2504,2664,90,C201,C
27,8,62,10,1545,1705,90,C201,C
28,23,52,10,209,369,90,C201,C
29,4,55,20,1447,1607,90,C201,C
30,20,50,10,398,558,90,C201,C
31,20,55,10,303,463,90,C201,C
32,10,35,20,781,941,90,C201,C
33,10,40,30,593,753,90,C201,C
34,8,40,40,685,845,90,C201,C
35,8,45,20,1346,1506,90,C201,C
36,5,35,10,876,1036,90,C201,C
37,5,45,10,1253,1413,90,C201,C
38,2,40,20,971,1131,90,C201,C
39,0,40,30,1063,1223,90,C201,C
40,0,45,20,1158,1318,90,C201,C
41,36,18,10,1819,1979,90,C201,C
42,35,32,10,2758,2918,90,C201,C
43,33,32,20,2666,2826,90,C201,C
44,33,35,10,2573,2733,90,C201,C
45,32,20,10,1913,2073,90,C201,C
46,30,30,10,2105,2265,90,C201,C
47,34,25,30,2009,2169,90,C201,C
48,30,35,10,2480,2640,90,C201,C
49,36,40,10,2856,3016,90,C201,C
50,48,20,10,967,1127,90,C201,C
51,26,32,10,2292,2452,90,C201,C
52,25,30,10,2200,2360,90,C201,C
53,25,35,10,2385,2545,90,C201,C
54,44,5,20,1256,1416,90,C201,C
55,42,10,40,1160,1320,90,C201,C
56,42,15,10,1065,1225,90,C201,C
57,40,5,30,1350,1510,90,C201,C
58,38,15,40,1725,1885,90,C201,C
59,38,5,30,1442,1602,90,C201,C
60,38,10,10,1630,1790,90,C201,C
61,35,5,20,1535,1695,90,C201,C
62,50,30,10,401,561,90,C201,C
63,50,35,20,120,280,90,C201,C
64,50,40,50,25,185,90,C201,C
65,48,30,10,493,653,90,C201,C
66,44,25,10,871,1031,90,C201,C
67,47,35,10,588,748,90,C201,C
68,47,40,10,12,172,90,C201,C
69,42,30,10,776,936,90,C201,C
70,45,35,10,680,840,90,C201,C
71,95,30,30,2321,2481,90,C201,C
72,95,35,20,2226,2386,90,C201,C
73,53,30,10,308,468,90,C201,C
74,92,30,10,2414,2574,90,C201,C
75,53,35,50,213,373,90,C201,C
76,45,65,20,118,278,90,C201,C
77,90,35,10,2131,2291,90,C201,C
78,72,45,10,2900,3060,90,C201,C
79,78,40,20,2802,2962,90,C201,C
80,87,30,10,2608,2768,90,C201,C
81,85,25,10,2513,2673,90,C201,C
82,85,35,30,2703,2863,90,C201,C
83,75,55,20,1925,2085,90,C201,C
84,72,55,10,1832,1992,90,C201,C
85,70,58,20,1641,1801,90,C201,C
86,86,46,30,2029,2189,90,C201,C
87,66,55,10,1736,1896,90,C201,C
88,64,46,20,3097,3257,90,C201,C
89,65,60,30,1546,1706,90,C201,C
90,56,64,10,1355,1515,90,C201,C
91,60,55,10,3119,3279,90,C201,C
92,60,60,10,1451,1611,90,C201,C
93,67,85,20,694,854,90,C201,C
94,42,58,40,8,168,90,C201,C
95,65,82,10,788,948,90,C201,C
96,62,80,30,881,1041,90,C201,C
97,62,40,10,3001,3161,90,C201,C
98,60,85,30,597,757,90,C201,C
99,58,75,20,978,1138,90,C201,C
100,55,80,10,407,567,90,C201,C
101,55,85,20,502,662,90,C201,C
1,40,50,0,0,3390,0,C202,C
2,52,75,10,0,3272,90,C202,C
3,45,70,30,0,3279,90,C202,C
4,62,69,10,0,3270,90,C202,C
5,60,66,10,1261,1421,90,C202,C
6,42,65,10,0,3284,90,C202,C
7,16,42,20,497,657,90,C202,C
8,58,70,20,0,3273,90,C202,C
9,34,60,20,2887,3047,90,C202,C
10,28,70,10,2601,2761,90,C202,C
11,35,66,10,2791,2951,90,C202,C
12,35,69,10,2698,2858,90,C202,C
13,25,85,20,0,3261,90,C202,C
14,22,75,30,2405,2565,90,C202,C
15,22,85,10,2026,2186,90,C202,C
16,20,80,40,2216,2376,90,C202,C
17,20,85,40,1934,2094,90,C202,C
18,18,75,20,2311,2471,90,C202,C
19,15,75,20,1742,1902,90,C202,C
20,15,80,10,1837,1997,90,C202,C
21,30,50,10,10,170,90,C202,C
22,30,56,20,0,3288,90,C202,C
23,28,52,20,22,182,90,C202,C
24,14,66,10,1643,1803,90,C202,C
25,25,50,10,116,276,90,C202,C
26,22,66,40,2504,2664,90,C202,C
27,8,62,10,0,3265,90,C202,C
28,23,52,10,209,369,90,C202,C
29,4,55,20,1447,1607,90,C202,C
30,20,50,10,398,558,90,C202,C
31,20,55,10,303,463,90,C202,C
32,10,35,20,0,3266,90,C202,C
33,10,40,30,593,753,90,C202,C
34,8,40,40,685,845,90,C202,C
35,8,45,20,0,3267,90,C202,C
36,5,35,10,876,1036,90,C202,C
37,5,45,10,1253,1413,90,C202,C
38,2,40,20,0,3260,90,C202,C
39,0,40,30,1063,1223,90,C202,C
40,0,45,20,1158,1318,90,C202,C
41,36,18,10,1819,1979,90,C202,C
42,35,32,10,2758,2918,90,C202,C
43,33,32,20,2666,2826,90,C202,C
44,33,35,10,2573,2733,90,C202,C
45,32,20,10,1913,2073,90,C202,C
46,30,30,10,2105,2265,90,C202,C
47,34,25,30,2009,2169,90,C202,C
48,30,35,10,2480,2640,90,C202,C
49,36,40,10,0,3289,90,C202,C
50,48,20,10,967,1127,90,C202,C
51,26,32,10,0,3277,90,C202,C
52,25,30,10,2200,2360,90,C202,C
53,25,35,10,0,3278,90,C202,C
54,44,5,20,1256,1416,90,C202,C
55,42,10,40,1160,1320,90,C202,C
56,42,15,10,1065,1225,90,C202,C
57,40,5,30,1350,1510,90,C202,C
58,38,15,40,1725,1885,90,C202,C
59,38,5,30,1442,1602,90,C202,C
60,38,10,10,0,3259,90,C202,C
61,35,5,20,1535,1695,90,C202,C
62,50,30,10,401,561,90,C202,C
63,50,35,20,120,280,90,C202,C
64,50,40,50,25,185,90,C202,C
65,48,30,10,493,653,90,C202,C
66,44,25,10,871,1031,90,C202,C
67,47,35,10,588,748,90,C202,C
68,47,40,10,12,172,90,C202,C
69,42,30,10,776,936,90,C202,C
70,45,35,10,680,840,90,C202,C
71,95,30,30,2321,2481,90,C202,C
72,95,35,20,2226,2386,90,C202,C
73,53,30,10,0,3276,90,C202,C
74,92,30,10,2414,2574,90,C202,C
75,53,35,50,213,373,90,C202,C
76,45,65,20,0,3284,90,C202,C
77,90,35,10,2131,2291,90,C202,C
78,72,45,10,2900,3060,90,C202,C
79,78,40,20,2802,2962,90,C202,C
80,87,30,10,2608,2768,90,C202,C
81,85,25,10,2513,2673,90,C202,C
82,85,35,30,2703,2863,90,C202,C
83,75,55,20,0,3264,90,C202,C
84,72,55,10,0,3267,90,C202,C
85,70,58,20,1641,1801,90,C202,C
86,86,46,30,0,3253,90,C202,C
87,66,55,10,1736,1896,90,C202,C
88,64,46,20,3097,3257,90,C202,C
89,65,60,30,1546,1706,90,C202,C
90,56,64,10,1355,1515,90,C202,C
91,60,55,10,3119,3279,90,C202,C
92,60,60,10,0,3277,90,C202,C
93,67,85,20,694,854,90,C202,C
94,42,58,40,8,168,90,C202,C
95,65,82,10,0,3259,90,C202,C
96,62,80,30,0,3262,90,C202,C
97,62,40,10,0,3275,90,C202,C
98,60,85,30,597,757,90,C202,C
99,58,75,20,0,3269,90,C202,C
100,55,80,10,407,567,90,C202,C
101,55,85,20,502,662,90,C202,C
1,40,50,0,0,3390,0,C203,C
2,52,75,10,0,3272,90,C203,C
3,45,70,30,0,3279,90,C203,C
4,62,69,10,0,3270,90,C203,C
5,60,66,10,1261,1421,90,C203,C
6,42,65,10,0,3284,90,C203,C
7,16,42,20,497,657,90,C203,C
8,58,70,20,0,3273,90,C203,C
9,34,60,20,2887,3047,90,C203,C
10,28,70,10,2601,2761,90,C203,C
11,35,66,10,2791,2951,90,C203,C
12,35,69,10,2698,2858,90,C203,C
13,25,85,20,0,3261,90,C203,C
14,22,75,30,2405,2565,90,C203,C
15,22,85,10,0,3260,90,C203,C
16,20,80,40,2216,2376,90,C203,C
17,20,85,40,0,3259,90,C203,C
18,18,75,20,2311,2471,90,C203,C
19,15,75,20,0,3264,90,C203,C
20,15,80,10,0,3260,90,C203,C
21,30,50,10,0,3290,90,C203,C
22,30,56,20,0,3288,90,C203,C
23,28,52,20,22,182,90,C203,C
24,14,66,10,1643,1803,90,C203,C
25,25,50,10,0,3285,90,C203,C
26,22,66,40,2504,2664,90,C203,C
27,8,62,10,0,3265,90,C203,C
28,23,52,10,209,369,90,C203,C
29,4,55,20,0,3263,90,C203,C
30,20,50,10,0,3280,90,C203,C
31,20,55,10,303,463,90,C203,C
32,10,35,20,0,3266,90,C203,C
33,10,40,30,0,3268,90,C203,C
34,8,40,40,685,845,90,C203,C
35,8,45,20,0,3267,90,C203,C
36,5,35,10,876,1036,90,C203,C
37,5,45,10,1253,1413,90,C203,C
38,2,40,20,0,3260,90,C203,C
39,0,40,30,1063,1223,90,C203,C
40,0,45,20,1158,1318,90,C203,C
41,36,18,10,1819,1979,90,C203,C
42,35,32,10,2758,2918,90,C203,C
43,33,32,20,2666,2826,90,C203,C
44,33,35,10,0,3283,90,C203,C
45,32,20,10,1913,2073,90,C203,C
46,30,30,10,2105,2265,90,C203,C
47,34,25,30,0,3274,90,C203,C
48,30,35,10,0,3281,90,C203,C
49,36,40,10,0,3289,90,C203,C
50,48,20,10,967,1127,90,C203,C
51,26,32,10,0,3277,90,C203,C
52,25,30,10,0,3275,90,C203,C
53,25,35,10,0,3278,90,C203,C
54,44,5,20,1256,1416,90,C203,C
55,42,10,40,0,3259,90,C203,C
56,42,15,10,1065,1225,90,C203,C
57,40,5,30,1350,1510,90,C203,C
58,38,15,40,0,3264,90,C203,C
59,38,5,30,1442,1602,90,C203,C
60,38,10,10,0,3259,90,C203,C
61,35,5,20,0,3254,90,C203,C
62,50,30,10,0,3277,90,C203,C
63,50,35,20,120,280,90,C203,C
64,50,40,50,0,3285,90,C203,C
65,48,30,10,493,653,90,C203,C
66,44,25,10,871,1031,90,C203,C
67,47,35,10,588,748,90,C203,C
68,47,40,10,12,172,90,C203,C
69,42,30,10,776,936,90,C203,C
70,45,35,10,680,840,90,C203,C
71,95,30,30,2321,2481,90,C203,C
72,95,35,20,0,3242,90,C203,C
73,53,30,10,0,3276,90,C203,C
74,92,30,10,0,3244,90,C203,C
75,53,35,50,213,373,90,C203,C
76,45,65,20,0,3284,90,C203,C
77,90,35,10,2131,2291,90,C203,C
78,72,45,10,2900,3060,90,C203,C
79,78,40,20,2802,2962,90,C203,C
80,87,30,10,2608,2768,90,C203,C
81,85,25,10,2513,2673,90,C203,C
82,85,35,30,0,3252,90,C203,C
83,75,55,20,0,3264,90,C203,C
84,72,55,10,0,3267,90,C203,C
85,70,58,20,1641,1801,90,C203,C
86,86,46,30,0,3253,90,C203,C
87,66,55,10,0,3273,90,C203,C
88,64,46,20,3097,3257,90,C203,C
89,65,60,30,1546,1706,90,C203,C
90,56,64,10,0,3278,90,C203,C
91,60,55,10,0,3279,90,C203,C
92,60,60,10,0,3277,90,C203,C
93,67,85,20,694,854,90,C203,C
94,42,58,40,8,168,90,C203,C
95,65,82,10,0,3259,90,C203,C
96,62,80,30,0,3262,90,C203,C
97,62,40,10,0,3275,90,C203,C
98,60,85,30,0,3259,90,C203,C
99,58,75,20,0,3269,90,C203,C
100,55,80,10,407,567,90,C203,C
101,55,85,20,502,662,90,C203,C
1,40,50,0,0,3390,0,C204,C
2,52,75,10,0,3272,90,C204,C
3,45,70,30,0,3279,90,C204,C
4,62,69,10,0,3270,90,C204,C
5,60,66,10,1261,1421,90,C204,C
6,42,65,10,0,3284,90,C204,C
7,16,42,20,0,3274,90,C204,C
8,58,70,20,0,3273,90,C204,C
9,34,60,20,2887,3047,90,C204,C
10,28,70,10,2601,2761,90,C204,C
11,35,66,10,0,3283,90,C204,C
12,35,69,10,2698,2858,90,C204,C
13,25,85,20,0,3261,90,C204,C
14,22,75,30,2405,2565,90,C204,C
15,22,85,10,0,3260,90,C204,C
16,20,80,40,2216,2376,90,C204,C
17,20,85,40,0,3259,90,C204,C
18,18,75,20,0,3266,90,C204,C
19,15,75,20,0,3264,90,C204,C
20,15,80,10,0,3260,90,C204,C
21,30,50,10,0,3290,90,C204,C
22,30,56,20,0,3288,90,C204,C
23,28,52,20,0,3287,90,C204,C
24,14,66,10,1643,1803,90,C204,C
25,25,50,10,0,3285,90,C204,C
26,22,66,40,2504,2664,90,C204,C
27,8,62,10,0,3265,90,C204,C
28,23,52,10,0,3282,90,C204,C
29,4,55,20,0,3263,90,C204,C
30,20,50,10,0,3280,90,C204,C
31,20,55,10,0,3279,90,C204,C
32,10,35,20,0,3266,90,C204,C
33,10,40,30,0,3268,90,C204,C
34,8,40,40,0,3266,90,C204,C
35,8,45,20,0,3267,90,C204,C
36,5,35,10,0,3261,90,C204,C
37,5,45,10,0,3264,90,C204,C
38,2,40,20,0,3260,90,C204,C
39,0,40,30,1063,1223,90,C204,C
40,0,45,20,0,3259,90,C204,C
41,36,18,10,0,3267,90,C204,C
42,35,32,10,0,3281,90,C204,C
43,33,32,20,0,3280,90,C204,C
44,33,35,10,0,3283,90,C204,C
45,32,20,10,1913,2073,90,C204,C
46,30,30,10,0,3277,90,C204,C
47,34,25,30,0,3274,90,C204,C
48,30,35,10,0,3281,90,C204,C
49,36,40,10,0,3289,90,C204,C
50,48,20,10,0,3268,90,C204,C
51,26,32,10,0,3277,90,C204,C
52,25,30,10,0,3275,90,C204,C
53,25,35,10,0,3278,90,C204,C
54,44,5,20,1256,1416,90,C204,C
55,42,10,40,0,3259,90,C204,C
56,42,15,10,1065,1225,90,C204,C
57,40,5,30,0,3255,90,C204,C
58,38,15,40,0,3264,90,C204,C
59,38,5,30,1442,1602,90,C204,C
60,38,10,10,0,3259,90,C204,C
61,35,5,20,0,3254,90,C204,C
62,50,30,10,0,3277,90,C204,C
63,50,35,20,120,280,90,C204,C
64,50,40,50,0,3285,90,C204,C
65,48,30,10,0,3278,90,C204,C
66,44,25,10,0,3274,90,C204,C
67,47,35,10,0,3283,90,C204,C
68,47,40,10,12,172,90,C204,C
69,42,30,10,0,3279,90,C204,C
70,45,35,10,680,840,90,C204,C
71,95,30,30,0,3241,90,C204,C
72,95,35,20,0,3242,90,C204,C
73,53,30,10,0,3276,90,C204,C
74,92,30,10,0,3244,90,C204,C
75,53,35,50,213,373,90,C204,C
76,45,65,20,0,3284,90,C204,C
77,90,35,10,2131,2291,90,C204,C
78,72,45,10,2900,3060,90,C204,C
79,78,40,20,0,3260,90,C204,C
80,87,30,10,2608,2768,90,C204,C
81,85,25,10,0,3248,90,C204,C
82,85,35,30,0,3252,90,C204,C
83,75,55,20,0,3264,90,C204,C
84,72,55,10,0,3267,90,C204,C
85,70,58,20,1641,1801,90,C204,C
86,86,46,30,0,3253,90,C204,C
87,66,55,10,0,3273,90,C204,C
88,64,46,20,3097,3257,90,C204,C
89,65,60,30,0,3273,90,C204,C
90,56,64,10,0,3278,90,C204,C
91,60,55,10,0,3279,90,C204,C
92,60,60,10,0,3277,90,C204,C
93,67,85,20,694,854,90,C204,C
94,42,58,40,0,3291,90,C204,C
95,65,82,10,0,3259,90,C204,C
96,62,80,30,0,3262,90,C204,C
97,62,40,10,0,3275,90,C204,C
98,60,85,30,0,3259,90,C204,C
99,58,75,20,0,3269,90,C204,C
100,55,80,10,407,567,90,C204,C
101,55,85,20,502,662,90,C204,C
1,40,50,0,0,3390,0,C205,C
2,52,75,10,231,551,90,C205,C
3,45,70,30,133,453,90,C205,C
4,62,69,10,1087,1407,90,C205,C
5,60,66,10,1181,1501,90,C205,C
6,42,65,10,15,335,90,C205,C
7,16,42,20,417,737,90,C205,C
8,58,70,20,993,1313,90,C205,C
9,34,60,20,2807,3127,90,C205,C
10,28,70,10,2521,2841,90,C205,C
11,35,66,10,2711,3031,90,C205,C
12,35,69,10,2618,2938,90,C205,C
13,25,85,20,2039,2359,90,C205,C
14,22,75,30,2325,2645,90,C205,C
15,22,85,10,1946,2266,90,C205,C
16,20,80,40,2136,2456,90,C205,C
17,20,85,40,1854,2174,90,C205,C
18,18,75,20,2231,2551,90,C205,C
19,15,75,20,1662,1982,90,C205,C
20,15,80,10,1757,2077,90,C205,C
21,30,50,10,10,330,90,C205,C
22,30,56,20,2903,3223,90,C205,C
23,28,52,20,12,332,90,C205,C
24,14,66,10,1563,1883,90,C205,C
25,25,50,10,36,356,90,C205,C
26,22,66,40,2424,2744,90,C205,C
27,8,62,10,1465,1785,90,C205,C
28,23,52,10,129,449,90,C205,C
29,4,55,20,1367,1687,90,C205,C
30,20,50,10,318,638,90,C205,C
31,20,55,10,223,543,90,C205,C
32,10,35,20,701,1021,90,C205,C
33,10,40,30,513,833,90,C205,C
34,8,40,40,605,925,90,C205,C
35,8,45,20,1266,1586,90,C205,C
36,5,35,10,796,1116,90,C205,C
37,5,45,10,1173,1493,90,C205,C
38,2,40,20,891,1211,90,C205,C
39,0,40,30,983,1303,90,C205,C
40,0,45,20,1078,1398,90,C205,C
41,36,18,10,1739,2059,90,C205,C
42,35,32,10,2678,2998,90,C205,C
43,33,32,20,2586,2906,90,C205,C
44,33,35,10,2493,2813,90,C205,C
45,32,20,10,1833,2153,90,C205,C
46,30,30,10,2025,2345,90,C205,C
47,34,25,30,1929,2249,90,C205,C
48,30,35,10,2400,2720,90,C205,C
49,36,40,10,2776,3096,90,C205,C
50,48,20,10,887,1207,90,C205,C
51,26,32,10,2212,2532,90,C205,C
52,25,30,10,2120,2440,90,C205,C
53,25,35,10,2305,2625,90,C205,C
54,44,5,20,1176,1496,90,C205,C
55,42,10,40,1080,1400,90,C205,C
56,42,15,10,985,1305,90,C205,C
57,40,5,30,1270,1590,90,C205,C
58,38,15,40,1645,1965,90,C205,C
59,38,5,30,1362,1682,90,C205,C
60,38,10,10,1550,1870,90,C205,C
61,35,5,20,1455,1775,90,C205,C
62,50,30,10,321,641,90,C205,C
63,50,35,20,40,360,90,C205,C
64,50,40,50,14,334,90,C205,C
65,48,30,10,413,733,90,C205,C
66,44,25,10,791,1111,90,C205,C
67,47,35,10,508,828,90,C205,C
68,47,40,10,12,332,90,C205,C
69,42,30,10,696,1016,90,C205,C
70,45,35,10,600,920,90,C205,C
71,95,30,30,2241,2561,90,C205,C
72,95,35,20,2146,2466,90,C205,C
73,53,30,10,228,548,90,C205,C
74,92,30,10,2334,2654,90,C205,C
75,53,35,50,133,453,90,C205,C
76,45,65,20,38,358,90,C205,C
77,90,35,10,2051,2371,90,C205,C
78,72,45,10,2820,3140,90,C205,C
79,78,40,20,2722,3042,90,C205,C
80,87,30,10,2528,2848,90,C205,C
81,85,25,10,2433,2753,90,C205,C
82,85,35,30,2623,2943,90,C205,C
83,75,55,20,1845,2165,90,C205,C
84,72,55,10,1752,2072,90,C205,C
85,70,58,20,1561,1881,90,C205,C
86,86,46,30,1949,2269,90,C205,C
87,66,55,10,1656,1976,90,C205,C
88,64,46,20,2955,3275,90,C205,C
89,65,60,30,1466,1786,90,C205,C
90,56,64,10,1275,1595,90,C205,C
91,60,55,10,2959,3279,90,C205,C
92,60,60,10,1371,1691,90,C205,C
93,67,85,20,614,934,90,C205,C
94,42,58,40,8,328,90,C205,C
95,65,82,10,708,1028,90,C205,C
96,62,80,30,801,1121,90,C205,C
97,62,40,10,2921,3241,90,C205,C
98,60,85,30,517,837,90,C205,C
99,58,75,20,898,1218,90,C205,C
100,55,80,10,327,647,90,C205,C
101,55,85,20,422,742,90,C205,C
1,40,50,0,0,3390,0,C206,C
2,52,75,10,213,568,90,C206,C
3,45,70,30,22,563,90,C206,C
4,62,69,10,1030,1463,90,C206,C
5,60,66,10,1154,1527,90,C206,C
6,42,65,10,15,402,90,C206,C
7,16,42,20,331,822,90,C206,C
8,58,70,20,965,1340,90,C206,C
9,34,60,20,2653,3280,90,C206,C
10,28,70,10,2385,2976,90,C206,C
11,35,66,10,2628,3113,90,C206,C
12,35,69,10,2603,2952,90,C206,C
13,25,85,20,1985,2412,90,C206,C
14,22,75,30,2310,2659,90,C206,C
15,22,85,10,1846,2365,90,C206,C
16,20,80,40,2077,2514,90,C206,C
17,20,85,40,1763,2264,90,C206,C
18,18,75,20,2143,2638,90,C206,C
19,15,75,20,1560,2083,90,C206,C
20,15,80,10,1689,2144,90,C206,C
21,30,50,10,10,645,90,C206,C
22,30,56,20,2675,3288,90,C206,C
23,28,52,20,12,505,90,C206,C
24,14,66,10,1519,1926,90,C206,C
25,25,50,10,23,368,90,C206,C
26,22,66,40,2380,2787,90,C206,C
27,8,62,10,1330,1919,90,C206,C
28,23,52,10,93,484,90,C206,C
29,4,55,20,1268,1785,90,C206,C
30,20,50,10,168,787,90,C206,C
31,20,55,10,170,595,90,C206,C
32,10,35,20,585,1136,90,C206,C
33,10,40,30,448,897,90,C206,C
34,8,40,40,499,1030,90,C206,C
35,8,45,20,1190,1661,90,C206,C
36,5,35,10,666,1245,90,C206,C
37,5,45,10,1076,1589,90,C206,C
38,2,40,20,772,1329,90,C206,C
39,0,40,30,890,1395,90,C206,C
40,0,45,20,1036,1439,90,C206,C
41,36,18,10,1612,2185,90,C206,C
42,35,32,10,2599,3076,90,C206,C
43,33,32,20,2529,2962,90,C206,C
44,33,35,10,2463,2842,90,C206,C
45,32,20,10,1745,2240,90,C206,C
46,30,30,10,1932,2437,90,C206,C
47,34,25,30,1884,2293,90,C206,C
48,30,35,10,2348,2771,90,C206,C
49,36,40,10,2715,3156,90,C206,C
50,48,20,10,812,1281,90,C206,C
51,26,32,10,2018,2725,90,C206,C
52,25,30,10,2015,2544,90,C206,C
53,25,35,10,2201,2728,90,C206,C
54,44,5,20,1078,1593,90,C206,C
55,42,10,40,998,1481,90,C206,C
56,42,15,10,897,1392,90,C206,C
57,40,5,30,1199,1660,90,C206,C
58,38,15,40,1552,2057,90,C206,C
59,38,5,30,1263,1780,90,C206,C
60,38,10,10,1498,1921,90,C206,C
61,35,5,20,1325,1904,90,C206,C
62,50,30,10,223,738,90,C206,C
63,50,35,20,18,474,90,C206,C
64,50,40,50,14,360,90,C206,C
65,48,30,10,246,899,90,C206,C
66,44,25,10,704,1197,90,C206,C
67,47,35,10,393,942,90,C206,C
68,47,40,10,12,424,90,C206,C
69,42,30,10,641,1070,90,C206,C
70,45,35,10,534,985,90,C206,C
71,95,30,30,2119,2682,90,C206,C
72,95,35,20,2079,2532,90,C206,C
73,53,30,10,131,644,90,C206,C
74,92,30,10,2169,2818,90,C206,C
75,53,35,50,87,498,90,C206,C
76,45,65,20,15,607,90,C206,C
77,90,35,10,2002,2419,90,C206,C
78,72,45,10,2701,3258,90,C206,C
79,78,40,20,2599,3164,90,C206,C
80,87,30,10,2505,2870,90,C206,C
81,85,25,10,2369,2816,90,C206,C
82,85,35,30,2563,3002,90,C206,C
83,75,55,20,1783,2226,90,C206,C
84,72,55,10,1591,2232,90,C206,C
85,70,58,20,1513,1928,90,C206,C
86,86,46,30,1829,2388,90,C206,C
87,66,55,10,1604,2027,90,C206,C
88,64,46,20,2976,3275,90,C206,C
89,65,60,30,1338,1913,90,C206,C
90,56,64,10,1116,1753,90,C206,C
91,60,55,10,2789,3279,90,C206,C
92,60,60,10,1349,1712,90,C206,C
93,67,85,20,518,1029,90,C206,C
94,42,58,40,8,509,90,C206,C
95,65,82,10,549,1186,90,C206,C
96,62,80,30,744,1177,90,C206,C
97,62,40,10,2713,3275,90,C206,C
98,60,85,30,397,956,90,C206,C
99,58,75,20,839,1276,90,C206,C
100,55,80,10,272,701,90,C206,C
101,55,85,20,373,790,90,C206,C
1,40,50,0,0,3390,0,C207,C
2,52,75,10,302,479,90,C207,C
3,45,70,30,157,428,90,C207,C
4,62,69,10,1138,1355,90,C207,C
5,60,66,10,1247,1434,90,C207,C
6,42,65,10,15,208,90,C207,C
7,16,42,20,209,944,90,C207,C
8,58,70,20,1059,1246,90,C207,C
9,34,60,20,2035,3288,90,C207,C
10,28,70,10,2090,3271,90,C207,C
11,35,66,10,2311,3283,90,C207,C
12,35,69,10,2428,3127,90,C207,C
13,25,85,20,1772,2625,90,C207,C
14,22,75,30,2135,2834,90,C207,C
15,22,85,10,1586,2625,90,C207,C
16,20,80,40,1858,2733,90,C207,C
17,20,85,40,1512,2515,90,C207,C
18,18,75,20,1895,2886,90,C207,C
19,15,75,20,1299,2344,90,C207,C
20,15,80,10,1461,2372,90,C207,C
21,30,50,10,10,963,90,C207,C
22,30,56,20,2062,3288,90,C207,C
23,28,52,20,12,752,90,C207,C
24,14,66,10,1316,2129,90,C207,C
25,25,50,10,15,532,90,C207,C
26,22,66,40,2177,2990,90,C207,C
27,8,62,10,1036,2213,90,C207,C
28,23,52,10,17,602,90,C207,C
29,4,55,20,1010,2043,90,C207,C
30,20,50,10,20,948,90,C207,C
31,20,55,10,63,702,90,C207,C
32,10,35,20,309,1412,90,C207,C
33,10,40,30,336,1009,90,C207,C
34,8,40,40,234,1295,90,C207,C
35,8,45,20,954,1897,90,C207,C
36,5,35,10,377,1534,90,C207,C
37,5,45,10,819,1846,90,C207,C
38,2,40,20,494,1607,90,C207,C
39,0,40,30,637,1648,90,C207,C
40,0,45,20,834,1641,90,C207,C
41,36,18,10,1468,2329,90,C207,C
42,35,32,10,2480,3195,90,C207,C
43,33,32,20,2421,3070,90,C207,C
44,33,35,10,2368,2937,90,C207,C
45,32,20,10,1621,2364,90,C207,C
46,30,30,10,1805,2564,90,C207,C
47,34,25,30,1782,2395,90,C207,C
48,30,35,10,2242,2877,90,C207,C
49,36,40,10,2605,3266,90,C207,C
50,48,20,10,812,1281,90,C207,C
51,26,32,10,1842,2901,90,C207,C
52,25,30,10,1883,2676,90,C207,C
53,25,35,10,2070,2859,90,C207,C
54,44,5,20,1078,1593,90,C207,C
55,42,10,40,998,1481,90,C207,C
56,42,15,10,897,1392,90,C207,C
57,40,5,30,1083,1776,90,C207,C
58,38,15,40,1426,2183,90,C207,C
59,38,5,30,1133,1910,90,C207,C
60,38,10,10,1392,2027,90,C207,C
61,35,5,20,1180,2049,90,C207,C
62,50,30,10,223,738,90,C207,C
63,50,35,20,18,474,90,C207,C
64,50,40,50,14,360,90,C207,C
65,48,30,10,246,899,90,C207,C
66,44,25,10,704,1197,90,C207,C
67,47,35,10,393,942,90,C207,C
68,47,40,10,12,424,90,C207,C
69,42,30,10,641,1070,90,C207,C
70,45,35,10,534,985,90,C207,C
71,95,30,30,2119,2682,90,C207,C
72,95,35,20,2192,2419,90,C207,C
73,53,30,10,131,644,90,C207,C
74,92,30,10,2169,2818,90,C207,C
75,53,35,50,87,498,90,C207,C
76,45,65,20,49,346,90,C207,C
77,90,35,10,2106,2315,90,C207,C
78,72,45,10,2701,3258,90,C207,C
79,78,40,20,2599,3164,90,C207,C
80,87,30,10,2505,2870,90,C207,C
81,85,25,10,2369,2816,90,C207,C
82,85,35,30,2563,3002,90,C207,C
83,75,55,20,1894,2115,90,C207,C
84,72,55,10,1751,2072,90,C207,C
85,70,58,20,1617,1824,90,C207,C
86,86,46,30,1969,2248,90,C207,C
87,66,55,10,1710,1921,90,C207,C
88,64,46,20,2976,3275,90,C207,C
89,65,60,30,1482,1769,90,C207,C
90,56,64,10,1275,1594,90,C207,C
91,60,55,10,2789,3279,90,C207,C
92,60,60,10,1440,1621,90,C207,C
93,67,85,20,646,901,90,C207,C
94,42,58,40,8,258,90,C207,C
95,65,82,10,708,1027,90,C207,C
96,62,80,30,852,1069,90,C207,C
97,62,40,10,2713,3275,90,C207,C
98,60,85,30,537,816,90,C207,C
99,58,75,20,948,1167,90,C207,C
100,55,80,10,379,594,90,C207,C
101,55,85,20,477,686,90,C207,C
1,40,50,0,0,3390,0,C208,C
2,52,75,10,71,711,90,C208,C
3,45,70,30,20,660,90,C208,C
4,62,69,10,927,1567,90,C208,C
5,60,66,10,1021,1661,90,C208,C
6,42,65,10,15,655,90,C208,C
7,16,42,20,257,897,90,C208,C
8,58,70,20,833,1473,90,C208,C
9,34,60,20,2647,3287,90,C208,C
10,28,70,10,2361,3001,90,C208,C
11,35,66,10,2551,3191,90,C208,C
12,35,69,10,2458,3098,90,C208,C
13,25,85,20,1879,2519,90,C208,C
14,22,75,30,2165,2805,90,C208,C
15,22,85,10,1786,2426,90,C208,C
16,20,80,40,1976,2616,90,C208,C
17,20,85,40,1694,2334,90,C208,C
18,18,75,20,2071,2711,90,C208,C
19,15,75,20,1502,2142,90,C208,C
20,15,80,10,1597,2237,90,C208,C
21,30,50,10,10,650,90,C208,C
22,30,56,20,2648,3288,90,C208,C
23,28,52,20,12,652,90,C208,C
24,14,66,10,1403,2043,90,C208,C
25,25,50,10,15,655,90,C208,C
26,22,66,40,2264,2904,90,C208,C
27,8,62,10,1305,1945,90,C208,C
28,23,52,10,17,657,90,C208,C
29,4,55,20,1207,1847,90,C208,C
30,20,50,10,158,798,90,C208,C
31,20,55,10,63,703,90,C208,C
32,10,35,20,541,1181,90,C208,C
33,10,40,30,353,993,90,C208,C
34,8,40,40,445,1085,90,C208,C
35,8,45,20,1106,1746,90,C208,C
36,5,35,10,636,1276,90,C208,C
37,5,45,10,1013,1653,90,C208,C
38,2,40,20,731,1371,90,C208,C
39,0,40,30,823,1463,90,C208,C
40,0,45,20,918,1558,90,C208,C
41,36,18,10,1579,2219,90,C208,C
42,35,32,10,2518,3158,90,C208,C
43,33,32,20,2426,3066,90,C208,C
44,33,35,10,2333,2973,90,C208,C
45,32,20,10,1673,2313,90,C208,C
46,30,30,10,1865,2505,90,C208,C
47,34,25,30,1769,2409,90,C208,C
48,30,35,10,2240,2880,90,C208,C
49,36,40,10,2616,3256,90,C208,C
50,48,20,10,727,1367,90,C208,C
51,26,32,10,2052,2692,90,C208,C
52,25,30,10,1960,2600,90,C208,C
53,25,35,10,2145,2785,90,C208,C
54,44,5,20,1016,1656,90,C208,C
55,42,10,40,920,1560,90,C208,C
56,42,15,10,825,1465,90,C208,C
57,40,5,30,1110,1750,90,C208,C
58,38,15,40,1485,2125,90,C208,C
59,38,5,30,1202,1842,90,C208,C
60,38,10,10,1390,2030,90,C208,C
61,35,5,20,1295,1935,90,C208,C
62,50,30,10,161,801,90,C208,C
63,50,35,20,18,658,90,C208,C
64,50,40,50,14,654,90,C208,C
65,48,30,10,253,893,90,C208,C
66,44,25,10,631,1271,90,C208,C
67,47,35,10,348,988,90,C208,C
68,47,40,10,12,652,90,C208,C
69,42,30,10,536,1176,90,C208,C
70,45,35,10,440,1080,90,C208,C
71,95,30,30,2081,2721,90,C208,C
72,95,35,20,1986,2626,90,C208,C
73,53,30,10,68,708,90,C208,C
74,92,30,10,2174,2814,90,C208,C
75,53,35,50,19,659,90,C208,C
76,45,65,20,15,655,90,C208,C
77,90,35,10,1891,2531,90,C208,C
78,72,45,10,2627,3267,90,C208,C
79,78,40,20,2562,3202,90,C208,C
80,87,30,10,2368,3008,90,C208,C
81,85,25,10,2273,2913,90,C208,C
82,85,35,30,2463,3103,90,C208,C
83,75,55,20,1685,2325,90,C208,C
84,72,55,10,1592,2232,90,C208,C
85,70,58,20,1401,2041,90,C208,C
86,86,46,30,1789,2429,90,C208,C
87,66,55,10,1496,2136,90,C208,C
88,64,46,20,2635,3275,90,C208,C
89,65,60,30,1306,1946,90,C208,C
90,56,64,10,1115,1755,90,C208,C
91,60,55,10,2639,3279,90,C208,C
92,60,60,10,1211,1851,90,C208,C
93,67,85,20,454,1094,90,C208,C
94,42,58,40,8,648,90,C208,C
95,65,82,10,548,1188,90,C208,C
96,62,80,30,641,1281,90,C208,C
97,62,40,10,2635,3275,90,C208,C
98,60,85,30,357,997,90,C208,C
99,58,75,20,738,1378,90,C208,C
100,55,80,10,167,807,90,C208,C
101,55,85,20,262,902,90,C208,C
1,35,35,0,0,230,0,R101,R
2,41,49,10,161,171,10,R101,R
3,35,17,7,50,60,10,R101,R
4,55,45,13,116,126,10,R101,R
5,55,20,19,149,159,10,R101,R
6,15,30,26,34,44,10,R101,R
7,25,30,3,99,109,10,R101,R
8,20,50,5,81,91,10,R101,R
9,10,43,9,95,105,10,R101,R
10,55,60,16,97,107,10,R101,R
11,30,60,16,124,134,10,R101,R
12,20,65,12,67,77,10,R101,R
13,50,35,19,63,73,10,R101,R
14,30,25,23,159,169,10,R101,R
15,15,10,20,32,42,10,R101,R
16,30,5,8,61,71,10,R101,R
17,10,20,19,75,85,10,R101,R
18,5,30,2,157,167,10,R101,R
19,20,40,12,87,97,10,R101,R
20,15,60,17,76,86,10,R101,R
21,45,65,9,126,136,10,R101,R
22,45,20,11,62,72,10,R101,R
23,45,10,18,97,107,10,R101,R
24,55,5,29,68,78,10,R101,R
25,65,35,3,153,163,10,R101,R
26,65,20,6,172,182,10,R101,R
27,45,30,17,132,142,10,R101,R
28,35,40,16,37,47,10,R101,R
29,41,37,16,39,49,10,R101,R
30,64,42,9,63,73,10,R101,R
31,40,60,21,71,81,10,R101,R
32,31,52,27,50,60,10,R101,R
33,35,69,23,141,151,10,R101,R
34,53,52,11,37,47,10,R101,R
35,65,55,14,117,127,10,R101,R
36,63,65,8,143,153,10,R101,R
37,2,60,5,41,51,10,R101,R
38,20,20,8,134,144,10,R101,R
39,5,5,16,83,93,10,R101,R
40,60,12,31,44,54,10,R101,R
41,40,25,9,85,95,10,R101,R
42,42,7,5,97,107,10,R101,R
43,24,12,5,31,41,10,R101,R
44,23,3,7,132,142,10,R101,R
45,11,14,18,69,79,10,R101,R
46,6,38,16,32,42,10,R101,R
47,2,48,1,117,127,10,R101,R
48,8,56,27,51,61,10,R101,R
49,13,52,36,165,175,10,R101,R
50,6,68,30,108,118,10,R101,R
51,47,47,13,124,134,10,R101,R
52,49,58,10,88,98,10,R101,R
53,27,43,9,52,62,10,R101,R
54,37,31,14,95,105,10,R101,R
55,57,29,18,140,150,10,R101,R
56,63,23,2,136,146,10,R101,R
57,53,12,6,130,140,10,R101,R
58,32,12,7,101,111,10,R101,R
59,36,26,18,200,210,10,R101,R
60,21,24,28,18,28,10,R101,R
61,17,34,3,162,172,10,R101,R
62,12,24,13,76,86,10,R101,R
63,24,58,19,58,68,10,R101,R
64,27,69,10,34,44,10,R101,R
65,15,77,9,73,83,10,R101,R
66,62,77,20,51,61,10,R101,R
67,49,73,25,127,137,10,R101,R
68,67,5,25,83,93,10,R101,R
69,56,39,36,142,152,10,R101,R
70,37,47,6,50,60,10,R101,R
71,37,56,5,182,192,10,R101,R
72,57,68,15,77,87,10,R101,R
73,47,16,25,35,45,10,R101,R
74,44,17,9,78,88,10,R101,R
75,46,13,8,149,159,10,R101,R
76,49,11,18,69,79,10,R101,R
77,49,42,13,73,83,10,R101,R
78,53,43,14,179,189,10,R101,R
79,61,52,3,96,106,10,R101,R
80,57,48,23,92,102,10,R101,R
81,56,37,6,182,192,10,R101,R
82,55,54,26,94,104,10,R101,R
83,15,47,16,55,65,10,R101,R
84,14,37,11,44,54,10,R101,R
85,11,31,7,101,111,10,R101,R
86,16,22,41,91,101,10,R101,R
87,4,18,35,94,104,10,R101,R
88,28,18,26,93,103,10,R101,R
89,26,52,9,74,84,10,R101,R
90,26,35,15,176,186,10,R101,R
91,31,67,3,95,105,10,R101,R
92,15,19,1,160,170,10,R101,R
93,22,22,2,18,28,10,R101,R
94,18,24,22,188,198,10,R101,R
95,26,27,27,100,110,10,R101,R
96,25,24,20,39,49,10,R101,R
97,22,27,11,135,145,10,R101,R
98,25,21,12,133,143,10,R101,R
99,19,21,10,58,68,10,R101,R
100,20,26,9,83,93,10,R101,R
101,18,18,17,185,195,10,R101,R
1,35,35,0,0,230,0,R102,R
2,41,49,10,0,204,10,R102,R
3,35,17,7,0,202,10,R102,R
4,55,45,13,0,197,10,R102,R
5,55,20,19,149,159,10,R102,R
6,15,30,26,0,199,10,R102,R
7,25,30,3,99,109,10,R102,R
8,20,50,5,0,198,10,R102,R
9,10,43,9,95,105,10,R102,R
10,55,60,16,97,107,10,R102,R
11,30,60,16,124,134,10,R102,R
12,20,65,12,67,77,10,R102,R
13,50,35,19,0,205,10,R102,R
14,30,25,23,159,169,10,R102,R
15,15,10,20,32,42,10,R102,R
16,30,5,8,61,71,10,R102,R
17,10,20,19,75,85,10,R102,R
18,5,30,2,157,167,10,R102,R
19,20,40,12,87,97,10,R102,R
20,15,60,17,76,86,10,R102,R
21,45,65,9,126,136,10,R102,R
22,45,20,11,0,201,10,R102,R
23,45,10,18,97,107,10,R102,R
24,55,5,29,68,78,10,R102,R
25,65,35,3,153,163,10,R102,R
26,65,20,6,172,182,10,R102,R
27,45,30,17,0,208,10,R102,R
28,35,40,16,37,47,10,R102,R
29,41,37,16,39,49,10,R102,R
30,64,42,9,63,73,10,R102,R
31,40,60,21,71,81,10,R102,R
32,31,52,27,0,202,10,R102,R
33,35,69,23,141,151,10,R102,R
34,53,52,11,37,47,10,R102,R
35,65,55,14,0,183,10,R102,R
36,63,65,8,143,153,10,R102,R
37,2,60,5,41,51,10,R102,R
38,20,20,8,0,198,10,R102,R
39,5,5,16,83,93,10,R102,R
40,60,12,31,44,54,10,R102,R
41,40,25,9,85,95,10,R102,R
42,42,7,5,97,107,10,R102,R
43,24,12,5,31,41,10,R102,R
44,23,3,7,132,142,10,R102,R
45,11,14,18,69,79,10,R102,R
46,6,38,16,32,42,10,R102,R
47,2,48,1,117,127,10,R102,R
48,8,56,27,51,61,10,R102,R
49,13,52,36,0,192,10,R102,R
50,6,68,30,108,118,10,R102,R
51,47,47,13,0,203,10,R102,R
52,49,58,10,88,98,10,R102,R
53,27,43,9,0,208,10,R102,R
54,37,31,14,95,105,10,R102,R
55,57,29,18,140,150,10,R102,R
56,63,23,2,136,146,10,R102,R
57,53,12,6,130,140,10,R102,R
58,32,12,7,101,111,10,R102,R
59,36,26,18,200,210,10,R102,R
60,21,24,28,0,202,10,R102,R
61,17,34,3,162,172,10,R102,R
62,12,24,13,76,86,10,R102,R
63,24,58,19,58,68,10,R102,R
64,27,69,10,34,44,10,R102,R
65,15,77,9,73,83,10,R102,R
66,62,77,20,51,61,10,R102,R
67,49,73,25,127,137,10,R102,R
68,67,5,25,83,93,10,R102,R
69,56,39,36,142,152,10,R102,R
70,37,47,6,50,60,10,R102,R
71,37,56,5,182,192,10,R102,R
72,57,68,15,77,87,10,R102,R
73,47,16,25,0,197,10,R102,R
74,44,17,9,78,88,10,R102,R
75,46,13,8,149,159,10,R102,R
76,49,11,18,0,192,10,R102,R
77,49,42,13,73,83,10,R102,R
78,53,43,14,179,189,10,R102,R
79,61,52,3,96,106,10,R102,R
80,57,48,23,92,102,10,R102,R
81,56,37,6,182,192,10,R102,R
82,55,54,26,94,104,10,R102,R
83,15,47,16,0,196,10,R102,R
84,14,37,11,0,198,10,R102,R
85,11,31,7,101,111,10,R102,R
86,16,22,41,0,196,10,R102,R
87,4,18,35,94,104,10,R102,R
88,28,18,26,93,103,10,R102,R
89,26,52,9,74,84,10,R102,R
90,26,35,15,176,186,10,R102,R
91,31,67,3,95,105,10,R102,R
92,15,19,1,0,194,10,R102,R
93,22,22,2,18,28,10,R102,R
94,18,24,22,188,198,10,R102,R
95,26,27,27,0,207,10,R102,R
96,25,24,20,0,205,10,R102,R
97,22,27,11,0,204,10,R102,R
98,25,21,12,133,143,10,R102,R
99,19,21,10,0,198,10,R102,R
100,20,26,9,83,93,10,R102,R
101,18,18,17,185,195,10,R102,R
1,35,35,0,0,230,0,R103,R
2,41,49,10,0,204,10,R103,R
3,35,17,7,0,202,10,R103,R
4,55,45,13,0,197,10,R103,R
5,55,20,19,149,159,10,R103,R
6,15,30,26,0,199,10,R103,R
7,25,30,3,99,109,10,R103,R
8,20,50,5,0,198,10,R103,R
9,10,43,9,95,105,10,R103,R
10,55,60,16,97,107,10,R103,R
11,30,60,16,124,134,10,R103,R
12,20,65,12,67,77,10,R103,R
13,50,35,19,0,205,10,R103,R
14,30,25,23,159,169,10,R103,R
15,15,10,20,0,187,10,R103,R
16,30,5,8,61,71,10,R103,R
17,10,20,19,0,190,10,R103,R
18,5,30,2,157,167,10,R103,R
19,20,40,12,0,204,10,R103,R
20,15,60,17,0,187,10,R103,R
21,45,65,9,0,188,10,R103,R
22,45,20,11,0,201,10,R103,R
23,45,10,18,97,107,10,R103,R
24,55,5,29,68,78,10,R103,R
25,65,35,3,0,190,10,R103,R
26,65,20,6,172,182,10,R103,R
27,45,30,17,0,208,10,R103,R
28,35,40,16,37,47,10,R103,R
29,41,37,16,0,213,10,R103,R
30,64,42,9,0,190,10,R103,R
31,40,60,21,71,81,10,R103,R
32,31,52,27,0,202,10,R103,R
33,35,69,23,0,186,10,R103,R
34,53,52,11,37,47,10,R103,R
35,65,55,14,0,183,10,R103,R
36,63,65,8,143,153,10,R103,R
37,2,60,5,41,51,10,R103,R
38,20,20,8,0,198,10,R103,R
39,5,5,16,83,93,10,R103,R
40,60,12,31,44,54,10,R103,R
41,40,25,9,85,95,10,R103,R
42,42,7,5,97,107,10,R103,R
43,24,12,5,31,41,10,R103,R
44,23,3,7,0,185,10,R103,R
45,11,14,18,69,79,10,R103,R
46,6,38,16,32,42,10,R103,R
47,2,48,1,0,184,10,R103,R
48,8,56,27,0,185,10,R103,R
49,13,52,36,0,192,10,R103,R
50,6,68,30,108,118,10,R103,R
51,47,47,13,0,203,10,R103,R
52,49,58,10,0,193,10,R103,R
53,27,43,9,0,208,10,R103,R
54,37,31,14,95,105,10,R103,R
55,57,29,18,0,197,10,R103,R
56,63,23,2,136,146,10,R103,R
57,53,12,6,130,140,10,R103,R
58,32,12,7,0,196,10,R103,R
59,36,26,18,200,210,10,R103,R
60,21,24,28,0,202,10,R103,R
61,17,34,3,0,201,10,R103,R
62,12,24,13,0,194,10,R103,R
63,24,58,19,58,68,10,R103,R
64,27,69,10,0,185,10,R103,R
65,15,77,9,73,83,10,R103,R
66,62,77,20,51,61,10,R103,R
67,49,73,25,127,137,10,R103,R
68,67,5,25,83,93,10,R103,R
69,56,39,36,142,152,10,R103,R
70,37,47,6,50,60,10,R103,R
71,37,56,5,182,192,10,R103,R
72,57,68,15,0,180,10,R103,R
73,47,16,25,0,197,10,R103,R
74,44,17,9,0,199,10,R103,R
75,46,13,8,149,159,10,R103,R
76,49,11,18,0,192,10,R103,R
77,49,42,13,73,83,10,R103,R
78,53,43,14,179,189,10,R103,R
79,61,52,3,96,106,10,R103,R
80,57,48,23,92,102,10,R103,R
81,56,37,6,182,192,10,R103,R
82,55,54,26,0,192,10,R103,R
83,15,47,16,0,196,10,R103,R
84,14,37,11,0,198,10,R103,R
85,11,31,7,101,111,10,R103,R
86,16,22,41,0,196,10,R103,R
87,4,18,35,0,184,10,R103,R
88,28,18,26,93,103,10,R103,R
89,26,52,9,74,84,10,R103,R
90,26,35,15,0,211,10,R103,R
91,31,67,3,0,187,10,R103,R
92,15,19,1,0,194,10,R103,R
93,22,22,2,18,28,10,R103,R
94,18,24,22,188,198,10,R103,R
95,26,27,27,0,207,10,R103,R
96,25,24,20,0,205,10,R103,R
97,22,27,11,0,204,10,R103,R
98,25,21,12,0,202,10,R103,R
99,19,21,10,0,198,10,R103,R
100,20,26,9,83,93,10,R103,R
101,18,18,17,185,195,10,R103,R
1,35,35,0,0,230,0,R104,R
2,41,49,10,0,204,10,R104,R
3,35,17,7,0,202,10,R104,R
4,55,45,13,0,197,10,R104,R
5,55,20,19,149,159,10,R104,R
6,15,30,26,0,199,10,R104,R
7,25,30,3,0,208,10,R104,R
8,20,50,5,0,198,10,R104,R
9,10,43,9,95,105,10,R104,R
10,55,60,16,97,107,10,R104,R
11,30,60,16,0,194,10,R104,R
12,20,65,12,67,77,10,R104,R
13,50,35,19,0,205,10,R104,R
14,30,25,23,159,169,10,R104,R
15,15,10,20,0,187,10,R104,R
16,30,5,8,61,71,10,R104,R
17,10,20,19,0,190,10,R104,R
18,5,30,2,0,189,10,R104,R
19,20,40,12,0,204,10,R104,R
20,15,60,17,0,187,10,R104,R
21,45,65,9,0,188,10,R104,R
22,45,20,11,0,201,10,R104,R
23,45,10,18,0,193,10,R104,R
24,55,5,29,68,78,10,R104,R
25,65,35,3,0,190,10,R104,R
26,65,20,6,172,182,10,R104,R
27,45,30,17,0,208,10,R104,R
28,35,40,16,0,215,10,R104,R
29,41,37,16,0,213,10,R104,R
30,64,42,9,0,190,10,R104,R
31,40,60,21,0,194,10,R104,R
32,31,52,27,0,202,10,R104,R
33,35,69,23,0,186,10,R104,R
34,53,52,11,0,195,10,R104,R
35,65,55,14,0,183,10,R104,R
36,63,65,8,0,178,10,R104,R
37,2,60,5,0,178,10,R104,R
38,20,20,8,0,198,10,R104,R
39,5,5,16,83,93,10,R104,R
40,60,12,31,0,186,10,R104,R
41,40,25,9,0,208,10,R104,R
42,42,7,5,0,191,10,R104,R
43,24,12,5,0,194,10,R104,R
44,23,3,7,0,185,10,R104,R
45,11,14,18,69,79,10,R104,R
46,6,38,16,0,190,10,R104,R
47,2,48,1,0,184,10,R104,R
48,8,56,27,0,185,10,R104,R
49,13,52,36,0,192,10,R104,R
50,6,68,30,0,176,10,R104,R
51,47,47,13,0,203,10,R104,R
52,49,58,10,0,193,10,R104,R
53,27,43,9,0,208,10,R104,R
54,37,31,14,95,105,10,R104,R
55,57,29,18,0,197,10,R104,R
56,63,23,2,136,146,10,R104,R
57,53,12,6,0,190,10,R104,R
58,32,12,7,0,196,10,R104,R
59,36,26,18,200,210,10,R104,R
60,21,24,28,0,202,10,R104,R
61,17,34,3,0,201,10,R104,R
62,12,24,13,0,194,10,R104,R
63,24,58,19,58,68,10,R104,R
64,27,69,10,0,185,10,R104,R
65,15,77,9,0,173,10,R104,R
66,62,77,20,0,170,10,R104,R
67,49,73,25,0,179,10,R104,R
68,67,5,25,83,93,10,R104,R
69,56,39,36,0,198,10,R104,R
70,37,47,6,50,60,10,R104,R
71,37,56,5,0,198,10,R104,R
72,57,68,15,0,180,10,R104,R
73,47,16,25,0,197,10,R104,R
74,44,17,9,0,199,10,R104,R
75,46,13,8,149,159,10,R104,R
76,49,11,18,0,192,10,R104,R
77,49,42,13,73,83,10,R104,R
78,53,43,14,179,189,10,R104,R
79,61,52,3,0,188,10,R104,R
80,57,48,23,92,102,10,R104,R
81,56,37,6,0,198,10,R104,R
82,55,54,26,0,192,10,R104,R
83,15,47,16,0,196,10,R104,R
84,14,37,11,0,198,10,R104,R
85,11,31,7,101,111,10,R104,R
86,16,22,41,0,196,10,R104,R
87,4,18,35,0,184,10,R104,R
88,28,18,26,93,103,10,R104,R
89,26,52,9,0,200,10,R104,R
90,26,35,15,0,211,10,R104,R
91,31,67,3,0,187,10,R104,R
92,15,19,1,0,194,10,R104,R
93,22,22,2,18,28,10,R104,R
94,18,24,22,0,199,10,R104,R
95,26,27,27,0,207,10,R104,R
96,25,24,20,0,205,10,R104,R
97,22,27,11,0,204,10,R104,R
98,25,21,12,0,202,10,R104,R
99,19,21,10,0,198,10,R104,R
100,20,26,9,83,93,10,R104,R
101,18,18,17,185,195,10,R104,R
1,35,35,0,0,230,0,R105,R
2,41,49,10,151,181,10,R105,R
3,35,17,7,40,70,10,R105,R
4,55,45,13,106,136,10,R105,R
5,55,20,19,139,169,10,R105,R
6,15,30,26,24,54,10,R105,R
7,25,30,3,89,119,10,R105,R
8,20,50,5,71,101,10,R105,R
9,10,43,9,85,115,10,R105,R
10,55,60,16,87,117,10,R105,R
11,30,60,16,114,144,10,R105,R
12,20,65,12,57,87,10,R105,R
13,50,35,19,53,83,10,R105,R
14,30,25,23,149,179,10,R105,R
15,15,10,20,32,62,10,R105,R
16,30,5,8,51,81,10,R105,R
17,10,20,19,65,95,10,R105,R
18,5,30,2,147,177,10,R105,R
19,20,40,12,77,107,10,R105,R
20,15,60,17,66,96,10,R105,R
21,45,65,9,116,146,10,R105,R
22,45,20,11,52,82,10,R105,R
23,45,10,18,87,117,10,R105,R
24,55,5,29,58,88,10,R105,R
25,65,35,3,143,173,10,R105,R
26,65,20,6,156,186,10,R105,R
27,45,30,17,122,152,10,R105,R
28,35,40,16,27,57,10,R105,R
29,41,37,16,29,59,10,R105,R
30,64,42,9,53,83,10,R105,R
31,40,60,21,61,91,10,R105,R
32,31,52,27,40,70,10,R105,R
33,35,69,23,131,161,10,R105,R
34,53,52,11,27,57,10,R105,R
35,65,55,14,107,137,10,R105,R
36,63,65,8,133,163,10,R105,R
37,2,60,5,41,71,10,R105,R
38,20,20,8,124,154,10,R105,R
39,5,5,16,73,103,10,R105,R
40,60,12,31,34,64,10,R105,R
41,40,25,9,75,105,10,R105,R
42,42,7,5,87,117,10,R105,R
43,24,12,5,25,55,10,R105,R
44,23,3,7,122,152,10,R105,R
45,11,14,18,59,89,10,R105,R
46,6,38,16,29,59,10,R105,R
47,2,48,1,107,137,10,R105,R
48,8,56,27,41,71,10,R105,R
49,13,52,36,155,185,10,R105,R
50,6,68,30,98,128,10,R105,R
51,47,47,13,114,144,10,R105,R
52,49,58,10,78,108,10,R105,R
53,27,43,9,42,72,10,R105,R
54,37,31,14,85,115,10,R105,R
55,57,29,18,130,160,10,R105,R
56,63,23,2,126,156,10,R105,R
57,53,12,6,120,150,10,R105,R
58,32,12,7,91,121,10,R105,R
59,36,26,18,180,210,10,R105,R
60,21,24,28,17,47,10,R105,R
61,17,34,3,152,182,10,R105,R
62,12,24,13,66,96,10,R105,R
63,24,58,19,48,78,10,R105,R
64,27,69,10,34,64,10,R105,R
65,15,77,9,63,93,10,R105,R
66,62,77,20,49,79,10,R105,R
67,49,73,25,117,147,10,R105,R
68,67,5,25,73,103,10,R105,R
69,56,39,36,132,162,10,R105,R
70,37,47,6,40,70,10,R105,R
71,37,56,5,168,198,10,R105,R
72,57,68,15,67,97,10,R105,R
73,47,16,25,25,55,10,R105,R
74,44,17,9,68,98,10,R105,R
75,46,13,8,139,169,10,R105,R
76,49,11,18,59,89,10,R105,R
77,49,42,13,63,93,10,R105,R
78,53,43,14,169,199,10,R105,R
79,61,52,3,86,116,10,R105,R
80,57,48,23,82,112,10,R105,R
81,56,37,6,168,198,10,R105,R
82,55,54,26,84,114,10,R105,R
83,15,47,16,45,75,10,R105,R
84,14,37,11,34,64,10,R105,R
85,11,31,7,91,121,10,R105,R
86,16,22,41,81,111,10,R105,R
87,4,18,35,84,114,10,R105,R
88,28,18,26,83,113,10,R105,R
89,26,52,9,64,94,10,R105,R
90,26,35,15,166,196,10,R105,R
91,31,67,3,85,115,10,R105,R
92,15,19,1,150,180,10,R105,R
93,22,22,2,18,48,10,R105,R
94,18,24,22,169,199,10,R105,R
95,26,27,27,90,120,10,R105,R
96,25,24,20,29,59,10,R105,R
97,22,27,11,125,155,10,R105,R
98,25,21,12,123,153,10,R105,R
99,19,21,10,48,78,10,R105,R
100,20,26,9,73,103,10,R105,R
101,18,18,17,165,195,10,R105,R
1,35,35,0,0,230,0,R106,R
2,41,49,10,0,204,10,R106,R
3,35,17,7,0,202,10,R106,R
4,55,45,13,0,197,10,R106,R
5,55,20,19,139,169,10,R106,R
6,15,30,26,0,199,10,R106,R
7,25,30,3,89,119,10,R106,R
8,20,50,5,0,198,10,R106,R
9,10,43,9,85,115,10,R106,R
10,55,60,16,87,117,10,R106,R
11,30,60,16,114,144,10,R106,R
12,20,65,12,57,87,10,R106,R
13,50,35,19,0,205,10,R106,R
14,30,25,23,149,179,10,R106,R
15,15,10,20,32,62,10,R106,R
16,30,5,8,51,81,10,R106,R
17,10,20,19,65,95,10,R106,R
18,5,30,2,147,177,10,R106,R
19,20,40,12,77,107,10,R106,R
20,15,60,17,66,96,10,R106,R
21,45,65,9,116,146,10,R106,R
22,45,20,11,0,201,10,R106,R
23,45,10,18,87,117,10,R106,R
24,55,5,29,58,88,10,R106,R
25,65,35,3,143,173,10,R106,R
26,65,20,6,156,186,10,R106,R
27,45,30,17,0,208,10,R106,R
28,35,40,16,27,57,10,R106,R
29,41,37,16,29,59,10,R106,R
30,64,42,9,53,83,10,R106,R
31,40,60,21,61,91,10,R106,R
32,31,52,27,0,202,10,R106,R
33,35,69,23,131,161,10,R106,R
34,53,52,11,27,57,10,R106,R
35,65,55,14,0,183,10,R106,R
36,63,65,8,133,163,10,R106,R
37,2,60,5,41,71,10,R106,R
38,20,20,8,0,198,10,R106,R
39,5,5,16,73,103,10,R106,R
40,60,12,31,34,64,10,R106,R
41,40,25,9,75,105,10,R106,R
42,42,7,5,87,117,10,R106,R
43,24,12,5,25,55,10,R106,R
44,23,3,7,122,152,10,R106,R
45,11,14,18,59,89,10,R106,R
46,6,38,16,29,59,10,R106,R
47,2,48,1,107,137,10,R106,R
48,8,56,27,41,71,10,R106,R
49,13,52,36,0,192,10,R106,R
50,6,68,30,98,128,10,R106,R
51,47,47,13,0,203,10,R106,R
52,49,58,10,78,108,10,R106,R
53,27,43,9,0,208,10,R106,R
54,37,31,14,85,115,10,R106,R
55,57,29,18,130,160,10,R106,R
56,63,23,2,126,156,10,R106,R
57,53,12,6,120,150,10,R106,R
58,32,12,7,91,121,10,R106,R
59,36,26,18,180,210,10,R106,R
60,21,24,28,0,202,10,R106,R
61,17,34,3,152,182,10,R106,R
62,12,24,13,66,96,10,R106,R
63,24,58,19,48,78,10,R106,R
64,27,69,10,34,64,10,R106,R
65,15,77,9,63,93,10,R106,R
66,62,77,20,49,79,10,R106,R
67,49,73,25,117,147,10,R106,R
68,67,5,25,73,103,10,R106,R
69,56,39,36,132,162,10,R106,R
70,37,47,6,40,70,10,R106,R
71,37,56,5,168,198,10,R106,R
72,57,68,15,67,97,10,R106,R
73,47,16,25,0,197,10,R106,R
74,44,17,9,68,98,10,R106,R
75,46,13,8,139,169,10,R106,R
76,49,11,18,0,192,10,R106,R
77,49,42,13,63,93,10,R106,R
78,53,43,14,169,199,10,R106,R
79,61,52,3,86,116,10,R106,R
80,57,48,23,82,112,10,R106,R
81,56,37,6,168,198,10,R106,R
82,55,54,26,84,114,10,R106,R
83,15,47,16,0,196,10,R106,R
84,14,37,11,0,198,10,R106,R
85,11,31,7,91,121,10,R106,R
86,16,22,41,0,196,10,R106,R
87,4,18,35,84,114,10,R106,R
88,28,18,26,83,113,10,R106,R
89,26,52,9,64,94,10,R106,R
90,26,35,15,166,196,10,R106,R
91,31,67,3,85,115,10,R106,R
92,15,19,1,0,194,10,R106,R
93,22,22,2,18,48,10,R106,R
94,18,24,22,169,199,10,R106,R
95,26,27,27,0,207,10,R106,R
96,25,24,20,0,205,10,R106,R
97,22,27,11,0,204,10,R106,R
98,25,21,12,123,153,10,R106,R
99,19,21,10,0,198,10,R106,R
100,20,26,9,73,103,10,R106,R
101,18,18,17,165,195,10,R106,R
1,35,35,0,0,230,0,R107,R
2,41,49,10,0,204,10,R107,R
3,35,17,7,0,202,10,R107,R
4,55,45,13,0,197,10,R107,R
5,55,20,19,139,169,10,R107,R
6,15,30,26,0,199,10,R107,R
7,25,30,3,89,119,10,R107,R
8,20,50,5,0,198,10,R107,R
9,10,43,9,85,115,10,R107,R
10,55,60,16,87,117,10,R107,R
11,30,60,16,114,144,10,R107,R
12,20,65,12,57,87,10,R107,R
13,50,35,19,0,205,10,R107,R
14,30,25,23,149,179,10,R107,R
15,15,10,20,0,187,10,R107,R
16,30,5,8,51,81,10,R107,R
17,10,20,19,0,190,10,R107,R
18,5,30,2,147,177,10,R107,R
19,20,40,12,0,204,10,R107,R
20,15,60,17,0,187,10,R107,R
21,45,65,9,0,188,10,R107,R
22,45,20,11,0,201,10,R107,R
23,45,10,18,87,117,10,R107,R
24,55,5,29,58,88,10,R107,R
25,65,35,3,0,190,10,R107,R
26,65,20,6,156,186,10,R107,R
27,45,30,17,0,208,10,R107,R
28,35,40,16,27,57,10,R107,R
29,41,37,16,0,213,10,R107,R
30,64,42,9,0,190,10,R107,R
31,40,60,21,61,91,10,R107,R
32,31,52,27,0,202,10,R107,R
33,35,69,23,0,186,10,R107,R
34,53,52,11,27,57,10,R107,R
35,65,55,14,0,183,10,R107,R
36,63,65,8,133,163,10,R107,R
37,2,60,5,41,71,10,R107,R
38,20,20,8,0,198,10,R107,R
39,5,5,16,73,103,10,R107,R
40,60,12,31,34,64,10,R107,R
41,40,25,9,75,105,10,R107,R
42,42,7,5,87,117,10,R107,R
43,24,12,5,25,55,10,R107,R
44,23,3,7,0,185,10,R107,R
45,11,14,18,59,89,10,R107,R
46,6,38,16,29,59,10,R107,R
47,2,48,1,0,184,10,R107,R
48,8,56,27,0,185,10,R107,R
49,13,52,36,0,192,10,R107,R
50,6,68,30,98,128,10,R107,R
51,47,47,13,0,203,10,R107,R
52,49,58,10,0,193,10,R107,R
53,27,43,9,0,208,10,R107,R
54,37,31,14,85,115,10,R107,R
55,57,29,18,0,197,10,R107,R
56,63,23,2,126,156,10,R107,R
57,53,12,6,120,150,10,R107,R
58,32,12,7,0,196,10,R107,R
59,36,26,18,180,210,10,R107,R
60,21,24,28,0,202,10,R107,R
61,17,34,3,0,201,10,R107,R
62,12,24,13,0,194,10,R107,R
63,24,58,19,48,78,10,R107,R
64,27,69,10,0,185,10,R107,R
65,15,77,9,63,93,10,R107,R
66,62,77,20,49,79,10,R107,R
67,49,73,25,117,147,10,R107,R
68,67,5,25,73,103,10,R107,R
69,56,39,36,132,162,10,R107,R
70,37,47,6,40,70,10,R107,R
71,37,56,5,168,198,10,R107,R
72,57,68,15,0,180,10,R107,R
73,47,16,25,0,197,10,R107,R
74,44,17,9,0,199,10,R107,R
75,46,13,8,139,169,10,R107,R
76,49,11,18,0,192,10,R107,R
77,49,42,13,63,93,10,R107,R
78,53,43,14,169,199,10,R107,R
79,61,52,3,86,116,10,R107,R
80,57,48,23,82,112,10,R107,R
81,56,37,6,168,198,10,R107,R
82,55,54,26,0,192,10,R107,R
83,15,47,16,0,196,10,R107,R
84,14,37,11,0,198,10,R107,R
85,11,31,7,91,121,10,R107,R
86,16,22,41,0,196,10,R107,R
87,4,18,35,0,184,10,R107,R
88,28,18,26,83,113,10,R107,R
89,26,52,9,64,94,10,R107,R
90,26,35,15,0,211,10,R107,R
91,31,67,3,0,187,10,R107,R
92,15,19,1,0,194,10,R107,R
93,22,22,2,18,48,10,R107,R
94,18,24,22,169,199,10,R107,R
95,26,27,27,0,207,10,R107,R
96,25,24,20,0,205,10,R107,R
97,22,27,11,0,204,10,R107,R
98,25,21,12,0,202,10,R107,R
99,19,21,10,0,198,10,R107,R
100,20,26,9,73,103,10,R107,R
101,18,18,17,165,195,10,R107,R
1,35,35,0,0,230,0,R108,R
2,41,49,10,0,204,10,R108,R
3,35,17,7,0,202,10,R108,R
4,55,45,13,0,197,10,R108,R
5,55,20,19,139,169,10,R108,R
6,15,30,26,0,199,10,R108,R
7,25,30,3,0,208,10,R108,R
8,20,50,5,0,198,10,R108,R
9,10,43,9,85,115,10,R108,R
10,55,60,16,87,117,10,R108,R
11,30,60,16,0,194,10,R108,R
12,20,65,12,57,87,10,R108,R
13,50,35,19,0,205,10,R108,R
14,30,25,23,149,179,10,R108,R
15,15,10,20,0,187,10,R108,R
16,30,5,8,51,81,10,R108,R
17,10,20,19,0,190,10,R108,R
18,5,30,2,0,189,10,R108,R
19,20,40,12,0,204,10,R108,R
20,15,60,17,0,187,10,R108,R
21,45,65,9,0,188,10,R108,R
22,45,20,11,0,201,10,R108,R
23,45,10,18,0,193,10,R108,R
24,55,5,29,58,88,10,R108,R
25,65,35,3,0,190,10,R108,R
26,65,20,6,156,186,10,R108,R
27,45,30,17,0,208,10,R108,R
28,35,40,16,0,215,10,R108,R
29,41,37,16,0,213,10,R108,R
30,64,42,9,0,190,10,R108,R
31,40,60,21,0,194,10,R108,R
32,31,52,27,0,202,10,R108,R
33,35,69,23,0,186,10,R108,R
34,53,52,11,0,195,10,R108,R
35,65,55,14,0,183,10,R108,R
36,63,65,8,0,178,10,R108,R
37,2,60,5,0,178,10,R108,R
38,20,20,8,0,198,10,R108,R
39,5,5,16,73,103,10,R108,R
40,60,12,31,0,186,10,R108,R
41,40,25,9,0,208,10,R108,R
42,42,7,5,0,191,10,R108,R
43,24,12,5,0,194,10,R108,R
44,23,3,7,0,185,10,R108,R
45,11,14,18,59,89,10,R108,R
46,6,38,16,0,190,10,R108,R
47,2,48,1,0,184,10,R108,R
48,8,56,27,0,185,10,R108,R
49,13,52,36,0,192,10,R108,R
50,6,68,30,0,176,10,R108,R
51,47,47,13,0,203,10,R108,R
52,49,58,10,0,193,10,R108,R
53,27,43,9,0,208,10,R108,R
54,37,31,14,85,115,10,R108,R
55,57,29,18,0,197,10,R108,R
56,63,23,2,126,156,10,R108,R
57,53,12,6,0,190,10,R108,R
58,32,12,7,0,196,10,R108,R
59,36,26,18,180,210,10,R108,R
60,21,24,28,0,202,10,R108,R
61,17,34,3,0,201,10,R108,R
62,12,24,13,0,194,10,R108,R
63,24,58,19,48,78,10,R108,R
64,27,69,10,0,185,10,R108,R
65,15,77,9,0,173,10,R108,R
66,62,77,20,0,170,10,R108,R
67,49,73,25,0,179,10,R108,R
68,67,5,25,73,103,10,R108,R
69,56,39,36,0,198,10,R108,R
70,37,47,6,40,70,10,R108,R
71,37,56,5,0,198,10,R108,R
72,57,68,15,0,180,10,R108,R
73,47,16,25,0,197,10,R108,R
74,44,17,9,0,199,10,R108,R
75,46,13,8,139,169,10,R108,R
76,49,11,18,0,192,10,R108,R
77,49,42,13,63,93,10,R108,R
78,53,43,14,169,199,10,R108,R
79,61,52,3,0,188,10,R108,R
80,57,48,23,82,112,10,R108,R
81,56,37,6,0,198,10,R108,R
82,55,54,26,0,192,10,R108,R
83,15,47,16,0,196,10,R108,R
84,14,37,11,0,198,10,R108,R
85,11,31,7,91,121,10,R108,R
86,16,22,41,0,196,10,R108,R
87,4,18,35,0,184,10,R108,R
88,28,18,26,83,113,10,R108,R
89,26,52,9,0,200,10,R108,R
90,26,35,15,0,211,10,R108,R
91,31,67,3,0,187,10,R108,R
92,15,19,1,0,194,10,R108,R
93,22,22,2,18,48,10,R108,R
94,18,24,22,0,199,10,R108,R
95,26,27,27,0,207,10,R108,R
96,25,24,20,0,205,10,R108,R
97,22,27,11,0,204,10,R108,R
98,25,21,12,0,202,10,R108,R
99,19,21,10,0,198,10,R108,R
100,20,26,9,73,103,10,R108,R
101,18,18,17,165,195,10,R108,R
1,35,35,0,0,230,0,R109,R
2,41,49,10,133,198,10,R109,R
3,35,17,7,22,87,10,R109,R
4,55,45,13,98,143,10,R109,R
5,55,20,19,123,184,10,R109,R
6,15,30,26,20,93,10,R109,R
7,25,30,3,76,131,10,R109,R
8,20,50,5,61,110,10,R109,R
9,10,43,9,75,124,10,R109,R
10,55,60,16,74,129,10,R109,R
11,30,60,16,107,150,10,R109,R
12,20,65,12,42,101,10,R109,R
13,50,35,19,38,97,10,R109,R
14,30,25,23,131,196,10,R109,R
15,15,10,20,32,114,10,R109,R
16,30,5,8,35,96,10,R109,R
17,10,20,19,52,107,10,R109,R
18,5,30,2,124,189,10,R109,R
19,20,40,12,69,114,10,R109,R
20,15,60,17,52,109,10,R109,R
21,45,65,9,105,156,10,R109,R
22,45,20,11,37,96,10,R109,R
23,45,10,18,76,127,10,R109,R
24,55,5,29,43,102,10,R109,R
25,65,35,3,124,190,10,R109,R
26,65,20,6,121,186,10,R109,R
27,45,30,17,112,161,10,R109,R
28,35,40,16,8,75,10,R109,R
29,41,37,16,11,76,10,R109,R
30,64,42,9,37,98,10,R109,R
31,40,60,21,49,102,10,R109,R
32,31,52,27,24,85,10,R109,R
33,35,69,23,116,175,10,R109,R
34,53,52,11,24,92,10,R109,R
35,65,55,14,96,147,10,R109,R
36,63,65,8,116,178,10,R109,R
37,2,60,5,41,112,10,R109,R
38,20,20,8,113,164,10,R109,R
39,5,5,16,60,115,10,R109,R
40,60,12,31,33,110,10,R109,R
41,40,25,9,65,114,10,R109,R
42,42,7,5,72,131,10,R109,R
43,24,12,5,25,91,10,R109,R
44,23,3,7,111,162,10,R109,R
45,11,14,18,45,102,10,R109,R
46,6,38,16,29,99,10,R109,R
47,2,48,1,92,151,10,R109,R
48,8,56,27,34,105,10,R109,R
49,13,52,36,128,192,10,R109,R
50,6,68,30,93,132,10,R109,R
51,47,47,13,102,155,10,R109,R
52,49,58,10,64,121,10,R109,R
53,27,43,9,26,87,10,R109,R
54,37,31,14,75,124,10,R109,R
55,57,29,18,118,171,10,R109,R
56,63,23,2,111,170,10,R109,R
57,53,12,6,106,163,10,R109,R
58,32,12,7,77,134,10,R109,R
59,36,26,18,147,210,10,R109,R
60,21,24,28,17,100,10,R109,R
61,17,34,3,134,199,10,R109,R
62,12,24,13,55,106,10,R109,R
63,24,58,19,30,95,10,R109,R
64,27,69,10,34,103,10,R109,R
65,15,77,9,48,107,10,R109,R
66,62,77,20,49,113,10,R109,R
67,49,73,25,104,159,10,R109,R
68,67,5,25,59,116,10,R109,R
69,56,39,36,117,176,10,R109,R
70,37,47,6,23,86,10,R109,R
71,37,56,5,123,198,10,R109,R
72,57,68,15,54,109,10,R109,R
73,47,16,25,22,96,10,R109,R
74,44,17,9,56,109,10,R109,R
75,46,13,8,123,184,10,R109,R
76,49,11,18,45,102,10,R109,R
77,49,42,13,52,103,10,R109,R
78,53,43,14,136,200,10,R109,R
79,61,52,3,71,130,10,R109,R
80,57,48,23,72,121,10,R109,R
81,56,37,6,135,198,10,R109,R
82,55,54,26,78,119,10,R109,R
83,15,47,16,29,90,10,R109,R
84,14,37,11,21,89,10,R109,R
85,11,31,7,81,130,10,R109,R
86,16,22,41,70,121,10,R109,R
87,4,18,35,74,123,10,R109,R
88,28,18,26,79,116,10,R109,R
89,26,52,9,50,107,10,R109,R
90,26,35,15,139,211,10,R109,R
91,31,67,3,73,126,10,R109,R
92,15,19,1,132,194,10,R109,R
93,22,22,2,18,88,10,R109,R
94,18,24,22,129,199,10,R109,R
95,26,27,27,81,128,10,R109,R
96,25,24,20,14,78,10,R109,R
97,22,27,11,114,165,10,R109,R
98,25,21,12,115,160,10,R109,R
99,19,21,10,32,93,10,R109,R
100,20,26,9,60,115,10,R109,R
101,18,18,17,123,195,10,R109,R
1,35,35,0,0,230,0,R110,R
2,41,49,10,130,201,10,R110,R
3,35,17,7,20,89,10,R110,R
4,55,45,13,106,135,10,R110,R
5,55,20,19,71,195,10,R110,R
6,15,30,26,20,107,10,R110,R
7,25,30,3,54,153,10,R110,R
8,20,50,5,66,105,10,R110,R
9,10,43,9,61,138,10,R110,R
10,55,60,16,53,150,10,R110,R
11,30,60,16,101,156,10,R110,R
12,20,65,12,33,152,10,R110,R
13,50,35,19,38,97,10,R110,R
14,30,25,23,70,208,10,R110,R
15,15,10,20,32,137,10,R110,R
16,30,5,8,30,154,10,R110,R
17,10,20,19,54,105,10,R110,R
18,5,30,2,51,189,10,R110,R
19,20,40,12,77,106,10,R110,R
20,15,60,17,53,108,10,R110,R
21,45,65,9,109,152,10,R110,R
22,45,20,11,37,96,10,R110,R
23,45,10,18,59,144,10,R110,R
24,55,5,29,36,155,10,R110,R
25,65,35,3,118,190,10,R110,R
26,65,20,6,47,186,10,R110,R
27,45,30,17,117,156,10,R110,R
28,35,40,16,5,156,10,R110,R
29,41,37,16,8,79,10,R110,R
30,64,42,9,37,98,10,R110,R
31,40,60,21,28,123,10,R110,R
32,31,52,27,24,85,10,R110,R
33,35,69,23,116,175,10,R110,R
34,53,52,11,24,179,10,R110,R
35,65,55,14,100,143,10,R110,R
36,63,65,8,50,178,10,R110,R
37,2,60,5,41,178,10,R110,R
38,20,20,8,117,160,10,R110,R
39,5,5,16,42,145,10,R110,R
40,60,12,31,33,186,10,R110,R
41,40,25,9,51,128,10,R110,R
42,42,7,5,44,159,10,R110,R
43,24,12,5,25,172,10,R110,R
44,23,3,7,115,158,10,R110,R
45,11,14,18,31,138,10,R110,R
46,6,38,16,29,189,10,R110,R
47,2,48,1,93,150,10,R110,R
48,8,56,27,34,116,10,R110,R
49,13,52,36,125,192,10,R110,R
50,6,68,30,93,132,10,R110,R
51,47,47,13,105,152,10,R110,R
52,49,58,10,66,119,10,R110,R
53,27,43,9,25,88,10,R110,R
54,37,31,14,62,137,10,R110,R
55,57,29,18,121,168,10,R110,R
56,63,23,2,70,189,10,R110,R
57,53,12,6,81,188,10,R110,R
58,32,12,7,78,133,10,R110,R
59,36,26,18,79,210,10,R110,R
60,21,24,28,17,123,10,R110,R
61,17,34,3,130,201,10,R110,R
62,12,24,13,59,102,10,R110,R
63,24,58,19,25,164,10,R110,R
64,27,69,10,34,112,10,R110,R
65,15,77,9,46,165,10,R110,R
66,62,77,20,49,170,10,R110,R
67,49,73,25,77,179,10,R110,R
68,67,5,25,43,150,10,R110,R
69,56,39,36,82,198,10,R110,R
70,37,47,6,12,142,10,R110,R
71,37,56,5,21,198,10,R110,R
72,57,68,15,57,106,10,R110,R
73,47,16,25,22,110,10,R110,R
74,44,17,9,60,105,10,R110,R
75,46,13,8,73,195,10,R110,R
76,49,11,18,46,101,10,R110,R
77,49,42,13,36,119,10,R110,R
78,53,43,14,65,200,10,R110,R
79,61,52,3,43,158,10,R110,R
80,57,48,23,58,135,10,R110,R
81,56,37,6,69,198,10,R110,R
82,55,54,26,87,110,10,R110,R
83,15,47,16,28,91,10,R110,R
84,14,37,11,21,97,10,R110,R
85,11,31,7,68,143,10,R110,R
86,16,22,41,74,117,10,R110,R
87,4,18,35,79,118,10,R110,R
88,28,18,26,84,111,10,R110,R
89,26,52,9,24,133,10,R110,R
90,26,35,15,128,211,10,R110,R
91,31,67,3,76,123,10,R110,R
92,15,19,1,130,194,10,R110,R
93,22,22,2,18,181,10,R110,R
94,18,24,22,41,199,10,R110,R
95,26,27,27,88,121,10,R110,R
96,25,24,20,14,83,10,R110,R
97,22,27,11,119,160,10,R110,R
98,25,21,12,122,153,10,R110,R
99,19,21,10,32,93,10,R110,R
100,20,26,9,38,137,10,R110,R
101,18,18,17,28,195,10,R110,R
1,35,35,0,0,230,0,R111,R
2,41,49,10,15,204,10,R111,R
3,35,17,7,18,202,10,R111,R
4,55,45,13,54,187,10,R111,R
5,55,20,19,138,169,10,R111,R
6,15,30,26,20,199,10,R111,R
7,25,30,3,76,131,10,R111,R
8,20,50,5,21,170,10,R111,R
9,10,43,9,87,112,10,R111,R
10,55,60,16,88,115,10,R111,R
11,30,60,16,107,150,10,R111,R
12,20,65,12,57,86,10,R111,R
13,50,35,19,15,192,10,R111,R
14,30,25,23,147,180,10,R111,R
15,15,10,20,32,187,10,R111,R
16,30,5,8,50,81,10,R111,R
17,10,20,19,29,139,10,R111,R
18,5,30,2,124,189,10,R111,R
19,20,40,12,47,136,10,R111,R
20,15,60,17,32,146,10,R111,R
21,45,65,9,79,182,10,R111,R
22,45,20,11,18,195,10,R111,R
23,45,10,18,76,127,10,R111,R
24,55,5,29,58,87,10,R111,R
25,65,35,3,58,190,10,R111,R
26,65,20,6,153,186,10,R111,R
27,45,30,17,58,208,10,R111,R
28,35,40,16,8,75,10,R111,R
29,41,37,16,6,136,10,R111,R
30,64,42,9,29,150,10,R111,R
31,40,60,21,49,102,10,R111,R
32,31,52,27,17,198,10,R111,R
33,35,69,23,67,186,10,R111,R
34,53,52,11,24,92,10,R111,R
35,65,55,14,36,183,10,R111,R
36,63,65,8,116,178,10,R111,R
37,2,60,5,41,112,10,R111,R
38,20,20,8,42,198,10,R111,R
39,5,5,16,74,101,10,R111,R
40,60,12,31,33,110,10,R111,R
41,40,25,9,65,114,10,R111,R
42,42,7,5,72,131,10,R111,R
43,24,12,5,25,91,10,R111,R
44,23,3,7,82,185,10,R111,R
45,11,14,18,59,88,10,R111,R
46,6,38,16,29,99,10,R111,R
47,2,48,1,63,180,10,R111,R
48,8,56,27,34,176,10,R111,R
49,13,52,36,27,192,10,R111,R
50,6,68,30,93,132,10,R111,R
51,47,47,13,41,203,10,R111,R
52,49,58,10,36,149,10,R111,R
53,27,43,9,11,195,10,R111,R
54,37,31,14,87,112,10,R111,R
55,57,29,18,90,197,10,R111,R
56,63,23,2,126,155,10,R111,R
57,53,12,6,106,163,10,R111,R
58,32,12,7,48,163,10,R111,R
59,36,26,18,178,210,10,R111,R
60,21,24,28,17,202,10,R111,R
61,17,34,3,70,201,10,R111,R
62,12,24,13,29,132,10,R111,R
63,24,58,19,46,79,10,R111,R
64,27,69,10,34,172,10,R111,R
65,15,77,9,48,107,10,R111,R
66,62,77,20,49,113,10,R111,R
67,49,73,25,104,159,10,R111,R
68,67,5,25,73,102,10,R111,R
69,56,39,36,117,176,10,R111,R
70,37,47,6,39,70,10,R111,R
71,37,56,5,123,198,10,R111,R
72,57,68,15,39,148,10,R111,R
73,47,16,25,22,197,10,R111,R
74,44,17,9,30,135,10,R111,R
75,46,13,8,138,169,10,R111,R
76,49,11,18,27,192,10,R111,R
77,49,42,13,65,90,10,R111,R
78,53,43,14,168,199,10,R111,R
79,61,52,3,71,130,10,R111,R
80,57,48,23,84,109,10,R111,R
81,56,37,6,135,198,10,R111,R
82,55,54,26,57,140,10,R111,R
83,15,47,16,23,196,10,R111,R
84,14,37,11,21,198,10,R111,R
85,11,31,7,93,118,10,R111,R
86,16,22,41,23,177,10,R111,R
87,4,18,35,49,148,10,R111,R
88,28,18,26,88,107,10,R111,R
89,26,52,9,50,107,10,R111,R
90,26,35,15,68,211,10,R111,R
91,31,67,3,46,153,10,R111,R
92,15,19,1,25,194,10,R111,R
93,22,22,2,18,53,10,R111,R
94,18,24,22,129,199,10,R111,R
95,26,27,27,35,174,10,R111,R
96,25,24,20,14,205,10,R111,R
97,22,27,11,51,204,10,R111,R
98,25,21,12,92,183,10,R111,R
99,19,21,10,21,198,10,R111,R
100,20,26,9,74,101,10,R111,R
101,18,18,17,159,195,10,R111,R
1,35,35,0,0,230,0,R112,R
2,41,49,10,73,204,10,R112,R
3,35,17,7,18,147,10,R112,R
4,55,45,13,76,165,10,R112,R
5,55,20,19,73,195,10,R112,R
6,15,30,26,20,167,10,R112,R
7,25,30,3,49,158,10,R112,R
8,20,50,5,36,135,10,R112,R
9,10,43,9,50,149,10,R112,R
10,55,60,16,47,156,10,R112,R
11,30,60,16,85,172,10,R112,R
12,20,65,12,33,152,10,R112,R
13,50,35,19,15,133,10,R112,R
14,30,25,23,79,208,10,R112,R
15,15,10,20,32,187,10,R112,R
16,30,5,8,30,152,10,R112,R
17,10,20,19,29,139,10,R112,R
18,5,30,2,60,189,10,R112,R
19,20,40,12,47,136,10,R112,R
20,15,60,17,32,146,10,R112,R
21,45,65,9,79,182,10,R112,R
22,45,20,11,18,136,10,R112,R
23,45,10,18,50,153,10,R112,R
24,55,5,29,36,155,10,R112,R
25,65,35,3,58,190,10,R112,R
26,65,20,6,56,186,10,R112,R
27,45,30,17,87,186,10,R112,R
28,35,40,16,5,140,10,R112,R
29,41,37,16,6,136,10,R112,R
30,64,42,9,29,150,10,R112,R
31,40,60,21,25,132,10,R112,R
32,31,52,27,17,138,10,R112,R
33,35,69,23,67,186,10,R112,R
34,53,52,11,24,161,10,R112,R
35,65,55,14,70,173,10,R112,R
36,63,65,8,54,178,10,R112,R
37,2,60,5,41,178,10,R112,R
38,20,20,8,87,190,10,R112,R
39,5,5,16,42,153,10,R112,R
40,60,12,31,33,186,10,R112,R
41,40,25,9,40,139,10,R112,R
42,42,7,5,43,160,10,R112,R
43,24,12,5,25,158,10,R112,R
44,23,3,7,82,185,10,R112,R
45,11,14,18,31,144,10,R112,R
46,6,38,16,29,169,10,R112,R
47,2,48,1,63,180,10,R112,R
48,8,56,27,34,176,10,R112,R
49,13,52,36,65,192,10,R112,R
50,6,68,30,73,152,10,R112,R
51,47,47,13,75,182,10,R112,R
52,49,58,10,36,149,10,R112,R
53,27,43,9,11,133,10,R112,R
54,37,31,14,51,148,10,R112,R
55,57,29,18,90,197,10,R112,R
56,63,23,2,69,189,10,R112,R
57,53,12,6,76,190,10,R112,R
58,32,12,7,48,163,10,R112,R
59,36,26,18,84,210,10,R112,R
60,21,24,28,17,183,10,R112,R
61,17,34,3,70,201,10,R112,R
62,12,24,13,29,132,10,R112,R
63,24,58,19,25,154,10,R112,R
64,27,69,10,34,172,10,R112,R
65,15,77,9,46,165,10,R112,R
66,62,77,20,49,170,10,R112,R
67,49,73,25,68,179,10,R112,R
68,67,5,25,43,156,10,R112,R
69,56,39,36,80,198,10,R112,R
70,37,47,6,12,137,10,R112,R
71,37,56,5,48,198,10,R112,R
72,57,68,15,39,148,10,R112,R
73,47,16,25,22,170,10,R112,R
74,44,17,9,30,135,10,R112,R
75,46,13,8,74,195,10,R112,R
76,49,11,18,27,141,10,R112,R
77,49,42,13,27,128,10,R112,R
78,53,43,14,72,200,10,R112,R
79,61,52,3,42,159,10,R112,R
80,57,48,23,47,146,10,R112,R
81,56,37,6,73,198,10,R112,R
82,55,54,26,57,140,10,R112,R
83,15,47,16,23,146,10,R112,R
84,14,37,11,21,157,10,R112,R
85,11,31,7,57,154,10,R112,R
86,16,22,41,44,147,10,R112,R
87,4,18,35,49,148,10,R112,R
88,28,18,26,61,134,10,R112,R
89,26,52,9,21,136,10,R112,R
90,26,35,15,68,211,10,R112,R
91,31,67,3,46,153,10,R112,R
92,15,19,1,70,194,10,R112,R
93,22,22,2,18,159,10,R112,R
94,18,24,22,60,199,10,R112,R
95,26,27,27,58,151,10,R112,R
96,25,24,20,14,143,10,R112,R
97,22,27,11,89,190,10,R112,R
98,25,21,12,92,183,10,R112,R
99,19,21,10,21,142,10,R112,R
100,20,26,9,33,142,10,R112,R
101,18,18,17,51,195,10,R112,R
1,35,35,0,0,1000,0,R201,R
2,41,49,10,707,848,10,R201,R
3,35,17,7,143,282,10,R201,R
4,55,45,13,527,584,10,R201,R
5,55,20,19,678,801,10,R201,R
6,15,30,26,34,209,10,R201,R
7,25,30,3,415,514,10,R201,R
8,20,50,5,331,410,10,R201,R
9,10,43,9,404,481,10,R201,R
10,55,60,16,400,497,10,R201,R
11,30,60,16,577,632,10,R201,R
12,20,65,12,206,325,10,R201,R
13,50,35,19,228,345,10,R201,R
14,30,25,23,690,827,10,R201,R
15,15,10,20,32,243,10,R201,R
16,30,5,8,175,300,10,R201,R
17,10,20,19,272,373,10,R201,R
18,5,30,2,733,870,10,R201,R
19,20,40,12,377,434,10,R201,R
20,15,60,17,269,378,10,R201,R
21,45,65,9,581,666,10,R201,R
22,45,20,11,214,331,10,R201,R
23,45,10,18,409,494,10,R201,R
24,55,5,29,206,325,10,R201,R
25,65,35,3,704,847,10,R201,R
26,65,20,6,817,956,10,R201,R
27,45,30,17,588,667,10,R201,R
28,35,40,16,104,255,10,R201,R
29,41,37,16,114,255,10,R201,R
30,64,42,9,190,313,10,R201,R
31,40,60,21,259,354,10,R201,R
32,31,52,27,152,275,10,R201,R
33,35,69,23,660,777,10,R201,R
34,53,52,11,45,200,10,R201,R
35,65,55,14,529,614,10,R201,R
36,63,65,8,686,813,10,R201,R
37,2,60,5,41,208,10,R201,R
38,20,20,8,606,693,10,R201,R
39,5,5,16,302,405,10,R201,R
40,60,12,31,33,224,10,R201,R
41,40,25,9,360,437,10,R201,R
42,42,7,5,396,511,10,R201,R
43,24,12,5,25,172,10,R201,R
44,23,3,7,620,705,10,R201,R
45,11,14,18,233,340,10,R201,R
46,6,38,16,29,189,10,R201,R
47,2,48,1,515,628,10,R201,R
48,8,56,27,85,250,10,R201,R
49,13,52,36,773,906,10,R201,R
50,6,68,30,501,540,10,R201,R
51,47,47,13,547,642,10,R201,R
52,49,58,10,348,453,10,R201,R
53,27,43,9,174,299,10,R201,R
54,37,31,14,414,489,10,R201,R
55,57,29,18,641,734,10,R201,R
56,63,23,2,620,739,10,R201,R
57,53,12,6,585,692,10,R201,R
58,32,12,7,421,530,10,R201,R
59,36,26,18,849,980,10,R201,R
60,21,24,28,17,229,10,R201,R
61,17,34,3,721,862,10,R201,R
62,12,24,13,290,377,10,R201,R
63,24,58,19,163,302,10,R201,R
64,27,69,10,34,191,10,R201,R
65,15,77,9,214,333,10,R201,R
66,62,77,20,49,188,10,R201,R
67,49,73,25,592,693,10,R201,R
68,67,5,25,294,401,10,R201,R
69,56,39,36,637,752,10,R201,R
70,37,47,6,162,293,10,R201,R
71,37,56,5,788,968,10,R201,R
72,57,68,15,268,367,10,R201,R
73,47,16,25,31,208,10,R201,R
74,44,17,9,308,399,10,R201,R
75,46,13,8,681,802,10,R201,R
76,49,11,18,236,345,10,R201,R
77,49,42,13,290,373,10,R201,R
78,53,43,14,817,952,10,R201,R
79,61,52,3,384,499,10,R201,R
80,57,48,23,388,465,10,R201,R
81,56,37,6,839,968,10,R201,R
82,55,54,26,411,456,10,R201,R
83,15,47,16,162,289,10,R201,R
84,14,37,11,96,249,10,R201,R
85,11,31,7,436,511,10,R201,R
86,16,22,41,376,461,10,R201,R
87,4,18,35,388,465,10,R201,R
88,28,18,26,420,447,10,R201,R
89,26,52,9,279,388,10,R201,R
90,26,35,15,755,920,10,R201,R
91,31,67,3,392,487,10,R201,R
92,15,19,1,739,866,10,R201,R
93,22,22,2,18,181,10,R201,R
94,18,24,22,811,969,10,R201,R
95,26,27,27,436,503,10,R201,R
96,25,24,20,92,231,10,R201,R
97,22,27,11,607,690,10,R201,R
98,25,21,12,612,673,10,R201,R
99,19,21,10,183,306,10,R201,R
100,20,26,9,333,432,10,R201,R
101,18,18,17,798,965,10,R201,R
1,35,35,0,0,1000,0,R202,R
2,41,49,10,0,974,10,R202,R
3,35,17,7,0,972,10,R202,R
4,55,45,13,0,967,10,R202,R
5,55,20,19,678,801,10,R202,R
6,15,30,26,0,969,10,R202,R
7,25,30,3,415,514,10,R202,R
8,20,50,5,0,968,10,R202,R
9,10,43,9,404,481,10,R202,R
10,55,60,16,400,497,10,R202,R
11,30,60,16,577,632,10,R202,R
12,20,65,12,206,325,10,R202,R
13,50,35,19,0,975,10,R202,R
14,30,25,23,690,827,10,R202,R
15,15,10,20,32,243,10,R202,R
16,30,5,8,175,300,10,R202,R
17,10,20,19,272,373,10,R202,R
18,5,30,2,733,870,10,R202,R
19,20,40,12,377,434,10,R202,R
20,15,60,17,269,378,10,R202,R
21,45,65,9,581,666,10,R202,R
22,45,20,11,0,971,10,R202,R
23,45,10,18,409,494,10,R202,R
24,55,5,29,206,325,10,R202,R
25,65,35,3,704,847,10,R202,R
26,65,20,6,817,956,10,R202,R
27,45,30,17,0,978,10,R202,R
28,35,40,16,104,255,10,R202,R
29,41,37,16,114,255,10,R202,R
30,64,42,9,190,313,10,R202,R
31,40,60,21,259,354,10,R202,R
32,31,52,27,0,972,10,R202,R
33,35,69,23,660,777,10,R202,R
34,53,52,11,45,200,10,R202,R
35,65,55,14,0,953,10,R202,R
36,63,65,8,686,813,10,R202,R
37,2,60,5,41,208,10,R202,R
38,20,20,8,0,968,10,R202,R
39,5,5,16,302,405,10,R202,R
40,60,12,31,33,224,10,R202,R
41,40,25,9,360,437,10,R202,R
42,42,7,5,396,511,10,R202,R
43,24,12,5,25,172,10,R202,R
44,23,3,7,620,705,10,R202,R
45,11,14,18,233,340,10,R202,R
46,6,38,16,29,189,10,R202,R
47,2,48,1,515,628,10,R202,R
48,8,56,27,85,250,10,R202,R
49,13,52,36,0,962,10,R202,R
50,6,68,30,501,540,10,R202,R
51,47,47,13,0,973,10,R202,R
52,49,58,10,348,453,10,R202,R
53,27,43,9,0,978,10,R202,R
54,37,31,14,414,489,10,R202,R
55,57,29,18,641,734,10,R202,R
56,63,23,2,620,739,10,R202,R
57,53,12,6,585,692,10,R202,R
58,32,12,7,421,530,10,R202,R
59,36,26,18,849,980,10,R202,R
60,21,24,28,0,972,10,R202,R
61,17,34,3,721,862,10,R202,R
62,12,24,13,290,377,10,R202,R
63,24,58,19,163,302,10,R202,R
64,27,69,10,34,191,10,R202,R
65,15,77,9,214,333,10,R202,R
66,62,77,20,49,188,10,R202,R
67,49,73,25,592,693,10,R202,R
68,67,5,25,294,401,10,R202,R
69,56,39,36,637,752,10,R202,R
70,37,47,6,162,293,10,R202,R
71,37,56,5,788,968,10,R202,R
72,57,68,15,268,367,10,R202,R
73,47,16,25,0,967,10,R202,R
74,44,17,9,308,399,10,R202,R
75,46,13,8,681,802,10,R202,R
76,49,11,18,0,962,10,R202,R
77,49,42,13,290,373,10,R202,R
78,53,43,14,817,952,10,R202,R
79,61,52,3,384,499,10,R202,R
80,57,48,23,388,465,10,R202,R
81,56,37,6,839,968,10,R202,R
82,55,54,26,411,456,10,R202,R
83,15,47,16,0,966,10,R202,R
84,14,37,11,0,968,10,R202,R
85,11,31,7,436,511,10,R202,R
86,16,22,41,0,966,10,R202,R
87,4,18,35,388,465,10,R202,R
88,28,18,26,420,447,10,R202,R
89,26,52,9,279,388,10,R202,R
90,26,35,15,755,920,10,R202,R
91,31,67,3,392,487,10,R202,R
92,15,19,1,0,964,10,R202,R
93,22,22,2,18,181,10,R202,R
94,18,24,22,811,969,10,R202,R
95,26,27,27,0,977,10,R202,R
96,25,24,20,0,975,10,R202,R
97,22,27,11,0,974,10,R202,R
98,25,21,12,612,673,10,R202,R
99,19,21,10,0,968,10,R202,R
100,20,26,9,333,432,10,R202,R
101,18,18,17,798,965,10,R202,R
1,35,35,0,0,1000,0,R203,R
2,41,49,10,0,974,10,R203,R
3,35,17,7,0,972,10,R203,R
4,55,45,13,0,967,10,R203,R
5,55,20,19,678,801,10,R203,R
6,15,30,26,0,969,10,R203,R
7,25,30,3,415,514,10,R203,R
8,20,50,5,0,968,10,R203,R
9,10,43,9,404,481,10,R203,R
10,55,60,16,400,497,10,R203,R
11,30,60,16,577,632,10,R203,R
12,20,65,12,206,325,10,R203,R
13,50,35,19,0,975,10,R203,R
14,30,25,23,690,827,10,R203,R
15,15,10,20,0,957,10,R203,R
16,30,5,8,175,300,10,R203,R
17,10,20,19,0,960,10,R203,R
18,5,30,2,733,870,10,R203,R
19,20,40,12,0,974,10,R203,R
20,15,60,17,0,957,10,R203,R
21,45,65,9,0,958,10,R203,R
22,45,20,11,0,971,10,R203,R
23,45,10,18,409,494,10,R203,R
24,55,5,29,206,325,10,R203,R
25,65,35,3,0,960,10,R203,R
26,65,20,6,817,956,10,R203,R
27,45,30,17,0,978,10,R203,R
28,35,40,16,104,255,10,R203,R
29,41,37,16,0,983,10,R203,R
30,64,42,9,0,960,10,R203,R
31,40,60,21,259,354,10,R203,R
32,31,52,27,0,972,10,R203,R
33,35,69,23,0,956,10,R203,R
34,53,52,11,45,200,10,R203,R
35,65,55,14,0,953,10,R203,R
36,63,65,8,686,813,10,R203,R
37,2,60,5,41,208,10,R203,R
38,20,20,8,0,968,10,R203,R
39,5,5,16,302,405,10,R203,R
40,60,12,31,33,224,10,R203,R
41,40,25,9,360,437,10,R203,R
42,42,7,5,396,511,10,R203,R
43,24,12,5,25,172,10,R203,R
44,23,3,7,0,955,10,R203,R
45,11,14,18,233,340,10,R203,R
46,6,38,16,29,189,10,R203,R
47,2,48,1,0,954,10,R203,R
48,8,56,27,0,955,10,R203,R
49,13,52,36,0,962,10,R203,R
50,6,68,30,501,540,10,R203,R
51,47,47,13,0,973,10,R203,R
52,49,58,10,0,963,10,R203,R
53,27,43,9,0,978,10,R203,R
54,37,31,14,414,489,10,R203,R
55,57,29,18,0,967,10,R203,R
56,63,23,2,620,739,10,R203,R
57,53,12,6,585,692,10,R203,R
58,32,12,7,0,966,10,R203,R
59,36,26,18,849,980,10,R203,R
60,21,24,28,0,972,10,R203,R
61,17,34,3,0,971,10,R203,R
62,12,24,13,0,964,10,R203,R
63,24,58,19,163,302,10,R203,R
64,27,69,10,0,955,10,R203,R
65,15,77,9,214,333,10,R203,R
66,62,77,20,49,188,10,R203,R
67,49,73,25,592,693,10,R203,R
68,67,5,25,294,401,10,R203,R
69,56,39,36,637,752,10,R203,R
70,37,47,6,162,293,10,R203,R
71,37,56,5,788,968,10,R203,R
72,57,68,15,0,950,10,R203,R
73,47,16,25,0,967,10,R203,R
74,44,17,9,0,969,10,R203,R
75,46,13,8,681,802,10,R203,R
76,49,11,18,0,962,10,R203,R
77,49,42,13,290,373,10,R203,R
78,53,43,14,817,952,10,R203,R
79,61,52,3,384,499,10,R203,R
80,57,48,23,388,465,10,R203,R
81,56,37,6,839,968,10,R203,R
82,55,54,26,0,962,10,R203,R
83,15,47,16,0,966,10,R203,R
84,14,37,11,0,968,10,R203,R
85,11,31,7,436,511,10,R203,R
86,16,22,41,0,966,10,R203,R
87,4,18,35,0,954,10,R203,R
88,28,18,26,420,447,10,R203,R
89,26,52,9,279,388,10,R203,R
90,26,35,15,0,981,10,R203,R
91,31,67,3,0,957,10,R203,R
92,15,19,1,0,964,10,R203,R
93,22,22,2,18,181,10,R203,R
94,18,24,22,811,969,10,R203,R
95,26,27,27,0,977,10,R203,R
96,25,24,20,0,975,10,R203,R
97,22,27,11,0,974,10,R203,R
98,25,21,12,0,972,10,R203,R
99,19,21,10,0,968,10,R203,R
100,20,26,9,333,432,10,R203,R
101,18,18,17,798,965,10,R203,R
1,35,35,0,0,1000,0,R204,R
2,41,49,10,0,974,10,R204,R
3,35,17,7,0,972,10,R204,R
4,55,45,13,0,967,10,R204,R
5,55,20,19,678,801,10,R204,R
6,15,30,26,0,969,10,R204,R
7,25,30,3,0,978,10,R204,R
8,20,50,5,0,968,10,R204,R
9,10,43,9,404,481,10,R204,R
10,55,60,16,400,497,10,R204,R
11,30,60,16,0,964,10,R204,R
12,20,65,12,206,325,10,R204,R
13,50,35,19,0,975,10,R204,R
14,30,25,23,690,827,10,R204,R
15,15,10,20,0,957,10,R204,R
16,30,5,8,175,300,10,R204,R
17,10,20,19,0,960,10,R204,R
18,5,30,2,0,959,10,R204,R
19,20,40,12,0,974,10,R204,R
20,15,60,17,0,957,10,R204,R
21,45,65,9,0,958,10,R204,R
22,45,20,11,0,971,10,R204,R
23,45,10,18,0,963,10,R204,R
24,55,5,29,206,325,10,R204,R
25,65,35,3,0,960,10,R204,R
26,65,20,6,817,956,10,R204,R
27,45,30,17,0,978,10,R204,R
28,35,40,16,0,985,10,R204,R
29,41,37,16,0,983,10,R204,R
30,64,42,9,0,960,10,R204,R
31,40,60,21,0,964,10,R204,R
32,31,52,27,0,972,10,R204,R
33,35,69,23,0,956,10,R204,R
34,53,52,11,0,965,10,R204,R
35,65,55,14,0,953,10,R204,R
36,63,65,8,0,948,10,R204,R
37,2,60,5,0,948,10,R204,R
38,20,20,8,0,968,10,R204,R
39,5,5,16,302,405,10,R204,R
40,60,12,31,0,956,10,R204,R
41,40,25,9,0,978,10,R204,R
42,42,7,5,0,961,10,R204,R
43,24,12,5,0,964,10,R204,R
44,23,3,7,0,955,10,R204,R
45,11,14,18,233,340,10,R204,R
46,6,38,16,0,960,10,R204,R
47,2,48,1,0,954,10,R204,R
48,8,56,27,0,955,10,R204,R
49,13,52,36,0,962,10,R204,R
50,6,68,30,0,946,10,R204,R
51,47,47,13,0,973,10,R204,R
52,49,58,10,0,963,10,R204,R
53,27,43,9,0,978,10,R204,R
54,37,31,14,414,489,10,R204,R
55,57,29,18,0,967,10,R204,R
56,63,23,2,620,739,10,R204,R
57,53,12,6,0,960,10,R204,R
58,32,12,7,0,966,10,R204,R
59,36,26,18,849,980,10,R204,R
60,21,24,28,0,972,10,R204,R
61,17,34,3,0,971,10,R204,R
62,12,24,13,0,964,10,R204,R
63,24,58,19,163,302,10,R204,R
64,27,69,10,0,955,10,R204,R
65,15,77,9,0,943,10,R204,R
66,62,77,20,0,940,10,R204,R
67,49,73,25,0,949,10,R204,R
68,67,5,25,294,401,10,R204,R
69,56,39,36,0,968,10,R204,R
70,37,47,6,162,293,10,R204,R
71,37,56,5,0,968,10,R204,R
72,57,68,15,0,950,10,R204,R
73,47,16,25,0,967,10,R204,R
74,44,17,9,0,969,10,R204,R
75,46,13,8,681,802,10,R204,R
76,49,11,18,0,962,10,R204,R
77,49,42,13,290,373,10,R204,R
78,53,43,14,817,952,10,R204,R
79,61,52,3,0,958,10,R204,R
80,57,48,23,388,465,10,R204,R
81,56,37,6,0,968,10,R204,R
82,55,54,26,0,962,10,R204,R
83,15,47,16,0,966,10,R204,R
84,14,37,11,0,968,10,R204,R
85,11,31,7,436,511,10,R204,R
86,16,22,41,0,966,10,R204,R
87,4,18,35,0,954,10,R204,R
88,28,18,26,420,447,10,R204,R
89,26,52,9,0,970,10,R204,R
90,26,35,15,0,981,10,R204,R
91,31,67,3,0,957,10,R204,R
92,15,19,1,0,964,10,R204,R
93,22,22,2,18,181,10,R204,R
94,18,24,22,0,969,10,R204,R
95,26,27,27,0,977,10,R204,R
96,25,24,20,0,975,10,R204,R
97,22,27,11,0,974,10,R204,R
98,25,21,12,0,972,10,R204,R
99,19,21,10,0,968,10,R204,R
100,20,26,9,333,432,10,R204,R
101,18,18,17,798,965,10,R204,R
1,35,35,0,0,1000,0,R205,R
2,41,49,10,658,898,10,R205,R
3,35,17,7,93,333,10,R205,R
4,55,45,13,436,676,10,R205,R
5,55,20,19,620,860,10,R205,R
6,15,30,26,20,260,10,R205,R
7,25,30,3,345,585,10,R205,R
8,20,50,5,251,491,10,R205,R
9,10,43,9,323,563,10,R205,R
10,55,60,16,329,569,10,R205,R
11,30,60,16,485,725,10,R205,R
12,20,65,12,146,386,10,R205,R
13,50,35,19,167,407,10,R205,R
14,30,25,23,639,879,10,R205,R
15,15,10,20,32,272,10,R205,R
16,30,5,8,118,358,10,R205,R
17,10,20,19,203,443,10,R205,R
18,5,30,2,682,922,10,R205,R
19,20,40,12,286,526,10,R205,R
20,15,60,17,204,444,10,R205,R
21,45,65,9,504,744,10,R205,R
22,45,20,11,153,393,10,R205,R
23,45,10,18,332,572,10,R205,R
24,55,5,29,146,386,10,R205,R
25,65,35,3,656,896,10,R205,R
26,65,20,6,716,956,10,R205,R
27,45,30,17,508,748,10,R205,R
28,35,40,16,60,300,10,R205,R
29,41,37,16,65,305,10,R205,R
30,64,42,9,132,372,10,R205,R
31,40,60,21,187,427,10,R205,R
32,31,52,27,94,334,10,R205,R
33,35,69,23,599,839,10,R205,R
34,53,52,11,24,264,10,R205,R
35,65,55,14,452,692,10,R205,R
36,63,65,8,630,870,10,R205,R
37,2,60,5,41,281,10,R205,R
38,20,20,8,530,770,10,R205,R
39,5,5,16,234,474,10,R205,R
40,60,12,31,33,273,10,R205,R
41,40,25,9,279,519,10,R205,R
42,42,7,5,334,574,10,R205,R
43,24,12,5,25,265,10,R205,R
44,23,3,7,543,783,10,R205,R
45,11,14,18,167,407,10,R205,R
46,6,38,16,29,269,10,R205,R
47,2,48,1,452,692,10,R205,R
48,8,56,27,48,288,10,R205,R
49,13,52,36,720,960,10,R205,R
50,6,68,30,401,641,10,R205,R
51,47,47,13,475,715,10,R205,R
52,49,58,10,281,521,10,R205,R
53,27,43,9,117,357,10,R205,R
54,37,31,14,332,572,10,R205,R
55,57,29,18,568,808,10,R205,R
56,63,23,2,560,800,10,R205,R
57,53,12,6,519,759,10,R205,R
58,32,12,7,356,596,10,R205,R
59,36,26,18,740,980,10,R205,R
60,21,24,28,17,257,10,R205,R
61,17,34,3,672,912,10,R205,R
62,12,24,13,214,454,10,R205,R
63,24,58,19,113,353,10,R205,R
64,27,69,10,34,274,10,R205,R
65,15,77,9,154,394,10,R205,R
66,62,77,20,49,289,10,R205,R
67,49,73,25,523,763,10,R205,R
68,67,5,25,228,468,10,R205,R
69,56,39,36,575,815,10,R205,R
70,37,47,6,108,348,10,R205,R
71,37,56,5,728,968,10,R205,R
72,57,68,15,198,438,10,R205,R
73,47,16,25,22,262,10,R205,R
74,44,17,9,234,474,10,R205,R
75,46,13,8,622,862,10,R205,R
76,49,11,18,171,411,10,R205,R
77,49,42,13,212,452,10,R205,R
78,53,43,14,730,970,10,R205,R
79,61,52,3,322,562,10,R205,R
80,57,48,23,307,547,10,R205,R
81,56,37,6,728,968,10,R205,R
82,55,54,26,314,554,10,R205,R
83,15,47,16,106,346,10,R205,R
84,14,37,11,53,293,10,R205,R
85,11,31,7,354,594,10,R205,R
86,16,22,41,299,539,10,R205,R
87,4,18,35,307,547,10,R205,R
88,28,18,26,314,554,10,R205,R
89,26,52,9,214,454,10,R205,R
90,26,35,15,718,958,10,R205,R
91,31,67,3,320,560,10,R205,R
92,15,19,1,683,923,10,R205,R
93,22,22,2,18,258,10,R205,R
94,18,24,22,729,969,10,R205,R
95,26,27,27,350,590,10,R205,R
96,25,24,20,42,282,10,R205,R
97,22,27,11,529,769,10,R205,R
98,25,21,12,523,763,10,R205,R
99,19,21,10,125,365,10,R205,R
100,20,26,9,263,503,10,R205,R
101,18,18,17,725,965,10,R205,R
1,35,35,0,0,1000,0,R206,R
2,41,49,10,0,974,10,R206,R
3,35,17,7,0,972,10,R206,R
4,55,45,13,0,967,10,R206,R
5,55,20,19,620,860,10,R206,R
6,15,30,26,0,969,10,R206,R
7,25,30,3,345,585,10,R206,R
8,20,50,5,0,968,10,R206,R
9,10,43,9,323,563,10,R206,R
10,55,60,16,329,569,10,R206,R
11,30,60,16,485,725,10,R206,R
12,20,65,12,146,386,10,R206,R
13,50,35,19,0,975,10,R206,R
14,30,25,23,639,879,10,R206,R
15,15,10,20,32,272,10,R206,R
16,30,5,8,118,358,10,R206,R
17,10,20,19,203,443,10,R206,R
18,5,30,2,682,922,10,R206,R
19,20,40,12,286,526,10,R206,R
20,15,60,17,204,444,10,R206,R
21,45,65,9,504,744,10,R206,R
22,45,20,11,0,971,10,R206,R
23,45,10,18,332,572,10,R206,R
24,55,5,29,146,386,10,R206,R
25,65,35,3,656,896,10,R206,R
26,65,20,6,716,956,10,R206,R
27,45,30,17,0,978,10,R206,R
28,35,40,16,60,300,10,R206,R
29,41,37,16,65,305,10,R206,R
30,64,42,9,132,372,10,R206,R
31,40,60,21,187,427,10,R206,R
32,31,52,27,0,972,10,R206,R
33,35,69,23,599,839,10,R206,R
34,53,52,11,24,264,10,R206,R
35,65,55,14,0,953,10,R206,R
36,63,65,8,630,870,10,R206,R
37,2,60,5,41,281,10,R206,R
38,20,20,8,0,968,10,R206,R
39,5,5,16,234,474,10,R206,R
40,60,12,31,33,273,10,R206,R
41,40,25,9,279,519,10,R206,R
42,42,7,5,334,574,10,R206,R
43,24,12,5,25,265,10,R206,R
44,23,3,7,543,783,10,R206,R
45,11,14,18,167,407,10,R206,R
46,6,38,16,29,269,10,R206,R
47,2,48,1,452,692,10,R206,R
48,8,56,27,48,288,10,R206,R
49,13,52,36,0,962,10,R206,R
50,6,68,30,401,641,10,R206,R
51,47,47,13,0,973,10,R206,R
52,49,58,10,281,521,10,R206,R
53,27,43,9,0,978,10,R206,R
54,37,31,14,332,572,10,R206,R
55,57,29,18,568,808,10,R206,R
56,63,23,2,560,800,10,R206,R
57,53,12,6,519,759,10,R206,R
58,32,12,7,356,596,10,R206,R
59,36,26,18,740,980,10,R206,R
60,21,24,28,0,972,10,R206,R
61,17,34,3,672,912,10,R206,R
62,12,24,13,214,454,10,R206,R
63,24,58,19,113,353,10,R206,R
64,27,69,10,34,274,10,R206,R
65,15,77,9,154,394,10,R206,R
66,62,77,20,49,289,10,R206,R
67,49,73,25,523,763,10,R206,R
68,67,5,25,228,468,10,R206,R
69,56,39,36,575,815,10,R206,R
70,37,47,6,108,348,10,R206,R
71,37,56,5,728,968,10,R206,R
72,57,68,15,198,438,10,R206,R
73,47,16,25,0,967,10,R206,R
74,44,17,9,234,474,10,R206,R
75,46,13,8,622,862,10,R206,R
76,49,11,18,0,962,10,R206,R
77,49,42,13,212,452,10,R206,R
78,53,43,14,730,970,10,R206,R
79,61,52,3,322,562,10,R206,R
80,57,48,23,307,547,10,R206,R
81,56,37,6,728,968,10,R206,R
82,55,54,26,314,554,10,R206,R
83,15,47,16,0,966,10,R206,R
84,14,37,11,0,968,10,R206,R
85,11,31,7,354,594,10,R206,R
86,16,22,41,0,966,10,R206,R
87,4,18,35,307,547,10,R206,R
88,28,18,26,314,554,10,R206,R
89,26,52,9,214,454,10,R206,R
90,26,35,15,718,958,10,R206,R
91,31,67,3,320,560,10,R206,R
92,15,19,1,0,964,10,R206,R
93,22,22,2,18,258,10,R206,R
94,18,24,22,729,969,10,R206,R
95,26,27,27,0,977,10,R206,R
96,25,24,20,0,975,10,R206,R
97,22,27,11,0,974,10,R206,R
98,25,21,12,523,763,10,R206,R
99,19,21,10,0,968,10,R206,R
100,20,26,9,263,503,10,R206,R
101,18,18,17,725,965,10,R206,R
1,35,35,0,0,1000,0,R207,R
2,41,49,10,0,974,10,R207,R
3,35,17,7,0,972,10,R207,R
4,55,45,13,0,967,10,R207,R
5,55,20,19,620,860,10,R207,R
6,15,30,26,0,969,10,R207,R
7,25,30,3,345,585,10,R207,R
8,20,50,5,0,968,10,R207,R
9,10,43,9,323,563,10,R207,R
10,55,60,16,329,569,10,R207,R
11,30,60,16,485,725,10,R207,R
12,20,65,12,146,386,10,R207,R
13,50,35,19,0,975,10,R207,R
14,30,25,23,639,879,10,R207,R
15,15,10,20,0,957,10,R207,R
16,30,5,8,118,358,10,R207,R
17,10,20,19,0,960,10,R207,R
18,5,30,2,682,922,10,R207,R
19,20,40,12,0,974,10,R207,R
20,15,60,17,0,957,10,R207,R
21,45,65,9,0,958,10,R207,R
22,45,20,11,0,971,10,R207,R
23,45,10,18,332,572,10,R207,R
24,55,5,29,146,386,10,R207,R
25,65,35,3,0,960,10,R207,R
26,65,20,6,716,956,10,R207,R
27,45,30,17,0,978,10,R207,R
28,35,40,16,60,300,10,R207,R
29,41,37,16,0,983,10,R207,R
30,64,42,9,0,960,10,R207,R
31,40,60,21,187,427,10,R207,R
32,31,52,27,0,972,10,R207,R
33,35,69,23,0,956,10,R207,R
34,53,52,11,24,264,10,R207,R
35,65,55,14,0,953,10,R207,R
36,63,65,8,630,870,10,R207,R
37,2,60,5,41,281,10,R207,R
38,20,20,8,0,968,10,R207,R
39,5,5,16,234,474,10,R207,R
40,60,12,31,33,273,10,R207,R
41,40,25,9,279,519,10,R207,R
42,42,7,5,334,574,10,R207,R
43,24,12,5,25,265,10,R207,R
44,23,3,7,0,955,10,R207,R
45,11,14,18,167,407,10,R207,R
46,6,38,16,29,269,10,R207,R
47,2,48,1,0,954,10,R207,R
48,8,56,27,0,955,10,R207,R
49,13,52,36,0,962,10,R207,R
50,6,68,30,401,641,10,R207,R
51,47,47,13,0,973,10,R207,R
52,49,58,10,0,963,10,R207,R
53,27,43,9,0,978,10,R207,R
54,37,31,14,332,572,10,R207,R
55,57,29,18,0,967,10,R207,R
56,63,23,2,560,800,10,R207,R
57,53,12,6,519,759,10,R207,R
58,32,12,7,0,966,10,R207,R
59,36,26,18,740,980,10,R207,R
60,21,24,28,0,972,10,R207,R
61,17,34,3,0,971,10,R207,R
62,12,24,13,0,964,10,R207,R
63,24,58,19,113,353,10,R207,R
64,27,69,10,0,955,10,R207,R
65,15,77,9,154,394,10,R207,R
66,62,77,20,49,289,10,R207,R
67,49,73,25,523,763,10,R207,R
68,67,5,25,228,468,10,R207,R
69,56,39,36,575,815,10,R207,R
70,37,47,6,108,348,10,R207,R
71,37,56,5,728,968,10,R207,R
72,57,68,15,0,950,10,R207,R
73,47,16,25,0,967,10,R207,R
74,44,17,9,0,969,10,R207,R
75,46,13,8,622,862,10,R207,R
76,49,11,18,0,962,10,R207,R
77,49,42,13,212,452,10,R207,R
78,53,43,14,730,970,10,R207,R
79,61,52,3,322,562,10,R207,R
80,57,48,23,307,547,10,R207,R
81,56,37,6,728,968,10,R207,R
82,55,54,26,0,962,10,R207,R
83,15,47,16,0,966,10,R207,R
84,14,37,11,0,968,10,R207,R
85,11,31,7,354,594,10,R207,R
86,16,22,41,0,966,10,R207,R
87,4,18,35,0,954,10,R207,R
88,28,18,26,314,554,10,R207,R
89,26,52,9,214,454,10,R207,R
90,26,35,15,0,981,10,R207,R
91,31,67,3,0,957,10,R207,R
92,15,19,1,0,964,10,R207,R
93,22,22,2,18,258,10,R207,R
94,18,24,22,729,969,10,R207,R
95,26,27,27,0,977,10,R207,R
96,25,24,20,0,975,10,R207,R
97,22,27,11,0,974,10,R207,R
98,25,21,12,0,972,10,R207,R
99,19,21,10,0,968,10,R207,R
100,20,26,9,263,503,10,R207,R
101,18,18,17,725,965,10,R207,R
1,35,35,0,0,1000,0,R208,R
2,41,49,10,0,974,10,R208,R
3,35,17,7,0,972,10,R208,R
4,55,45,13,0,967,10,R208,R
5,55,20,19,620,860,10,R208,R
6,15,30,26,0,969,10,R208,R
7,25,30,3,0,978,10,R208,R
8,20,50,5,0,968,10,R208,R
9,10,43,9,323,563,10,R208,R
10,55,60,16,329,569,10,R208,R
11,30,60,16,0,964,10,R208,R
12,20,65,12,146,386,10,R208,R
13,50,35,19,0,975,10,R208,R
14,30,25,23,639,879,10,R208,R
15,15,10,20,0,957,10,R208,R
16,30,5,8,118,358,10,R208,R
17,10,20,19,0,960,10,R208,R
18,5,30,2,0,959,10,R208,R
19,20,40,12,0,974,10,R208,R
20,15,60,17,0,957,10,R208,R
21,45,65,9,0,958,10,R208,R
22,45,20,11,0,971,10,R208,R
23,45,10,18,0,963,10,R208,R
24,55,5,29,146,386,10,R208,R
25,65,35,3,0,960,10,R208,R
26,65,20,6,716,956,10,R208,R
27,45,30,17,0,978,10,R208,R
28,35,40,16,0,985,10,R208,R
29,41,37,16,0,983,10,R208,R
30,64,42,9,0,960,10,R208,R
31,40,60,21,0,964,10,R208,R
32,31,52,27,0,972,10,R208,R
33,35,69,23,0,956,10,R208,R
34,53,52,11,0,965,10,R208,R
35,65,55,14,0,953,10,R208,R
36,63,65,8,0,948,10,R208,R
37,2,60,5,0,948,10,R208,R
38,20,20,8,0,968,10,R208,R
39,5,5,16,234,474,10,R208,R
40,60,12,31,0,956,10,R208,R
41,40,25,9,0,978,10,R208,R
42,42,7,5,0,961,10,R208,R
43,24,12,5,0,964,10,R208,R
44,23,3,7,0,955,10,R208,R
45,11,14,18,167,407,10,R208,R
46,6,38,16,0,960,10,R208,R
47,2,48,1,0,954,10,R208,R
48,8,56,27,0,955,10,R208,R
49,13,52,36,0,962,10,R208,R
50,6,68,30,0,946,10,R208,R
51,47,47,13,0,973,10,R208,R
52,49,58,10,0,963,10,R208,R
53,27,43,9,0,978,10,R208,R
54,37,31,14,332,572,10,R208,R
55,57,29,18,0,967,10,R208,R
56,63,23,2,560,800,10,R208,R
57,53,12,6,0,960,10,R208,R
58,32,12,7,0,966,10,R208,R
59,36,26,18,740,980,10,R208,R
60,21,24,28,0,972,10,R208,R
61,17,34,3,0,971,10,R208,R
62,12,24,13,0,964,10,R208,R
63,24,58,19,113,353,10,R208,R
64,27,69,10,0,955,10,R208,R
65,15,77,9,0,943,10,R208,R
66,62,77,20,0,940,10,R208,R
67,49,73,25,0,949,10,R208,R
68,67,5,25,228,468,10,R208,R
69,56,39,36,0,968,10,R208,R
70,37,47,6,108,348,10,R208,R
71,37,56,5,0,968,10,R208,R
72,57,68,15,0,950,10,R208,R
73,47,16,25,0,967,10,R208,R
74,44,17,9,0,969,10,R208,R
75,46,13,8,622,862,10,R208,R
76,49,11,18,0,962,10,R208,R
77,49,42,13,212,452,10,R208,R
78,53,43,14,730,970,10,R208,R
79,61,52,3,0,958,10,R208,R
80,57,48,23,307,547,10,R208,R
81,56,37,6,0,968,10,R208,R
82,55,54,26,0,962,10,R208,R
83,15,47,16,0,966,10,R208,R
84,14,37,11,0,968,10,R208,R
85,11,31,7,354,594,10,R208,R
86,16,22,41,0,966,10,R208,R
87,4,18,35,0,954,10,R208,R
88,28,18,26,314,554,10,R208,R
89,26,52,9,0,970,10,R208,R
90,26,35,15,0,981,10,R208,R
91,31,67,3,0,957,10,R208,R
92,15,19,1,0,964,10,R208,R
93,22,22,2,18,258,10,R208,R
94,18,24,22,0,969,10,R208,R
95,26,27,27,0,977,10,R208,R
96,25,24,20,0,975,10,R208,R
97,22,27,11,0,974,10,R208,R
98,25,21,12,0,972,10,R208,R
99,19,21,10,0,968,10,R208,R
100,20,26,9,263,503,10,R208,R
101,18,18,17,725,965,10,R208,R
1,35,35,0,0,1000,0,R209,R
2,41,49,10,636,919,10,R209,R
3,35,17,7,74,351,10,R209,R
4,55,45,13,498,613,10,R209,R
5,55,20,19,470,965,10,R209,R
6,15,30,26,20,370,10,R209,R
7,25,30,3,266,663,10,R209,R
8,20,50,5,292,449,10,R209,R
9,10,43,9,288,597,10,R209,R
10,55,60,16,254,643,10,R209,R
11,30,60,16,496,713,10,R209,R
12,20,65,12,33,510,10,R209,R
13,50,35,19,170,403,10,R209,R
14,30,25,23,426,978,10,R209,R
15,15,10,20,32,454,10,R209,R
16,30,5,8,30,529,10,R209,R
17,10,20,19,222,423,10,R209,R
18,5,30,2,409,959,10,R209,R
19,20,40,12,349,462,10,R209,R
20,15,60,17,215,432,10,R209,R
21,45,65,9,538,709,10,R209,R
22,45,20,11,156,389,10,R209,R
23,45,10,18,280,623,10,R209,R
24,55,5,29,36,513,10,R209,R
25,65,35,3,633,918,10,R209,R
26,65,20,6,400,956,10,R209,R
27,45,30,17,548,707,10,R209,R
28,35,40,16,5,612,10,R209,R
29,41,37,16,44,325,10,R209,R
30,64,42,9,129,374,10,R209,R
31,40,60,21,115,498,10,R209,R
32,31,52,27,91,336,10,R209,R
33,35,69,23,602,835,10,R209,R
34,53,52,11,24,646,10,R209,R
35,65,55,14,487,656,10,R209,R
36,63,65,8,439,948,10,R209,R
37,2,60,5,41,710,10,R209,R
38,20,20,8,563,736,10,R209,R
39,5,5,16,147,560,10,R209,R
40,60,12,31,33,797,10,R209,R
41,40,25,9,243,554,10,R209,R
42,42,7,5,225,682,10,R209,R
43,24,12,5,25,616,10,R209,R
44,23,3,7,578,747,10,R209,R
45,11,14,18,72,501,10,R209,R
46,6,38,16,29,669,10,R209,R
47,2,48,1,458,685,10,R209,R
48,8,56,27,34,362,10,R209,R
49,13,52,36,694,962,10,R209,R
50,6,68,30,444,597,10,R209,R
51,47,47,13,499,690,10,R209,R
52,49,58,10,296,505,10,R209,R
53,27,43,9,111,362,10,R209,R
54,37,31,14,301,602,10,R209,R
55,57,29,18,595,780,10,R209,R
56,63,23,2,442,917,10,R209,R
57,53,12,6,426,851,10,R209,R
58,32,12,7,366,585,10,R209,R
59,36,26,18,458,980,10,R209,R
60,21,24,28,17,441,10,R209,R
61,17,34,3,651,932,10,R209,R
62,12,24,13,246,421,10,R209,R
63,24,58,19,25,583,10,R209,R
64,27,69,10,34,348,10,R209,R
65,15,77,9,46,523,10,R209,R
66,62,77,20,49,608,10,R209,R
67,49,73,25,440,845,10,R209,R
68,67,5,25,132,563,10,R209,R
69,56,39,36,464,925,10,R209,R
70,37,47,6,12,535,10,R209,R
71,37,56,5,249,968,10,R209,R
72,57,68,15,218,417,10,R209,R
73,47,16,25,22,377,10,R209,R
74,44,17,9,263,444,10,R209,R
75,46,13,8,479,965,10,R209,R
76,49,11,18,182,399,10,R209,R
77,49,42,13,166,497,10,R209,R
78,53,43,14,430,970,10,R209,R
79,61,52,3,212,671,10,R209,R
80,57,48,23,273,580,10,R209,R
81,56,37,6,452,968,10,R209,R
82,55,54,26,388,479,10,R209,R
83,15,47,16,99,352,10,R209,R
84,14,37,11,21,328,10,R209,R
85,11,31,7,323,624,10,R209,R
86,16,22,41,333,504,10,R209,R
87,4,18,35,350,503,10,R209,R
88,28,18,26,380,487,10,R209,R
89,26,52,9,114,553,10,R209,R
90,26,35,15,649,981,10,R209,R
91,31,67,3,345,534,10,R209,R
92,15,19,1,675,930,10,R209,R
93,22,22,2,18,673,10,R209,R
94,18,24,22,339,969,10,R209,R
95,26,27,27,403,536,10,R209,R
96,25,24,20,22,301,10,R209,R
97,22,27,11,565,732,10,R209,R
98,25,21,12,582,703,10,R209,R
99,19,21,10,122,367,10,R209,R
100,20,26,9,185,580,10,R209,R
101,18,18,17,297,965,10,R209,R
1,35,35,0,0,1000,0,R210,R
2,41,49,10,190,974,10,R210,R
3,35,17,7,18,792,10,R210,R
4,55,45,13,289,822,10,R210,R
5,55,20,19,679,800,10,R210,R
6,15,30,26,20,906,10,R210,R
7,25,30,3,355,574,10,R210,R
8,20,50,5,72,669,10,R210,R
9,10,43,9,393,492,10,R210,R
10,55,60,16,394,503,10,R210,R
11,30,60,16,517,692,10,R210,R
12,20,65,12,206,325,10,R210,R
13,50,35,19,15,725,10,R210,R
14,30,25,23,694,823,10,R210,R
15,15,10,20,32,694,10,R210,R
16,30,5,8,176,299,10,R210,R
17,10,20,19,102,543,10,R210,R
18,5,30,2,673,930,10,R210,R
19,20,40,12,229,582,10,R210,R
20,15,60,17,95,552,10,R210,R
21,45,65,9,418,829,10,R210,R
22,45,20,11,18,727,10,R210,R
23,45,10,18,349,554,10,R210,R
24,55,5,29,206,325,10,R210,R
25,65,35,3,435,960,10,R210,R
26,65,20,6,826,956,10,R210,R
27,45,30,17,328,927,10,R210,R
28,35,40,16,44,315,10,R210,R
29,41,37,16,6,526,10,R210,R
30,64,42,9,29,513,10,R210,R
31,40,60,21,199,414,10,R210,R
32,31,52,27,17,744,10,R210,R
33,35,69,23,482,955,10,R210,R
34,53,52,11,24,299,10,R210,R
35,65,55,14,265,878,10,R210,R
36,63,65,8,626,873,10,R210,R
37,2,60,5,41,328,10,R210,R
38,20,20,8,339,960,10,R210,R
39,5,5,16,298,409,10,R210,R
40,60,12,31,33,344,10,R210,R
41,40,25,9,300,497,10,R210,R
42,42,7,5,336,571,10,R210,R
43,24,12,5,25,292,10,R210,R
44,23,3,7,458,867,10,R210,R
45,11,14,18,230,343,10,R210,R
46,6,38,16,29,309,10,R210,R
47,2,48,1,338,805,10,R210,R
48,8,56,27,34,602,10,R210,R
49,13,52,36,200,962,10,R210,R
50,6,68,30,441,600,10,R210,R
51,47,47,13,272,917,10,R210,R
52,49,58,10,176,625,10,R210,R
53,27,43,9,11,748,10,R210,R
54,37,31,14,403,500,10,R210,R
55,57,29,18,475,900,10,R210,R
56,63,23,2,620,739,10,R210,R
57,53,12,6,525,752,10,R210,R
58,32,12,7,246,705,10,R210,R
59,36,26,18,854,980,10,R210,R
60,21,24,28,17,972,10,R210,R
61,17,34,3,449,971,10,R210,R
62,12,24,13,126,541,10,R210,R
63,24,58,19,168,297,10,R210,R
64,27,69,10,34,588,10,R210,R
65,15,77,9,154,393,10,R210,R
66,62,77,20,49,308,10,R210,R
67,49,73,25,532,753,10,R210,R
68,67,5,25,291,404,10,R210,R
69,56,39,36,577,812,10,R210,R
70,37,47,6,165,290,10,R210,R
71,37,56,5,668,968,10,R210,R
72,57,68,15,98,537,10,R210,R
73,47,16,25,22,915,10,R210,R
74,44,17,9,143,564,10,R210,R
75,46,13,8,681,802,10,R210,R
76,49,11,18,27,711,10,R210,R
77,49,42,13,281,382,10,R210,R
78,53,43,14,821,948,10,R210,R
79,61,52,3,324,559,10,R210,R
80,57,48,23,377,476,10,R210,R
81,56,37,6,719,968,10,R210,R
82,55,54,26,268,599,10,R210,R
83,15,47,16,23,761,10,R210,R
84,14,37,11,21,842,10,R210,R
85,11,31,7,425,522,10,R210,R
86,16,22,41,110,727,10,R210,R
87,4,18,35,230,623,10,R210,R
88,28,18,26,397,470,10,R210,R
89,26,52,9,219,448,10,R210,R
90,26,35,15,409,981,10,R210,R
91,31,67,3,225,654,10,R210,R
92,15,19,1,222,964,10,R210,R
93,22,22,2,18,159,10,R210,R
94,18,24,22,691,969,10,R210,R
95,26,27,27,190,749,10,R210,R
96,25,24,20,14,793,10,R210,R
97,22,27,11,344,953,10,R210,R
98,25,21,12,462,823,10,R210,R
99,19,21,10,21,748,10,R210,R
100,20,26,9,328,437,10,R210,R
101,18,18,17,821,965,10,R210,R
1,35,35,0,0,1000,0,R211,R
2,41,49,10,451,974,10,R211,R
3,35,17,7,18,534,10,R211,R
4,55,45,13,378,733,10,R211,R
5,55,20,19,477,965,10,R211,R
6,15,30,26,20,610,10,R211,R
7,25,30,3,245,684,10,R211,R
8,20,50,5,172,569,10,R211,R
9,10,43,9,245,640,10,R211,R
10,55,60,16,231,666,10,R211,R
11,30,60,16,430,779,10,R211,R
12,20,65,12,33,511,10,R211,R
13,50,35,19,50,523,10,R211,R
14,30,25,23,462,978,10,R211,R
15,15,10,20,32,694,10,R211,R
16,30,5,8,30,519,10,R211,R
17,10,20,19,102,543,10,R211,R
18,5,30,2,444,959,10,R211,R
19,20,40,12,229,582,10,R211,R
20,15,60,17,95,552,10,R211,R
21,45,65,9,418,829,10,R211,R
22,45,20,11,36,509,10,R211,R
23,45,10,18,246,657,10,R211,R
24,55,5,29,36,514,10,R211,R
25,65,35,3,435,960,10,R211,R
26,65,20,6,438,956,10,R211,R
27,45,30,17,428,827,10,R211,R
28,35,40,16,5,548,10,R211,R
29,41,37,16,6,526,10,R211,R
30,64,42,9,29,513,10,R211,R
31,40,60,21,91,522,10,R211,R
32,31,52,27,17,501,10,R211,R
33,35,69,23,482,955,10,R211,R
34,53,52,11,24,575,10,R211,R
35,65,55,14,367,776,10,R211,R
36,63,65,8,453,948,10,R211,R
37,2,60,5,41,615,10,R211,R
38,20,20,8,443,856,10,R211,R
39,5,5,16,130,577,10,R211,R
40,60,12,31,33,655,10,R211,R
41,40,25,9,201,596,10,R211,R
42,42,7,5,219,688,10,R211,R
43,24,12,5,25,560,10,R211,R
44,23,3,7,458,867,10,R211,R
45,11,14,18,59,514,10,R211,R
46,6,38,16,29,589,10,R211,R
47,2,48,1,338,805,10,R211,R
48,8,56,27,34,602,10,R211,R
49,13,52,36,454,962,10,R211,R
50,6,68,30,362,679,10,R211,R
51,47,47,13,379,810,10,R211,R
52,49,58,10,176,625,10,R211,R
53,27,43,9,11,502,10,R211,R
54,37,31,14,256,647,10,R211,R
55,57,29,18,475,900,10,R211,R
56,63,23,2,441,918,10,R211,R
57,53,12,6,412,865,10,R211,R
58,32,12,7,246,705,10,R211,R
59,36,26,18,479,980,10,R211,R
60,21,24,28,17,681,10,R211,R
61,17,34,3,449,971,10,R211,R
62,12,24,13,126,541,10,R211,R
63,24,58,19,25,544,10,R211,R
64,27,69,10,34,588,10,R211,R
65,15,77,9,46,524,10,R211,R
66,62,77,20,49,568,10,R211,R
67,49,73,25,421,864,10,R211,R
68,67,5,25,120,575,10,R211,R
69,56,39,36,459,930,10,R211,R
70,37,47,6,12,513,10,R211,R
71,37,56,5,368,968,10,R211,R
72,57,68,15,98,537,10,R211,R
73,47,16,25,22,617,10,R211,R
74,44,17,9,143,564,10,R211,R
75,46,13,8,482,965,10,R211,R
76,49,11,18,62,519,10,R211,R
77,49,42,13,129,534,10,R211,R
78,53,43,14,460,970,10,R211,R
79,61,52,3,207,676,10,R211,R
80,57,48,23,230,623,10,R211,R
81,56,37,6,470,968,10,R211,R
82,55,54,26,268,599,10,R211,R
83,15,47,16,23,515,10,R211,R
84,14,37,11,21,568,10,R211,R
85,11,31,7,278,669,10,R211,R
86,16,22,41,213,624,10,R211,R
87,4,18,35,230,623,10,R211,R
88,28,18,26,287,580,10,R211,R
89,26,52,9,104,563,10,R211,R
90,26,35,15,409,981,10,R211,R
91,31,67,3,225,654,10,R211,R
92,15,19,1,469,964,10,R211,R
93,22,22,2,18,585,10,R211,R
94,18,24,22,414,969,10,R211,R
95,26,27,27,283,656,10,R211,R
96,25,24,20,14,533,10,R211,R
97,22,27,11,445,852,10,R211,R
98,25,21,12,462,823,10,R211,R
99,19,21,10,21,506,10,R211,R
100,20,26,9,164,601,10,R211,R
101,18,18,17,391,965,10,R211,R
1,40,50,0,0,240,0,RC101,RC
2,25,85,20,145,175,10,RC101,RC
3,22,75,30,50,80,10,RC101,RC
4,22,85,10,109,139,10,RC101,RC
5,20,80,40,141,171,10,RC101,RC
6,20,85,20,41,71,10,RC101,RC
7,18,75,20,95,125,10,RC101,RC
8,15,75,20,79,109,10,RC101,RC
9,15,80,10,91,121,10,RC101,RC
10,10,35,20,91,121,10,RC101,RC
11,10,40,30,119,149,10,RC101,RC
12,8,40,40,59,89,10,RC101,RC
13,8,45,20,64,94,10,RC101,RC
14,5,35,10,142,172,10,RC101,RC
15,5,45,10,35,65,10,RC101,RC
16,2,40,20,58,88,10,RC101,RC
17,0,40,20,72,102,10,RC101,RC
18,0,45,20,149,179,10,RC101,RC
19,44,5,20,87,117,10,RC101,RC
20,42,10,40,72,102,10,RC101,RC
21,42,15,10,122,152,10,RC101,RC
22,40,5,10,67,97,10,RC101,RC
23,40,15,40,92,122,10,RC101,RC
24,38,5,30,65,95,10,RC101,RC
25,38,15,10,148,178,10,RC101,RC
26,35,5,20,154,184,10,RC101,RC
27,95,30,30,115,145,10,RC101,RC
28,95,35,20,62,92,10,RC101,RC
29,92,30,10,62,92,10,RC101,RC
30,90,35,10,67,97,10,RC101,RC
31,88,30,10,74,104,10,RC101,RC
32,88,35,20,61,91,10,RC101,RC
33,87,30,10,131,161,10,RC101,RC
34,85,25,10,51,81,10,RC101,RC
35,85,35,30,111,141,10,RC101,RC
36,67,85,20,139,169,10,RC101,RC
37,65,85,40,43,73,10,RC101,RC
38,65,82,10,124,154,10,RC101,RC
39,62,80,30,75,105,10,RC101,RC
40,60,80,10,37,67,10,RC101,RC
41,60,85,30,85,115,10,RC101,RC
42,58,75,20,92,122,10,RC101,RC
43,55,80,10,33,63,10,RC101,RC
44,55,85,20,128,158,10,RC101,RC
45,55,82,10,64,94,10,RC101,RC
46,20,82,10,37,67,10,RC101,RC
47,18,80,10,113,143,10,RC101,RC
48,2,45,10,45,75,10,RC101,RC
49,42,5,10,151,181,10,RC101,RC
50,42,12,10,104,134,10,RC101,RC
51,72,35,30,116,146,10,RC101,RC
52,55,20,19,83,113,10,RC101,RC
53,25,30,3,52,82,10,RC101,RC
54,20,50,5,91,121,10,RC101,RC
55,55,60,16,139,169,10,RC101,RC
56,30,60,16,140,170,10,RC101,RC
57,50,35,19,130,160,10,RC101,RC
58,30,25,23,96,126,10,RC101,RC
59,15,10,20,152,182,10,RC101,RC
60,10,20,19,42,72,10,RC101,RC
61,15,60,17,155,185,10,RC101,RC
62,45,65,9,66,96,10,RC101,RC
63,65,35,3,52,82,10,RC101,RC
64,65,20,6,39,69,10,RC101,RC
65,45,30,17,53,83,10,RC101,RC
66,35,40,16,11,41,10,RC101,RC
67,41,37,16,133,163,10,RC101,RC
68,64,42,9,70,100,10,RC101,RC
69,40,60,21,144,174,10,RC101,RC
70,31,52,27,41,71,10,RC101,RC
71,35,69,23,180,210,10,RC101,RC
72,65,55,14,65,95,10,RC101,RC
73,63,65,8,30,60,10,RC101,RC
74,2,60,5,77,107,10,RC101,RC
75,20,20,8,141,171,10,RC101,RC
76,5,5,16,74,104,10,RC101,RC
77,60,12,31,75,105,10,RC101,RC
78,23,3,7,150,180,10,RC101,RC
79,8,56,27,90,120,10,RC101,RC
80,6,68,30,89,119,10,RC101,RC
81,47,47,13,192,222,10,RC101,RC
82,49,58,10,86,116,10,RC101,RC
83,27,43,9,42,72,10,RC101,RC
84,37,31,14,35,65,10,RC101,RC
85,57,29,18,96,126,10,RC101,RC
86,63,23,2,87,117,10,RC101,RC
87,21,24,28,87,117,10,RC101,RC
88,12,24,13,90,120,10,RC101,RC
89,24,58,19,67,97,10,RC101,RC
90,67,5,25,144,174,10,RC101,RC
91,37,47,6,86,116,10,RC101,RC
92,49,42,13,167,197,10,RC101,RC
93,53,43,14,14,44,10,RC101,RC
94,61,52,3,178,208,10,RC101,RC
95,57,48,23,95,125,10,RC101,RC
96,56,37,6,34,64,10,RC101,RC
97,55,54,26,132,162,10,RC101,RC
98,4,18,35,120,150,10,RC101,RC
99,26,52,9,46,76,10,RC101,RC
100,26,35,15,77,107,10,RC101,RC
101,31,67,3,180,210,10,RC101,RC
1,40,50,0,0,240,0,RC102,RC
2,25,85,20,0,191,10,RC102,RC
3,22,75,30,0,199,10,RC102,RC
4,22,85,10,0,190,10,RC102,RC
5,20,80,40,141,171,10,RC102,RC
6,20,85,20,0,189,10,RC102,RC
7,18,75,20,95,125,10,RC102,RC
8,15,75,20,0,194,10,RC102,RC
9,15,80,10,91,121,10,RC102,RC
10,10,35,20,91,121,10,RC102,RC
11,10,40,30,119,149,10,RC102,RC
12,8,40,40,59,89,10,RC102,RC
13,8,45,20,0,197,10,RC102,RC
14,5,35,10,142,172,10,RC102,RC
15,5,45,10,35,65,10,RC102,RC
16,2,40,20,58,88,10,RC102,RC
17,0,40,20,72,102,10,RC102,RC
18,0,45,20,149,179,10,RC102,RC
19,44,5,20,87,117,10,RC102,RC
20,42,10,40,72,102,10,RC102,RC
21,42,15,10,122,152,10,RC102,RC
22,40,5,10,0,185,10,RC102,RC
23,40,15,40,92,122,10,RC102,RC
24,38,5,30,65,95,10,RC102,RC
25,38,15,10,148,178,10,RC102,RC
26,35,5,20,154,184,10,RC102,RC
27,95,30,30,0,171,10,RC102,RC
28,95,35,20,62,92,10,RC102,RC
29,92,30,10,62,92,10,RC102,RC
30,90,35,10,67,97,10,RC102,RC
31,88,30,10,74,104,10,RC102,RC
32,88,35,20,0,179,10,RC102,RC
33,87,30,10,131,161,10,RC102,RC
34,85,25,10,51,81,10,RC102,RC
35,85,35,30,0,182,10,RC102,RC
36,67,85,20,139,169,10,RC102,RC
37,65,85,40,43,73,10,RC102,RC
38,65,82,10,0,189,10,RC102,RC
39,62,80,30,75,105,10,RC102,RC
40,60,80,10,37,67,10,RC102,RC
41,60,85,30,85,115,10,RC102,RC
42,58,75,20,92,122,10,RC102,RC
43,55,80,10,33,63,10,RC102,RC
44,55,85,20,128,158,10,RC102,RC
45,55,82,10,64,94,10,RC102,RC
46,20,82,10,37,67,10,RC102,RC
47,18,80,10,113,143,10,RC102,RC
48,2,45,10,45,75,10,RC102,RC
49,42,5,10,0,184,10,RC102,RC
50,42,12,10,104,134,10,RC102,RC
51,72,35,30,0,194,10,RC102,RC
52,55,20,19,83,113,10,RC102,RC
53,25,30,3,0,205,10,RC102,RC
54,20,50,5,91,121,10,RC102,RC
55,55,60,16,139,169,10,RC102,RC
56,30,60,16,140,170,10,RC102,RC
57,50,35,19,130,160,10,RC102,RC
58,30,25,23,96,126,10,RC102,RC
59,15,10,20,152,182,10,RC102,RC
60,10,20,19,0,187,10,RC102,RC
61,15,60,17,155,185,10,RC102,RC
62,45,65,9,66,96,10,RC102,RC
63,65,35,3,52,82,10,RC102,RC
64,65,20,6,39,69,10,RC102,RC
65,45,30,17,53,83,10,RC102,RC
66,35,40,16,11,41,10,RC102,RC
67,41,37,16,133,163,10,RC102,RC
68,64,42,9,70,100,10,RC102,RC
69,40,60,21,144,174,10,RC102,RC
70,31,52,27,41,71,10,RC102,RC
71,35,69,23,180,210,10,RC102,RC
72,65,55,14,65,95,10,RC102,RC
73,63,65,8,0,202,10,RC102,RC
74,2,60,5,77,107,10,RC102,RC
75,20,20,8,141,171,10,RC102,RC
76,5,5,16,0,172,10,RC102,RC
77,60,12,31,75,105,10,RC102,RC
78,23,3,7,150,180,10,RC102,RC
79,8,56,27,90,120,10,RC102,RC
80,6,68,30,89,119,10,RC102,RC
81,47,47,13,192,222,10,RC102,RC
82,49,58,10,86,116,10,RC102,RC
83,27,43,9,0,215,10,RC102,RC
84,37,31,14,0,210,10,RC102,RC
85,57,29,18,96,126,10,RC102,RC
86,63,23,2,0,194,10,RC102,RC
87,21,24,28,87,117,10,RC102,RC
88,12,24,13,90,120,10,RC102,RC
89,24,58,19,67,97,10,RC102,RC
90,67,5,25,144,174,10,RC102,RC
91,37,47,6,86,116,10,RC102,RC
92,49,42,13,0,217,10,RC102,RC
93,53,43,14,14,44,10,RC102,RC
94,61,52,3,178,208,10,RC102,RC
95,57,48,23,0,212,10,RC102,RC
96,56,37,6,0,209,10,RC102,RC
97,55,54,26,0,214,10,RC102,RC
98,4,18,35,120,150,10,RC102,RC
99,26,52,9,0,215,10,RC102,RC
100,26,35,15,77,107,10,RC102,RC
101,31,67,3,180,210,10,RC102,RC
1,40,50,0,0,240,0,RC103,RC
2,25,85,20,0,191,10,RC103,RC
3,22,75,30,0,199,10,RC103,RC
4,22,85,10,0,190,10,RC103,RC
5,20,80,40,141,171,10,RC103,RC
6,20,85,20,0,189,10,RC103,RC
7,18,75,20,95,125,10,RC103,RC
8,15,75,20,0,194,10,RC103,RC
9,15,80,10,91,121,10,RC103,RC
10,10,35,20,91,121,10,RC103,RC
11,10,40,30,119,149,10,RC103,RC
12,8,40,40,59,89,10,RC103,RC
13,8,45,20,0,197,10,RC103,RC
14,5,35,10,142,172,10,RC103,RC
15,5,45,10,0,194,10,RC103,RC
16,2,40,20,58,88,10,RC103,RC
17,0,40,20,0,188,10,RC103,RC
18,0,45,20,149,179,10,RC103,RC
19,44,5,20,0,184,10,RC103,RC
20,42,10,40,0,189,10,RC103,RC
21,42,15,10,0,194,10,RC103,RC
22,40,5,10,0,185,10,RC103,RC
23,40,15,40,92,122,10,RC103,RC
24,38,5,30,65,95,10,RC103,RC
25,38,15,10,0,194,10,RC103,RC
26,35,5,20,154,184,10,RC103,RC
27,95,30,30,0,171,10,RC103,RC
28,95,35,20,62,92,10,RC103,RC
29,92,30,10,0,174,10,RC103,RC
30,90,35,10,0,177,10,RC103,RC
31,88,30,10,74,104,10,RC103,RC
32,88,35,20,0,179,10,RC103,RC
33,87,30,10,0,178,10,RC103,RC
34,85,25,10,51,81,10,RC103,RC
35,85,35,30,0,182,10,RC103,RC
36,67,85,20,139,169,10,RC103,RC
37,65,85,40,43,73,10,RC103,RC
38,65,82,10,0,189,10,RC103,RC
39,62,80,30,75,105,10,RC103,RC
40,60,80,10,37,67,10,RC103,RC
41,60,85,30,85,115,10,RC103,RC
42,58,75,20,92,122,10,RC103,RC
43,55,80,10,33,63,10,RC103,RC
44,55,85,20,0,191,10,RC103,RC
45,55,82,10,64,94,10,RC103,RC
46,20,82,10,37,67,10,RC103,RC
47,18,80,10,0,192,10,RC103,RC
48,2,45,10,0,191,10,RC103,RC
49,42,5,10,0,184,10,RC103,RC
50,42,12,10,104,134,10,RC103,RC
51,72,35,30,0,194,10,RC103,RC
52,55,20,19,0,196,10,RC103,RC
53,25,30,3,0,205,10,RC103,RC
54,20,50,5,91,121,10,RC103,RC
55,55,60,16,0,211,10,RC103,RC
56,30,60,16,140,170,10,RC103,RC
57,50,35,19,130,160,10,RC103,RC
58,30,25,23,0,203,10,RC103,RC
59,15,10,20,152,182,10,RC103,RC
60,10,20,19,0,187,10,RC103,RC
61,15,60,17,0,203,10,RC103,RC
62,45,65,9,0,214,10,RC103,RC
63,65,35,3,52,82,10,RC103,RC
64,65,20,6,0,190,10,RC103,RC
65,45,30,17,53,83,10,RC103,RC
66,35,40,16,11,41,10,RC103,RC
67,41,37,16,133,163,10,RC103,RC
68,64,42,9,70,100,10,RC103,RC
69,40,60,21,144,174,10,RC103,RC
70,31,52,27,41,71,10,RC103,RC
71,35,69,23,180,210,10,RC103,RC
72,65,55,14,0,204,10,RC103,RC
73,63,65,8,0,202,10,RC103,RC
74,2,60,5,0,190,10,RC103,RC
75,20,20,8,141,171,10,RC103,RC
76,5,5,16,0,172,10,RC103,RC
77,60,12,31,75,105,10,RC103,RC
78,23,3,7,150,180,10,RC103,RC
79,8,56,27,90,120,10,RC103,RC
80,6,68,30,89,119,10,RC103,RC
81,47,47,13,192,222,10,RC103,RC
82,49,58,10,0,217,10,RC103,RC
83,27,43,9,0,215,10,RC103,RC
84,37,31,14,0,210,10,RC103,RC
85,57,29,18,96,126,10,RC103,RC
86,63,23,2,0,194,10,RC103,RC
87,21,24,28,0,197,10,RC103,RC
88,12,24,13,90,120,10,RC103,RC
89,24,58,19,67,97,10,RC103,RC
90,67,5,25,0,177,10,RC103,RC
91,37,47,6,0,225,10,RC103,RC
92,49,42,13,0,217,10,RC103,RC
93,53,43,14,14,44,10,RC103,RC
94,61,52,3,178,208,10,RC103,RC
95,57,48,23,0,212,10,RC103,RC
96,56,37,6,0,209,10,RC103,RC
97,55,54,26,0,214,10,RC103,RC
98,4,18,35,0,181,10,RC103,RC
99,26,52,9,0,215,10,RC103,RC
100,26,35,15,77,107,10,RC103,RC
101,31,67,3,180,210,10,RC103,RC
1,40,50,0,0,240,0,RC104,RC
2,25,85,20,0,191,10,RC104,RC
3,22,75,30,0,199,10,RC104,RC
4,22,85,10,0,190,10,RC104,RC
5,20,80,40,141,171,10,RC104,RC
6,20,85,20,0,189,10,RC104,RC
7,18,75,20,0,196,10,RC104,RC
8,15,75,20,0,194,10,RC104,RC
9,15,80,10,91,121,10,RC104,RC
10,10,35,20,91,121,10,RC104,RC
11,10,40,30,0,198,10,RC104,RC
12,8,40,40,59,89,10,RC104,RC
13,8,45,20,0,197,10,RC104,RC
14,5,35,10,142,172,10,RC104,RC
15,5,45,10,0,194,10,RC104,RC
16,2,40,20,58,88,10,RC104,RC
17,0,40,20,0,188,10,RC104,RC
18,0,45,20,0,189,10,RC104,RC
19,44,5,20,0,184,10,RC104,RC
20,42,10,40,0,189,10,RC104,RC
21,42,15,10,0,194,10,RC104,RC
22,40,5,10,0,185,10,RC104,RC
23,40,15,40,0,195,10,RC104,RC
24,38,5,30,65,95,10,RC104,RC
25,38,15,10,0,194,10,RC104,RC
26,35,5,20,154,184,10,RC104,RC
27,95,30,30,0,171,10,RC104,RC
28,95,35,20,0,172,10,RC104,RC
29,92,30,10,0,174,10,RC104,RC
30,90,35,10,0,177,10,RC104,RC
31,88,30,10,0,178,10,RC104,RC
32,88,35,20,0,179,10,RC104,RC
33,87,30,10,0,178,10,RC104,RC
34,85,25,10,0,178,10,RC104,RC
35,85,35,30,0,182,10,RC104,RC
36,67,85,20,0,185,10,RC104,RC
37,65,85,40,0,186,10,RC104,RC
38,65,82,10,0,189,10,RC104,RC
39,62,80,30,75,105,10,RC104,RC
40,60,80,10,0,193,10,RC104,RC
41,60,85,30,0,189,10,RC104,RC
42,58,75,20,0,199,10,RC104,RC
43,55,80,10,0,196,10,RC104,RC
44,55,85,20,0,191,10,RC104,RC
45,55,82,10,64,94,10,RC104,RC
46,20,82,10,0,192,10,RC104,RC
47,18,80,10,0,192,10,RC104,RC
48,2,45,10,0,191,10,RC104,RC
49,42,5,10,0,184,10,RC104,RC
50,42,12,10,0,191,10,RC104,RC
51,72,35,30,0,194,10,RC104,RC
52,55,20,19,0,196,10,RC104,RC
53,25,30,3,0,205,10,RC104,RC
54,20,50,5,91,121,10,RC104,RC
55,55,60,16,0,211,10,RC104,RC
56,30,60,16,140,170,10,RC104,RC
57,50,35,19,0,211,10,RC104,RC
58,30,25,23,0,203,10,RC104,RC
59,15,10,20,152,182,10,RC104,RC
60,10,20,19,0,187,10,RC104,RC
61,15,60,17,0,203,10,RC104,RC
62,45,65,9,0,214,10,RC104,RC
63,65,35,3,52,82,10,RC104,RC
64,65,20,6,0,190,10,RC104,RC
65,45,30,17,0,209,10,RC104,RC
66,35,40,16,0,218,10,RC104,RC
67,41,37,16,0,216,10,RC104,RC
68,64,42,9,70,100,10,RC104,RC
69,40,60,21,0,220,10,RC104,RC
70,31,52,27,41,71,10,RC104,RC
71,35,69,23,0,210,10,RC104,RC
72,65,55,14,0,204,10,RC104,RC
73,63,65,8,0,202,10,RC104,RC
74,2,60,5,0,190,10,RC104,RC
75,20,20,8,141,171,10,RC104,RC
76,5,5,16,0,172,10,RC104,RC
77,60,12,31,75,105,10,RC104,RC
78,23,3,7,150,180,10,RC104,RC
79,8,56,27,0,197,10,RC104,RC
80,6,68,30,89,119,10,RC104,RC
81,47,47,13,0,222,10,RC104,RC
82,49,58,10,0,217,10,RC104,RC
83,27,43,9,0,215,10,RC104,RC
84,37,31,14,0,210,10,RC104,RC
85,57,29,18,96,126,10,RC104,RC
86,63,23,2,0,194,10,RC104,RC
87,21,24,28,0,197,10,RC104,RC
88,12,24,13,90,120,10,RC104,RC
89,24,58,19,0,212,10,RC104,RC
90,67,5,25,0,177,10,RC104,RC
91,37,47,6,0,225,10,RC104,RC
92,49,42,13,0,217,10,RC104,RC
93,53,43,14,14,44,10,RC104,RC
94,61,52,3,0,208,10,RC104,RC
95,57,48,23,0,212,10,RC104,RC
96,56,37,6,0,209,10,RC104,RC
97,55,54,26,0,214,10,RC104,RC
98,4,18,35,0,181,10,RC104,RC
99,26,52,9,0,215,10,RC104,RC
100,26,35,15,77,107,10,RC104,RC
101,31,67,3,180,210,10,RC104,RC
1,40,50,0,0,240,0,RC105,RC
2,25,85,20,71,191,10,RC105,RC
3,22,75,30,30,150,10,RC105,RC
4,22,85,10,64,184,10,RC105,RC
5,20,80,40,151,161,10,RC105,RC
6,20,85,20,40,160,10,RC105,RC
7,18,75,20,96,123,10,RC105,RC
8,15,75,20,35,155,10,RC105,RC
9,15,80,10,101,111,10,RC105,RC
10,10,35,20,101,111,10,RC105,RC
11,10,40,30,123,144,10,RC105,RC
12,8,40,40,69,79,10,RC105,RC
13,8,45,20,32,152,10,RC105,RC
14,5,35,10,152,162,10,RC105,RC
15,5,45,10,35,117,10,RC105,RC
16,2,40,20,68,78,10,RC105,RC
17,0,40,20,59,114,10,RC105,RC
18,0,45,20,147,180,10,RC105,RC
19,44,5,20,79,124,10,RC105,RC
20,42,10,40,58,115,10,RC105,RC
21,42,15,10,111,162,10,RC105,RC
22,40,5,10,45,165,10,RC105,RC
23,40,15,40,94,119,10,RC105,RC
24,38,5,30,75,85,10,RC105,RC
25,38,15,10,128,194,10,RC105,RC
26,35,5,20,171,181,10,RC105,RC
27,95,30,30,58,171,10,RC105,RC
28,95,35,20,60,93,10,RC105,RC
29,92,30,10,55,120,10,RC105,RC
30,90,35,10,52,112,10,RC105,RC
31,88,30,10,75,102,10,RC105,RC
32,88,35,20,50,170,10,RC105,RC
33,87,30,10,116,175,10,RC105,RC
34,85,25,10,51,85,10,RC105,RC
35,85,35,30,62,182,10,RC105,RC
36,67,85,20,138,169,10,RC105,RC
37,65,85,40,43,78,10,RC105,RC
38,65,82,10,69,189,10,RC105,RC
39,62,80,30,85,95,10,RC105,RC
40,60,80,10,36,74,10,RC105,RC
41,60,85,30,87,112,10,RC105,RC
42,58,75,20,92,121,10,RC105,RC
43,55,80,10,33,66,10,RC105,RC
44,55,85,20,117,168,10,RC105,RC
45,55,82,10,74,84,10,RC105,RC
46,20,82,10,37,72,10,RC105,RC
47,18,80,10,98,157,10,RC105,RC
48,2,45,10,38,109,10,RC105,RC
49,42,5,10,64,184,10,RC105,RC
50,42,12,10,109,128,10,RC105,RC
51,72,35,30,71,191,10,RC105,RC
52,55,20,19,69,126,10,RC105,RC
53,25,30,3,25,145,10,RC105,RC
54,20,50,5,101,111,10,RC105,RC
55,55,60,16,127,180,10,RC105,RC
56,30,60,16,150,160,10,RC105,RC
57,50,35,19,130,159,10,RC105,RC
58,30,25,23,82,139,10,RC105,RC
59,15,10,20,172,182,10,RC105,RC
60,10,20,19,42,162,10,RC105,RC
61,15,60,17,137,202,10,RC105,RC
62,45,65,9,55,106,10,RC105,RC
63,65,35,3,62,72,10,RC105,RC
64,65,20,6,39,108,10,RC105,RC
65,45,30,17,53,82,10,RC105,RC
66,35,40,16,11,43,10,RC105,RC
67,41,37,16,134,161,10,RC105,RC
68,64,42,9,80,90,10,RC105,RC
69,40,60,21,144,173,10,RC105,RC
70,31,52,27,51,61,10,RC105,RC
71,35,69,23,172,210,10,RC105,RC
72,65,55,14,52,107,10,RC105,RC
73,63,65,8,27,147,10,RC105,RC
74,2,60,5,65,118,10,RC105,RC
75,20,20,8,151,161,10,RC105,RC
76,5,5,16,57,172,10,RC105,RC
77,60,12,31,85,95,10,RC105,RC
78,23,3,7,163,173,10,RC105,RC
79,8,56,27,90,119,10,RC105,RC
80,6,68,30,99,109,10,RC105,RC
81,47,47,13,190,222,10,RC105,RC
82,49,58,10,80,121,10,RC105,RC
83,27,43,9,14,134,10,RC105,RC
84,37,31,14,19,139,10,RC105,RC
85,57,29,18,106,116,10,RC105,RC
86,63,23,2,42,162,10,RC105,RC
87,21,24,28,77,126,10,RC105,RC
88,12,24,13,100,110,10,RC105,RC
89,24,58,19,67,96,10,RC105,RC
90,67,5,25,105,177,10,RC105,RC
91,37,47,6,74,127,10,RC105,RC
92,49,42,13,97,217,10,RC105,RC
93,53,43,14,15,25,10,RC105,RC
94,61,52,3,173,208,10,RC105,RC
95,57,48,23,50,170,10,RC105,RC
96,56,37,6,20,140,10,RC105,RC
97,55,54,26,87,207,10,RC105,RC
98,4,18,35,112,157,10,RC105,RC
99,26,52,9,14,134,10,RC105,RC
100,26,35,15,87,97,10,RC105,RC
101,31,67,3,200,210,10,RC105,RC
1,40,50,0,0,240,0,RC106,RC
2,25,85,20,130,190,10,RC106,RC
3,22,75,30,35,95,10,RC106,RC
4,22,85,10,94,154,10,RC106,RC
5,20,80,40,126,186,10,RC106,RC
6,20,85,20,40,100,10,RC106,RC
7,18,75,20,80,140,10,RC106,RC
8,15,75,20,64,124,10,RC106,RC
9,15,80,10,76,136,10,RC106,RC
10,10,35,20,76,136,10,RC106,RC
11,10,40,30,104,164,10,RC106,RC
12,8,40,40,44,104,10,RC106,RC
13,8,45,20,49,109,10,RC106,RC
14,5,35,10,127,187,10,RC106,RC
15,5,45,10,35,95,10,RC106,RC
16,2,40,20,43,103,10,RC106,RC
17,0,40,20,57,117,10,RC106,RC
18,0,45,20,129,189,10,RC106,RC
19,44,5,20,72,132,10,RC106,RC
20,42,10,40,57,117,10,RC106,RC
21,42,15,10,107,167,10,RC106,RC
22,40,5,10,52,112,10,RC106,RC
23,40,15,40,77,137,10,RC106,RC
24,38,5,30,50,110,10,RC106,RC
25,38,15,10,133,193,10,RC106,RC
26,35,5,20,124,184,10,RC106,RC
27,95,30,30,100,160,10,RC106,RC
28,95,35,20,57,117,10,RC106,RC
29,92,30,10,55,115,10,RC106,RC
30,90,35,10,52,112,10,RC106,RC
31,88,30,10,59,119,10,RC106,RC
32,88,35,20,50,110,10,RC106,RC
33,87,30,10,116,176,10,RC106,RC
34,85,25,10,51,111,10,RC106,RC
35,85,35,30,96,156,10,RC106,RC
36,67,85,20,124,184,10,RC106,RC
37,65,85,40,43,103,10,RC106,RC
38,65,82,10,109,169,10,RC106,RC
39,62,80,30,60,120,10,RC106,RC
40,60,80,10,36,96,10,RC106,RC
41,60,85,30,70,130,10,RC106,RC
42,58,75,20,77,137,10,RC106,RC
43,55,80,10,33,93,10,RC106,RC
44,55,85,20,113,173,10,RC106,RC
45,55,82,10,49,109,10,RC106,RC
46,20,82,10,37,97,10,RC106,RC
47,18,80,10,98,158,10,RC106,RC
48,2,45,10,38,98,10,RC106,RC
49,42,5,10,124,184,10,RC106,RC
50,42,12,10,89,149,10,RC106,RC
51,72,35,30,101,161,10,RC106,RC
52,55,20,19,68,128,10,RC106,RC
53,25,30,3,37,97,10,RC106,RC
54,20,50,5,76,136,10,RC106,RC
55,55,60,16,124,184,10,RC106,RC
56,30,60,16,125,185,10,RC106,RC
57,50,35,19,115,175,10,RC106,RC
58,30,25,23,81,141,10,RC106,RC
59,15,10,20,122,182,10,RC106,RC
60,10,20,19,42,102,10,RC106,RC
61,15,60,17,140,200,10,RC106,RC
62,45,65,9,51,111,10,RC106,RC
63,65,35,3,37,97,10,RC106,RC
64,65,20,6,39,99,10,RC106,RC
65,45,30,17,38,98,10,RC106,RC
66,35,40,16,11,71,10,RC106,RC
67,41,37,16,118,178,10,RC106,RC
68,64,42,9,55,115,10,RC106,RC
69,40,60,21,129,189,10,RC106,RC
70,31,52,27,26,86,10,RC106,RC
71,35,69,23,150,210,10,RC106,RC
72,65,55,14,50,110,10,RC106,RC
73,63,65,8,27,87,10,RC106,RC
74,2,60,5,62,122,10,RC106,RC
75,20,20,8,126,186,10,RC106,RC
76,5,5,16,59,119,10,RC106,RC
77,60,12,31,60,120,10,RC106,RC
78,23,3,7,120,180,10,RC106,RC
79,8,56,27,75,135,10,RC106,RC
80,6,68,30,74,134,10,RC106,RC
81,47,47,13,162,222,10,RC106,RC
82,49,58,10,71,131,10,RC106,RC
83,27,43,9,27,87,10,RC106,RC
84,37,31,14,20,80,10,RC106,RC
85,57,29,18,81,141,10,RC106,RC
86,63,23,2,72,132,10,RC106,RC
87,21,24,28,72,132,10,RC106,RC
88,12,24,13,75,135,10,RC106,RC
89,24,58,19,52,112,10,RC106,RC
90,67,5,25,117,177,10,RC106,RC
91,37,47,6,71,131,10,RC106,RC
92,49,42,13,152,212,10,RC106,RC
93,53,43,14,14,74,10,RC106,RC
94,61,52,3,148,208,10,RC106,RC
95,57,48,23,80,140,10,RC106,RC
96,56,37,6,20,80,10,RC106,RC
97,55,54,26,117,177,10,RC106,RC
98,4,18,35,105,165,10,RC106,RC
99,26,52,9,31,91,10,RC106,RC
100,26,35,15,62,122,10,RC106,RC
101,31,67,3,150,210,10,RC106,RC
1,40,50,0,0,240,0,RC107,RC
2,25,85,20,125,191,10,RC107,RC
3,22,75,30,32,97,10,RC107,RC
4,22,85,10,101,146,10,RC107,RC
5,20,80,40,71,193,10,RC107,RC
6,20,85,20,40,113,10,RC107,RC
7,18,75,20,55,164,10,RC107,RC
8,15,75,20,69,118,10,RC107,RC
9,15,80,10,56,155,10,RC107,RC
10,10,35,20,51,160,10,RC107,RC
11,10,40,30,90,177,10,RC107,RC
12,8,40,40,33,152,10,RC107,RC
13,8,45,20,49,108,10,RC107,RC
14,5,35,10,62,191,10,RC107,RC
15,5,45,10,35,117,10,RC107,RC
16,2,40,20,39,161,10,RC107,RC
17,0,40,20,59,114,10,RC107,RC
18,0,45,20,60,189,10,RC107,RC
19,44,5,20,79,124,10,RC107,RC
20,42,10,40,58,115,10,RC107,RC
21,42,15,10,111,162,10,RC107,RC
22,40,5,10,52,111,10,RC107,RC
23,40,15,40,55,158,10,RC107,RC
24,38,5,30,45,164,10,RC107,RC
25,38,15,10,128,194,10,RC107,RC
26,35,5,20,54,184,10,RC107,RC
27,95,30,30,105,154,10,RC107,RC
28,95,35,20,57,172,10,RC107,RC
29,92,30,10,55,120,10,RC107,RC
30,90,35,10,52,112,10,RC107,RC
31,88,30,10,52,159,10,RC107,RC
32,88,35,20,50,110,10,RC107,RC
33,87,30,10,116,175,10,RC107,RC
34,85,25,10,51,178,10,RC107,RC
35,85,35,30,100,151,10,RC107,RC
36,67,85,20,61,185,10,RC107,RC
37,65,85,40,43,186,10,RC107,RC
38,65,82,10,113,164,10,RC107,RC
39,62,80,30,37,148,10,RC107,RC
40,60,80,10,36,191,10,RC107,RC
41,60,85,30,50,149,10,RC107,RC
42,58,75,20,48,165,10,RC107,RC
43,55,80,10,33,166,10,RC107,RC
44,55,85,20,117,168,10,RC107,RC
45,55,82,10,35,148,10,RC107,RC
46,20,82,10,37,177,10,RC107,RC
47,18,80,10,98,157,10,RC107,RC
48,2,45,10,38,109,10,RC107,RC
49,42,5,10,120,184,10,RC107,RC
50,42,12,10,79,158,10,RC107,RC
51,72,35,30,104,157,10,RC107,RC
52,55,20,19,69,126,10,RC107,RC
53,25,30,3,36,97,10,RC107,RC
54,20,50,5,57,154,10,RC107,RC
55,55,60,16,127,180,10,RC107,RC
56,30,60,16,95,214,10,RC107,RC
57,50,35,19,88,201,10,RC107,RC
58,30,25,23,82,139,10,RC107,RC
59,15,10,20,56,182,10,RC107,RC
60,10,20,19,42,125,10,RC107,RC
61,15,60,17,137,202,10,RC107,RC
62,45,65,9,55,106,10,RC107,RC
63,65,35,3,29,158,10,RC107,RC
64,65,20,6,39,108,10,RC107,RC
65,45,30,17,20,139,10,RC107,RC
66,35,40,16,11,140,10,RC107,RC
67,41,37,16,92,203,10,RC107,RC
68,64,42,9,28,141,10,RC107,RC
69,40,60,21,100,217,10,RC107,RC
70,31,52,27,9,134,10,RC107,RC
71,35,69,23,60,210,10,RC107,RC
72,65,55,14,52,107,10,RC107,RC
73,63,65,8,27,101,10,RC107,RC
74,2,60,5,65,118,10,RC107,RC
75,20,20,8,72,193,10,RC107,RC
76,5,5,16,60,117,10,RC107,RC
77,60,12,31,42,143,10,RC107,RC
78,23,3,7,52,180,10,RC107,RC
79,8,56,27,46,163,10,RC107,RC
80,6,68,30,54,153,10,RC107,RC
81,47,47,13,97,222,10,RC107,RC
82,49,58,10,80,121,10,RC107,RC
83,27,43,9,26,87,10,RC107,RC
84,37,31,14,19,87,10,RC107,RC
85,57,29,18,62,159,10,RC107,RC
86,63,23,2,76,127,10,RC107,RC
87,21,24,28,77,126,10,RC107,RC
88,12,24,13,68,141,10,RC107,RC
89,24,58,19,24,139,10,RC107,RC
90,67,5,25,105,177,10,RC107,RC
91,37,47,6,74,127,10,RC107,RC
92,49,42,13,151,212,10,RC107,RC
93,53,43,14,14,155,10,RC107,RC
94,61,52,3,69,208,10,RC107,RC
95,57,48,23,86,133,10,RC107,RC
96,56,37,6,20,84,10,RC107,RC
97,55,54,26,121,172,10,RC107,RC
98,4,18,35,112,157,10,RC107,RC
99,26,52,9,30,91,10,RC107,RC
100,26,35,15,37,146,10,RC107,RC
101,31,67,3,66,210,10,RC107,RC
1,40,50,0,0,240,0,RC108,RC
2,25,85,20,49,191,10,RC108,RC
3,22,75,30,30,168,10,RC108,RC
4,22,85,10,95,152,10,RC108,RC
5,20,80,40,69,193,10,RC108,RC
6,20,85,20,40,189,10,RC108,RC
7,18,75,20,60,159,10,RC108,RC
8,15,75,20,54,133,10,RC108,RC
9,15,80,10,67,144,10,RC108,RC
10,10,35,20,57,154,10,RC108,RC
11,10,40,30,106,161,10,RC108,RC
12,8,40,40,33,152,10,RC108,RC
13,8,45,20,32,148,10,RC108,RC
14,5,35,10,53,191,10,RC108,RC
15,5,45,10,35,194,10,RC108,RC
16,2,40,20,39,163,10,RC108,RC
17,0,40,20,41,141,10,RC108,RC
18,0,45,20,51,189,10,RC108,RC
19,44,5,20,73,130,10,RC108,RC
20,42,10,40,40,148,10,RC108,RC
21,42,15,10,94,179,10,RC108,RC
22,40,5,10,45,161,10,RC108,RC
23,40,15,40,64,149,10,RC108,RC
24,38,5,30,45,164,10,RC108,RC
25,38,15,10,51,194,10,RC108,RC
26,35,5,20,45,183,10,RC108,RC
27,95,30,30,90,169,10,RC108,RC
28,95,35,20,57,172,10,RC108,RC
29,92,30,10,55,174,10,RC108,RC
30,90,35,10,52,174,10,RC108,RC
31,88,30,10,52,147,10,RC108,RC
32,88,35,20,50,172,10,RC108,RC
33,87,30,10,61,178,10,RC108,RC
34,85,25,10,51,178,10,RC108,RC
35,85,35,30,83,168,10,RC108,RC
36,67,85,20,57,185,10,RC108,RC
37,65,85,40,43,186,10,RC108,RC
38,65,82,10,95,182,10,RC108,RC
39,62,80,30,38,141,10,RC108,RC
40,60,80,10,36,193,10,RC108,RC
41,60,85,30,61,138,10,RC108,RC
42,58,75,20,49,164,10,RC108,RC
43,55,80,10,33,180,10,RC108,RC
44,55,85,20,100,185,10,RC108,RC
45,55,82,10,35,142,10,RC108,RC
46,20,82,10,37,192,10,RC108,RC
47,18,80,10,71,184,10,RC108,RC
48,2,45,10,38,191,10,RC108,RC
49,42,5,10,50,184,10,RC108,RC
50,42,12,10,99,138,10,RC108,RC
51,72,35,30,83,178,10,RC108,RC
52,55,20,19,45,150,10,RC108,RC
53,25,30,3,25,150,10,RC108,RC
54,20,50,5,68,143,10,RC108,RC
55,55,60,16,107,200,10,RC108,RC
56,30,60,16,95,214,10,RC108,RC
57,50,35,19,91,198,10,RC108,RC
58,30,25,23,56,165,10,RC108,RC
59,15,10,20,51,182,10,RC108,RC
60,10,20,19,42,187,10,RC108,RC
61,15,60,17,62,203,10,RC108,RC
62,45,65,9,37,124,10,RC108,RC
63,65,35,3,29,168,10,RC108,RC
64,65,20,6,39,190,10,RC108,RC
65,45,30,17,20,139,10,RC108,RC
66,35,40,16,11,150,10,RC108,RC
67,41,37,16,97,198,10,RC108,RC
68,64,42,9,31,138,10,RC108,RC
69,40,60,21,101,216,10,RC108,RC
70,31,52,27,9,139,10,RC108,RC
71,35,69,23,30,210,10,RC108,RC
72,65,55,14,30,129,10,RC108,RC
73,63,65,8,27,202,10,RC108,RC
74,2,60,5,46,137,10,RC108,RC
75,20,20,8,71,193,10,RC108,RC
76,5,5,16,57,165,10,RC108,RC
77,60,12,31,48,131,10,RC108,RC
78,23,3,7,49,180,10,RC108,RC
79,8,56,27,47,162,10,RC108,RC
80,6,68,30,65,142,10,RC108,RC
81,47,47,13,93,222,10,RC108,RC
82,49,58,10,78,123,10,RC108,RC
83,27,43,9,14,140,10,RC108,RC
84,37,31,14,19,172,10,RC108,RC
85,57,29,18,73,148,10,RC108,RC
86,63,23,2,59,144,10,RC108,RC
87,21,24,28,63,140,10,RC108,RC
88,12,24,13,91,118,10,RC108,RC
89,24,58,19,27,136,10,RC108,RC
90,67,5,25,52,177,10,RC108,RC
91,37,47,6,53,148,10,RC108,RC
92,49,42,13,89,217,10,RC108,RC
93,53,43,14,14,177,10,RC108,RC
94,61,52,3,50,208,10,RC108,RC
95,57,48,23,76,143,10,RC108,RC
96,56,37,6,20,159,10,RC108,RC
97,55,54,26,105,188,10,RC108,RC
98,4,18,35,104,165,10,RC108,RC
99,26,52,9,14,136,10,RC108,RC
100,26,35,15,42,141,10,RC108,RC
101,31,67,3,43,210,10,RC108,RC
1,40,50,0,0,960,0,RC201,RC
2,25,85,20,673,793,10,RC201,RC
3,22,75,30,152,272,10,RC201,RC
4,22,85,10,471,591,10,RC201,RC
5,20,80,40,644,764,10,RC201,RC
6,20,85,20,73,193,10,RC201,RC
7,18,75,20,388,508,10,RC201,RC
8,15,75,20,300,420,10,RC201,RC
9,15,80,10,367,487,10,RC201,RC
10,10,35,20,371,491,10,RC201,RC
11,10,40,30,519,639,10,RC201,RC
12,8,40,40,195,315,10,RC201,RC
13,8,45,20,223,343,10,RC201,RC
14,5,35,10,653,773,10,RC201,RC
15,5,45,10,35,155,10,RC201,RC
16,2,40,20,174,294,10,RC201,RC
17,0,40,20,255,375,10,RC201,RC
18,0,45,20,703,823,10,RC201,RC
19,44,5,20,335,455,10,RC201,RC
20,42,10,40,254,374,10,RC201,RC
21,42,15,10,537,657,10,RC201,RC
22,40,5,10,215,335,10,RC201,RC
23,40,15,40,375,495,10,RC201,RC
24,38,5,30,201,321,10,RC201,RC
25,38,15,10,681,801,10,RC201,RC
26,35,5,20,784,904,10,RC201,RC
27,95,30,30,529,649,10,RC201,RC
28,95,35,20,146,266,10,RC201,RC
29,92,30,10,149,269,10,RC201,RC
30,90,35,10,194,314,10,RC201,RC
31,88,30,10,246,366,10,RC201,RC
32,88,35,20,165,285,10,RC201,RC
33,87,30,10,621,741,10,RC201,RC
34,85,25,10,80,200,10,RC201,RC
35,85,35,30,487,607,10,RC201,RC
36,67,85,20,657,777,10,RC201,RC
37,65,85,40,43,163,10,RC201,RC
38,65,82,10,557,677,10,RC201,RC
39,62,80,30,278,398,10,RC201,RC
40,60,80,10,64,184,10,RC201,RC
41,60,85,30,329,449,10,RC201,RC
42,58,75,20,376,496,10,RC201,RC
43,55,80,10,33,153,10,RC201,RC
44,55,85,20,574,694,10,RC201,RC
45,55,82,10,217,337,10,RC201,RC
46,20,82,10,37,157,10,RC201,RC
47,18,80,10,489,609,10,RC201,RC
48,2,45,10,105,225,10,RC201,RC
49,42,5,10,732,852,10,RC201,RC
50,42,12,10,440,560,10,RC201,RC
51,72,35,30,507,627,10,RC201,RC
52,55,20,19,326,446,10,RC201,RC
53,25,30,3,175,295,10,RC201,RC
54,20,50,5,375,495,10,RC201,RC
55,55,60,16,601,721,10,RC201,RC
56,30,60,16,599,719,10,RC201,RC
57,50,35,19,557,677,10,RC201,RC
58,30,25,23,397,517,10,RC201,RC
59,15,10,20,782,902,10,RC201,RC
60,10,20,19,42,162,10,RC201,RC
61,15,60,17,694,814,10,RC201,RC
62,45,65,9,258,378,10,RC201,RC
63,65,35,3,167,287,10,RC201,RC
64,65,20,6,39,159,10,RC201,RC
65,45,30,17,191,311,10,RC201,RC
66,35,40,16,11,131,10,RC201,RC
67,41,37,16,566,686,10,RC201,RC
68,64,42,9,268,388,10,RC201,RC
69,40,60,21,612,732,10,RC201,RC
70,31,52,27,157,277,10,RC201,RC
71,35,69,23,810,930,10,RC201,RC
72,65,55,14,241,361,10,RC201,RC
73,63,65,8,60,180,10,RC201,RC
74,2,60,5,286,406,10,RC201,RC
75,20,20,8,645,765,10,RC201,RC
76,5,5,16,232,352,10,RC201,RC
77,60,12,31,268,388,10,RC201,RC
78,23,3,7,764,884,10,RC201,RC
79,8,56,27,365,485,10,RC201,RC
80,6,68,30,352,472,10,RC201,RC
81,47,47,13,822,942,10,RC201,RC
82,49,58,10,355,475,10,RC201,RC
83,27,43,9,152,272,10,RC201,RC
84,37,31,14,105,225,10,RC201,RC
85,57,29,18,395,515,10,RC201,RC
86,63,23,2,344,464,10,RC201,RC
87,21,24,28,349,469,10,RC201,RC
88,12,24,13,359,479,10,RC201,RC
89,24,58,19,260,380,10,RC201,RC
90,67,5,25,713,833,10,RC201,RC
91,37,47,6,359,479,10,RC201,RC
92,49,42,13,719,839,10,RC201,RC
93,53,43,14,14,134,10,RC201,RC
94,61,52,3,808,928,10,RC201,RC
95,57,48,23,392,512,10,RC201,RC
96,56,37,6,100,220,10,RC201,RC
97,55,54,26,562,682,10,RC201,RC
98,4,18,35,547,667,10,RC201,RC
99,26,52,9,172,292,10,RC201,RC
100,26,35,15,308,428,10,RC201,RC
101,31,67,3,810,930,10,RC201,RC
1,40,50,0,0,960,0,RC202,RC
2,25,85,20,0,911,10,RC202,RC
3,22,75,30,0,919,10,RC202,RC
4,22,85,10,0,910,10,RC202,RC
5,20,80,40,644,764,10,RC202,RC
6,20,85,20,0,909,10,RC202,RC
7,18,75,20,388,508,10,RC202,RC
8,15,75,20,0,914,10,RC202,RC
9,15,80,10,367,487,10,RC202,RC
10,10,35,20,371,491,10,RC202,RC
11,10,40,30,519,639,10,RC202,RC
12,8,40,40,195,315,10,RC202,RC
13,8,45,20,0,917,10,RC202,RC
14,5,35,10,653,773,10,RC202,RC
15,5,45,10,35,155,10,RC202,RC
16,2,40,20,174,294,10,RC202,RC
17,0,40,20,255,375,10,RC202,RC
18,0,45,20,703,823,10,RC202,RC
19,44,5,20,335,455,10,RC202,RC
20,42,10,40,254,374,10,RC202,RC
21,42,15,10,537,657,10,RC202,RC
22,40,5,10,0,905,10,RC202,RC
23,40,15,40,375,495,10,RC202,RC
24,38,5,30,201,321,10,RC202,RC
25,38,15,10,681,801,10,RC202,RC
26,35,5,20,784,904,10,RC202,RC
27,95,30,30,0,891,10,RC202,RC
28,95,35,20,146,266,10,RC202,RC
29,92,30,10,149,269,10,RC202,RC
30,90,35,10,194,314,10,RC202,RC
31,88,30,10,246,366,10,RC202,RC
32,88,35,20,0,899,10,RC202,RC
33,87,30,10,621,741,10,RC202,RC
34,85,25,10,80,200,10,RC202,RC
35,85,35,30,0,902,10,RC202,RC
36,67,85,20,657,777,10,RC202,RC
37,65,85,40,43,163,10,RC202,RC
38,65,82,10,0,909,10,RC202,RC
39,62,80,30,278,398,10,RC202,RC
40,60,80,10,64,184,10,RC202,RC
41,60,85,30,329,449,10,RC202,RC
42,58,75,20,376,496,10,RC202,RC
43,55,80,10,33,153,10,RC202,RC
44,55,85,20,574,694,10,RC202,RC
45,55,82,10,217,337,10,RC202,RC
46,20,82,10,37,157,10,RC202,RC
47,18,80,10,489,609,10,RC202,RC
48,2,45,10,105,225,10,RC202,RC
49,42,5,10,0,904,10,RC202,RC
50,42,12,10,440,560,10,RC202,RC
51,72,35,30,0,914,10,RC202,RC
52,55,20,19,326,446,10,RC202,RC
53,25,30,3,0,925,10,RC202,RC
54,20,50,5,375,495,10,RC202,RC
55,55,60,16,601,721,10,RC202,RC
56,30,60,16,599,719,10,RC202,RC
57,50,35,19,557,677,10,RC202,RC
58,30,25,23,397,517,10,RC202,RC
59,15,10,20,782,902,10,RC202,RC
60,10,20,19,0,907,10,RC202,RC
61,15,60,17,694,814,10,RC202,RC
62,45,65,9,258,378,10,RC202,RC
63,65,35,3,167,287,10,RC202,RC
64,65,20,6,39,159,10,RC202,RC
65,45,30,17,191,311,10,RC202,RC
66,35,40,16,11,131,10,RC202,RC
67,41,37,16,566,686,10,RC202,RC
68,64,42,9,268,388,10,RC202,RC
69,40,60,21,612,732,10,RC202,RC
70,31,52,27,157,277,10,RC202,RC
71,35,69,23,810,930,10,RC202,RC
72,65,55,14,241,361,10,RC202,RC
73,63,65,8,0,922,10,RC202,RC
74,2,60,5,286,406,10,RC202,RC
75,20,20,8,645,765,10,RC202,RC
76,5,5,16,0,892,10,RC202,RC
77,60,12,31,268,388,10,RC202,RC
78,23,3,7,764,884,10,RC202,RC
79,8,56,27,365,485,10,RC202,RC
80,6,68,30,352,472,10,RC202,RC
81,47,47,13,822,942,10,RC202,RC
82,49,58,10,355,475,10,RC202,RC
83,27,43,9,0,935,10,RC202,RC
84,37,31,14,0,930,10,RC202,RC
85,57,29,18,395,515,10,RC202,RC
86,63,23,2,0,914,10,RC202,RC
87,21,24,28,349,469,10,RC202,RC
88,12,24,13,359,479,10,RC202,RC
89,24,58,19,260,380,10,RC202,RC
90,67,5,25,713,833,10,RC202,RC
91,37,47,6,359,479,10,RC202,RC
92,49,42,13,0,937,10,RC202,RC
93,53,43,14,14,134,10,RC202,RC
94,61,52,3,808,928,10,RC202,RC
95,57,48,23,0,932,10,RC202,RC
96,56,37,6,0,929,10,RC202,RC
97,55,54,26,0,934,10,RC202,RC
98,4,18,35,547,667,10,RC202,RC
99,26,52,9,0,935,10,RC202,RC
100,26,35,15,308,428,10,RC202,RC
101,31,67,3,810,930,10,RC202,RC
1,40,50,0,0,960,0,RC203,RC
2,25,85,20,0,911,10,RC203,RC
3,22,75,30,0,919,10,RC203,RC
4,22,85,10,0,910,10,RC203,RC
5,20,80,40,644,764,10,RC203,RC
6,20,85,20,0,909,10,RC203,RC
7,18,75,20,388,508,10,RC203,RC
8,15,75,20,0,914,10,RC203,RC
9,15,80,10,367,487,10,RC203,RC
10,10,35,20,371,491,10,RC203,RC
11,10,40,30,519,639,10,RC203,RC
12,8,40,40,195,315,10,RC203,RC
13,8,45,20,0,917,10,RC203,RC
14,5,35,10,653,773,10,RC203,RC
15,5,45,10,0,914,10,RC203,RC
16,2,40,20,174,294,10,RC203,RC
17,0,40,20,0,908,10,RC203,RC
18,0,45,20,703,823,10,RC203,RC
19,44,5,20,0,904,10,RC203,RC
20,42,10,40,0,909,10,RC203,RC
21,42,15,10,0,914,10,RC203,RC
22,40,5,10,0,905,10,RC203,RC
23,40,15,40,375,495,10,RC203,RC
24,38,5,30,201,321,10,RC203,RC
25,38,15,10,0,914,10,RC203,RC
26,35,5,20,784,904,10,RC203,RC
27,95,30,30,0,891,10,RC203,RC
28,95,35,20,146,266,10,RC203,RC
29,92,30,10,0,894,10,RC203,RC
30,90,35,10,0,897,10,RC203,RC
31,88,30,10,246,366,10,RC203,RC
32,88,35,20,0,899,10,RC203,RC
33,87,30,10,0,898,10,RC203,RC
34,85,25,10,80,200,10,RC203,RC
35,85,35,30,0,902,10,RC203,RC
36,67,85,20,657,777,10,RC203,RC
37,65,85,40,43,163,10,RC203,RC
38,65,82,10,0,909,10,RC203,RC
39,62,80,30,278,398,10,RC203,RC
40,60,80,10,64,184,10,RC203,RC
41,60,85,30,329,449,10,RC203,RC
42,58,75,20,376,496,10,RC203,RC
43,55,80,10,33,153,10,RC203,RC
44,55,85,20,0,911,10,RC203,RC
45,55,82,10,217,337,10,RC203,RC
46,20,82,10,37,157,10,RC203,RC
47,18,80,10,0,912,10,RC203,RC
48,2,45,10,0,911,10,RC203,RC
49,42,5,10,0,904,10,RC203,RC
50,42,12,10,440,560,10,RC203,RC
51,72,35,30,0,914,10,RC203,RC
52,55,20,19,0,916,10,RC203,RC
53,25,30,3,0,925,10,RC203,RC
54,20,50,5,375,495,10,RC203,RC
55,55,60,16,0,931,10,RC203,RC
56,30,60,16,599,719,10,RC203,RC
57,50,35,19,557,677,10,RC203,RC
58,30,25,23,0,923,10,RC203,RC
59,15,10,20,782,902,10,RC203,RC
60,10,20,19,0,907,10,RC203,RC
61,15,60,17,0,923,10,RC203,RC
62,45,65,9,0,934,10,RC203,RC
63,65,35,3,167,287,10,RC203,RC
64,65,20,6,0,910,10,RC203,RC
65,45,30,17,191,311,10,RC203,RC
66,35,40,16,11,131,10,RC203,RC
67,41,37,16,566,686,10,RC203,RC
68,64,42,9,268,388,10,RC203,RC
69,40,60,21,612,732,10,RC203,RC
70,31,52,27,157,277,10,RC203,RC
71,35,69,23,810,930,10,RC203,RC
72,65,55,14,0,924,10,RC203,RC
73,63,65,8,0,922,10,RC203,RC
74,2,60,5,0,910,10,RC203,RC
75,20,20,8,645,765,10,RC203,RC
76,5,5,16,0,892,10,RC203,RC
77,60,12,31,268,388,10,RC203,RC
78,23,3,7,764,884,10,RC203,RC
79,8,56,27,365,485,10,RC203,RC
80,6,68,30,352,472,10,RC203,RC
81,47,47,13,822,942,10,RC203,RC
82,49,58,10,0,937,10,RC203,RC
83,27,43,9,0,935,10,RC203,RC
84,37,31,14,0,930,10,RC203,RC
85,57,29,18,395,515,10,RC203,RC
86,63,23,2,0,914,10,RC203,RC
87,21,24,28,0,917,10,RC203,RC
88,12,24,13,359,479,10,RC203,RC
89,24,58,19,260,380,10,RC203,RC
90,67,5,25,0,897,10,RC203,RC
91,37,47,6,0,945,10,RC203,RC
92,49,42,13,0,937,10,RC203,RC
93,53,43,14,14,134,10,RC203,RC
94,61,52,3,808,928,10,RC203,RC
95,57,48,23,0,932,10,RC203,RC
96,56,37,6,0,929,10,RC203,RC
97,55,54,26,0,934,10,RC203,RC
98,4,18,35,0,901,10,RC203,RC
99,26,52,9,0,935,10,RC203,RC
100,26,35,15,308,428,10,RC203,RC
101,31,67,3,810,930,10,RC203,RC
1,40,50,0,0,960,0,RC204,RC
2,25,85,20,0,911,10,RC204,RC
3,22,75,30,0,919,10,RC204,RC
4,22,85,10,0,910,10,RC204,RC
5,20,80,40,644,764,10,RC204,RC
6,20,85,20,0,909,10,RC204,RC
7,18,75,20,0,916,10,RC204,RC
8,15,75,20,0,914,10,RC204,RC
9,15,80,10,367,487,10,RC204,RC
10,10,35,20,371,491,10,RC204,RC
11,10,40,30,0,918,10,RC204,RC
12,8,40,40,195,315,10,RC204,RC
13,8,45,20,0,917,10,RC204,RC
14,5,35,10,653,773,10,RC204,RC
15,5,45,10,0,914,10,RC204,RC
16,2,40,20,174,294,10,RC204,RC
17,0,40,20,0,908,10,RC204,RC
18,0,45,20,0,909,10,RC204,RC
19,44,5,20,0,904,10,RC204,RC
20,42,10,40,0,909,10,RC204,RC
21,42,15,10,0,914,10,RC204,RC
22,40,5,10,0,905,10,RC204,RC
23,40,15,40,0,915,10,RC204,RC
24,38,5,30,201,321,10,RC204,RC
25,38,15,10,0,914,10,RC204,RC
26,35,5,20,784,904,10,RC204,RC
27,95,30,30,0,891,10,RC204,RC
28,95,35,20,0,892,10,RC204,RC
29,92,30,10,0,894,10,RC204,RC
30,90,35,10,0,897,10,RC204,RC
31,88,30,10,0,898,10,RC204,RC
32,88,35,20,0,899,10,RC204,RC
33,87,30,10,0,898,10,RC204,RC
34,85,25,10,0,898,10,RC204,RC
35,85,35,30,0,902,10,RC204,RC
36,67,85,20,0,905,10,RC204,RC
37,65,85,40,0,906,10,RC204,RC
38,65,82,10,0,909,10,RC204,RC
39,62,80,30,278,398,10,RC204,RC
40,60,80,10,0,913,10,RC204,RC
41,60,85,30,0,909,10,RC204,RC
42,58,75,20,0,919,10,RC204,RC
43,55,80,10,0,916,10,RC204,RC
44,55,85,20,0,911,10,RC204,RC
45,55,82,10,217,337,10,RC204,RC
46,20,82,10,0,912,10,RC204,RC
47,18,80,10,0,912,10,RC204,RC
48,2,45,10,0,911,10,RC204,RC
49,42,5,10,0,904,10,RC204,RC
50,42,12,10,0,911,10,RC204,RC
51,72,35,30,0,914,10,RC204,RC
52,55,20,19,0,916,10,RC204,RC
53,25,30,3,0,925,10,RC204,RC
54,20,50,5,375,495,10,RC204,RC
55,55,60,16,0,931,10,RC204,RC
56,30,60,16,599,719,10,RC204,RC
57,50,35,19,0,931,10,RC204,RC
58,30,25,23,0,923,10,RC204,RC
59,15,10,20,782,902,10,RC204,RC
60,10,20,19,0,907,10,RC204,RC
61,15,60,17,0,923,10,RC204,RC
62,45,65,9,0,934,10,RC204,RC
63,65,35,3,167,287,10,RC204,RC
64,65,20,6,0,910,10,RC204,RC
65,45,30,17,0,929,10,RC204,RC
66,35,40,16,0,938,10,RC204,RC
67,41,37,16,0,936,10,RC204,RC
68,64,42,9,268,388,10,RC204,RC
69,40,60,21,0,940,10,RC204,RC
70,31,52,27,157,277,10,RC204,RC
71,35,69,23,0,930,10,RC204,RC
72,65,55,14,0,924,10,RC204,RC
73,63,65,8,0,922,10,RC204,RC
74,2,60,5,0,910,10,RC204,RC
75,20,20,8,645,765,10,RC204,RC
76,5,5,16,0,892,10,RC204,RC
77,60,12,31,268,388,10,RC204,RC
78,23,3,7,764,884,10,RC204,RC
79,8,56,27,0,917,10,RC204,RC
80,6,68,30,352,472,10,RC204,RC
81,47,47,13,0,942,10,RC204,RC
82,49,58,10,0,937,10,RC204,RC
83,27,43,9,0,935,10,RC204,RC
84,37,31,14,0,930,10,RC204,RC
85,57,29,18,395,515,10,RC204,RC
86,63,23,2,0,914,10,RC204,RC
87,21,24,28,0,917,10,RC204,RC
88,12,24,13,359,479,10,RC204,RC
89,24,58,19,0,932,10,RC204,RC
90,67,5,25,0,897,10,RC204,RC
91,37,47,6,0,945,10,RC204,RC
92,49,42,13,0,937,10,RC204,RC
93,53,43,14,14,134,10,RC204,RC
94,61,52,3,0,928,10,RC204,RC
95,57,48,23,0,932,10,RC204,RC
96,56,37,6,0,929,10,RC204,RC
97,55,54,26,0,934,10,RC204,RC
98,4,18,35,0,901,10,RC204,RC
99,26,52,9,0,935,10,RC204,RC
100,26,35,15,308,428,10,RC204,RC
101,31,67,3,810,930,10,RC204,RC
1,40,50,0,0,960,0,RC205,RC
2,25,85,20,431,911,10,RC205,RC
3,22,75,30,30,510,10,RC205,RC
4,22,85,10,291,771,10,RC205,RC
5,20,80,40,674,734,10,RC205,RC
6,20,85,20,40,520,10,RC205,RC
7,18,75,20,393,502,10,RC205,RC
8,15,75,20,120,600,10,RC205,RC
9,15,80,10,397,457,10,RC205,RC
10,10,35,20,401,461,10,RC205,RC
11,10,40,30,535,622,10,RC205,RC
12,8,40,40,225,285,10,RC205,RC
13,8,45,20,43,523,10,RC205,RC
14,5,35,10,683,743,10,RC205,RC
15,5,45,10,35,366,10,RC205,RC
16,2,40,20,204,264,10,RC205,RC
17,0,40,20,204,425,10,RC205,RC
18,0,45,20,698,827,10,RC205,RC
19,44,5,20,306,483,10,RC205,RC
20,42,10,40,199,428,10,RC205,RC
21,42,15,10,494,699,10,RC205,RC
22,40,5,10,45,525,10,RC205,RC
23,40,15,40,383,486,10,RC205,RC
24,38,5,30,231,291,10,RC205,RC
25,38,15,10,609,872,10,RC205,RC
26,35,5,20,821,881,10,RC205,RC
27,95,30,30,349,829,10,RC205,RC
28,95,35,20,138,273,10,RC205,RC
29,92,30,10,78,339,10,RC205,RC
30,90,35,10,132,375,10,RC205,RC
31,88,30,10,252,359,10,RC205,RC
32,88,35,20,50,530,10,RC205,RC
33,87,30,10,562,799,10,RC205,RC
34,85,25,10,71,208,10,RC205,RC
35,85,35,30,307,787,10,RC205,RC
36,67,85,20,655,778,10,RC205,RC
37,65,85,40,43,186,10,RC205,RC
38,65,82,10,377,857,10,RC205,RC
39,62,80,30,308,368,10,RC205,RC
40,60,80,10,46,201,10,RC205,RC
41,60,85,30,339,438,10,RC205,RC
42,58,75,20,377,494,10,RC205,RC
43,55,80,10,33,166,10,RC205,RC
44,55,85,20,531,736,10,RC205,RC
45,55,82,10,247,307,10,RC205,RC
46,20,82,10,37,177,10,RC205,RC
47,18,80,10,432,665,10,RC205,RC
48,2,45,10,38,322,10,RC205,RC
49,42,5,10,424,904,10,RC205,RC
50,42,12,10,460,539,10,RC205,RC
51,72,35,30,327,807,10,RC205,RC
52,55,20,19,273,498,10,RC205,RC
53,25,30,3,25,505,10,RC205,RC
54,20,50,5,405,465,10,RC205,RC
55,55,60,16,554,767,10,RC205,RC
56,30,60,16,629,689,10,RC205,RC
57,50,35,19,560,673,10,RC205,RC
58,30,25,23,342,571,10,RC205,RC
59,15,10,20,842,902,10,RC205,RC
60,10,20,19,42,522,10,RC205,RC
61,15,60,17,623,884,10,RC205,RC
62,45,65,9,214,421,10,RC205,RC
63,65,35,3,197,257,10,RC205,RC
64,65,20,6,39,316,10,RC205,RC
65,45,30,17,191,310,10,RC205,RC
66,35,40,16,11,140,10,RC205,RC
67,41,37,16,570,681,10,RC205,RC
68,64,42,9,298,358,10,RC205,RC
69,40,60,21,613,730,10,RC205,RC
70,31,52,27,187,247,10,RC205,RC
71,35,69,23,780,930,10,RC205,RC
72,65,55,14,191,410,10,RC205,RC
73,63,65,8,27,507,10,RC205,RC
74,2,60,5,240,451,10,RC205,RC
75,20,20,8,675,735,10,RC205,RC
76,5,5,16,57,537,10,RC205,RC
77,60,12,31,298,358,10,RC205,RC
78,23,3,7,794,854,10,RC205,RC
79,8,56,27,366,483,10,RC205,RC
80,6,68,30,382,442,10,RC205,RC
81,47,47,13,817,942,10,RC205,RC
82,49,58,10,332,497,10,RC205,RC
83,27,43,9,14,494,10,RC205,RC
84,37,31,14,19,499,10,RC205,RC
85,57,29,18,425,485,10,RC205,RC
86,63,23,2,164,644,10,RC205,RC
87,21,24,28,310,507,10,RC205,RC
88,12,24,13,389,449,10,RC205,RC
89,24,58,19,262,377,10,RC205,RC
90,67,5,25,611,897,10,RC205,RC
91,37,47,6,311,526,10,RC205,RC
92,49,42,13,457,937,10,RC205,RC
93,53,43,14,14,74,10,RC205,RC
94,61,52,3,789,928,10,RC205,RC
95,57,48,23,212,692,10,RC205,RC
96,56,37,6,20,500,10,RC205,RC
97,55,54,26,382,862,10,RC205,RC
98,4,18,35,516,697,10,RC205,RC
99,26,52,9,14,494,10,RC205,RC
100,26,35,15,338,398,10,RC205,RC
101,31,67,3,870,930,10,RC205,RC
1,40,50,0,0,960,0,RC206,RC
2,25,85,20,613,853,10,RC206,RC
3,22,75,30,92,332,10,RC206,RC
4,22,85,10,411,651,10,RC206,RC
5,20,80,40,584,824,10,RC206,RC
6,20,85,20,40,280,10,RC206,RC
7,18,75,20,328,568,10,RC206,RC
8,15,75,20,240,480,10,RC206,RC
9,15,80,10,307,547,10,RC206,RC
10,10,35,20,311,551,10,RC206,RC
11,10,40,30,459,699,10,RC206,RC
12,8,40,40,135,375,10,RC206,RC
13,8,45,20,163,403,10,RC206,RC
14,5,35,10,593,833,10,RC206,RC
15,5,45,10,35,275,10,RC206,RC
16,2,40,20,114,354,10,RC206,RC
17,0,40,20,195,435,10,RC206,RC
18,0,45,20,643,883,10,RC206,RC
19,44,5,20,275,515,10,RC206,RC
20,42,10,40,194,434,10,RC206,RC
21,42,15,10,477,717,10,RC206,RC
22,40,5,10,155,395,10,RC206,RC
23,40,15,40,315,555,10,RC206,RC
24,38,5,30,141,381,10,RC206,RC
25,38,15,10,621,861,10,RC206,RC
26,35,5,20,664,904,10,RC206,RC
27,95,30,30,469,709,10,RC206,RC
28,95,35,20,86,326,10,RC206,RC
29,92,30,10,89,329,10,RC206,RC
30,90,35,10,134,374,10,RC206,RC
31,88,30,10,186,426,10,RC206,RC
32,88,35,20,105,345,10,RC206,RC
33,87,30,10,561,801,10,RC206,RC
34,85,25,10,51,291,10,RC206,RC
35,85,35,30,427,667,10,RC206,RC
36,67,85,20,597,837,10,RC206,RC
37,65,85,40,43,283,10,RC206,RC
38,65,82,10,497,737,10,RC206,RC
39,62,80,30,218,458,10,RC206,RC
40,60,80,10,36,276,10,RC206,RC
41,60,85,30,269,509,10,RC206,RC
42,58,75,20,316,556,10,RC206,RC
43,55,80,10,33,273,10,RC206,RC
44,55,85,20,514,754,10,RC206,RC
45,55,82,10,157,397,10,RC206,RC
46,20,82,10,37,277,10,RC206,RC
47,18,80,10,429,669,10,RC206,RC
48,2,45,10,45,285,10,RC206,RC
49,42,5,10,664,904,10,RC206,RC
50,42,12,10,380,620,10,RC206,RC
51,72,35,30,447,687,10,RC206,RC
52,55,20,19,266,506,10,RC206,RC
53,25,30,3,115,355,10,RC206,RC
54,20,50,5,315,555,10,RC206,RC
55,55,60,16,541,781,10,RC206,RC
56,30,60,16,539,779,10,RC206,RC
57,50,35,19,497,737,10,RC206,RC
58,30,25,23,337,577,10,RC206,RC
59,15,10,20,662,902,10,RC206,RC
60,10,20,19,42,282,10,RC206,RC
61,15,60,17,634,874,10,RC206,RC
62,45,65,9,198,438,10,RC206,RC
63,65,35,3,107,347,10,RC206,RC
64,65,20,6,39,279,10,RC206,RC
65,45,30,17,131,371,10,RC206,RC
66,35,40,16,11,251,10,RC206,RC
67,41,37,16,506,746,10,RC206,RC
68,64,42,9,208,448,10,RC206,RC
69,40,60,21,552,792,10,RC206,RC
70,31,52,27,97,337,10,RC206,RC
71,35,69,23,690,930,10,RC206,RC
72,65,55,14,181,421,10,RC206,RC
73,63,65,8,27,267,10,RC206,RC
74,2,60,5,226,466,10,RC206,RC
75,20,20,8,585,825,10,RC206,RC
76,5,5,16,172,412,10,RC206,RC
77,60,12,31,208,448,10,RC206,RC
78,23,3,7,660,900,10,RC206,RC
79,8,56,27,305,545,10,RC206,RC
80,6,68,30,292,532,10,RC206,RC
81,47,47,13,702,942,10,RC206,RC
82,49,58,10,295,535,10,RC206,RC
83,27,43,9,92,332,10,RC206,RC
84,37,31,14,45,285,10,RC206,RC
85,57,29,18,335,575,10,RC206,RC
86,63,23,2,284,524,10,RC206,RC
87,21,24,28,289,529,10,RC206,RC
88,12,24,13,299,539,10,RC206,RC
89,24,58,19,200,440,10,RC206,RC
90,67,5,25,653,893,10,RC206,RC
91,37,47,6,299,539,10,RC206,RC
92,49,42,13,659,899,10,RC206,RC
93,53,43,14,14,254,10,RC206,RC
94,61,52,3,688,928,10,RC206,RC
95,57,48,23,332,572,10,RC206,RC
96,56,37,6,40,280,10,RC206,RC
97,55,54,26,502,742,10,RC206,RC
98,4,18,35,487,727,10,RC206,RC
99,26,52,9,112,352,10,RC206,RC
100,26,35,15,248,488,10,RC206,RC
101,31,67,3,690,930,10,RC206,RC
1,40,50,0,0,960,0,RC207,RC
2,25,85,20,591,874,10,RC207,RC
3,22,75,30,73,350,10,RC207,RC
4,22,85,10,473,588,10,RC207,RC
5,20,80,40,418,913,10,RC207,RC
6,20,85,20,40,390,10,RC207,RC
7,18,75,20,249,646,10,RC207,RC
8,15,75,20,281,438,10,RC207,RC
9,15,80,10,272,581,10,RC207,RC
10,10,35,20,236,625,10,RC207,RC
11,10,40,30,470,687,10,RC207,RC
12,8,40,40,33,510,10,RC207,RC
13,8,45,20,166,399,10,RC207,RC
14,5,35,10,359,911,10,RC207,RC
15,5,45,10,35,457,10,RC207,RC
16,2,40,20,39,538,10,RC207,RC
17,0,40,20,214,415,10,RC207,RC
18,0,45,20,359,909,10,RC207,RC
19,44,5,20,338,451,10,RC207,RC
20,42,10,40,205,422,10,RC207,RC
21,42,15,10,511,682,10,RC207,RC
22,40,5,10,158,391,10,RC207,RC
23,40,15,40,263,606,10,RC207,RC
24,38,5,30,45,522,10,RC207,RC
25,38,15,10,598,883,10,RC207,RC
26,35,5,20,348,904,10,RC207,RC
27,95,30,30,509,668,10,RC207,RC
28,95,35,20,57,664,10,RC207,RC
29,92,30,10,68,349,10,RC207,RC
30,90,35,10,131,376,10,RC207,RC
31,88,30,10,114,497,10,RC207,RC
32,88,35,20,102,347,10,RC207,RC
33,87,30,10,564,797,10,RC207,RC
34,85,25,10,51,673,10,RC207,RC
35,85,35,30,462,631,10,RC207,RC
36,67,85,20,396,905,10,RC207,RC
37,65,85,40,43,712,10,RC207,RC
38,65,82,10,530,703,10,RC207,RC
39,62,80,30,131,544,10,RC207,RC
40,60,80,10,36,800,10,RC207,RC
41,60,85,30,233,544,10,RC207,RC
42,58,75,20,207,664,10,RC207,RC
43,55,80,10,33,624,10,RC207,RC
44,55,85,20,549,718,10,RC207,RC
45,55,82,10,62,491,10,RC207,RC
46,20,82,10,37,677,10,RC207,RC
47,18,80,10,435,662,10,RC207,RC
48,2,45,10,38,366,10,RC207,RC
49,42,5,10,636,904,10,RC207,RC
50,42,12,10,423,576,10,RC207,RC
51,72,35,30,471,662,10,RC207,RC
52,55,20,19,281,490,10,RC207,RC
53,25,30,3,109,360,10,RC207,RC
54,20,50,5,284,585,10,RC207,RC
55,55,60,16,568,753,10,RC207,RC
56,30,60,16,421,896,10,RC207,RC
57,50,35,19,404,829,10,RC207,RC
58,30,25,23,347,566,10,RC207,RC
59,15,10,20,380,902,10,RC207,RC
60,10,20,19,42,466,10,RC207,RC
61,15,60,17,613,894,10,RC207,RC
62,45,65,9,230,405,10,RC207,RC
63,65,35,3,29,587,10,RC207,RC
64,65,20,6,39,353,10,RC207,RC
65,45,30,17,20,497,10,RC207,RC
66,35,40,16,11,570,10,RC207,RC
67,41,37,16,423,828,10,RC207,RC
68,64,42,9,112,543,10,RC207,RC
69,40,60,21,441,902,10,RC207,RC
70,31,52,27,9,532,10,RC207,RC
71,35,69,23,211,930,10,RC207,RC
72,65,55,14,201,400,10,RC207,RC
73,63,65,8,27,382,10,RC207,RC
74,2,60,5,255,436,10,RC207,RC
75,20,20,8,427,913,10,RC207,RC
76,5,5,16,183,400,10,RC207,RC
77,60,12,31,162,493,10,RC207,RC
78,23,3,7,360,900,10,RC207,RC
79,8,56,27,195,654,10,RC207,RC
80,6,68,30,258,565,10,RC207,RC
81,47,47,13,426,942,10,RC207,RC
82,49,58,10,369,460,10,RC207,RC
83,27,43,9,85,338,10,RC207,RC
84,37,31,14,19,326,10,RC207,RC
85,57,29,18,304,605,10,RC207,RC
86,63,23,2,318,489,10,RC207,RC
87,21,24,28,332,485,10,RC207,RC
88,12,24,13,365,472,10,RC207,RC
89,24,58,19,100,539,10,RC207,RC
90,67,5,25,565,897,10,RC207,RC
91,37,47,6,324,513,10,RC207,RC
92,49,42,13,651,906,10,RC207,RC
93,53,43,14,14,669,10,RC207,RC
94,61,52,3,298,928,10,RC207,RC
95,57,48,23,385,518,10,RC207,RC
96,56,37,6,20,299,10,RC207,RC
97,55,54,26,538,705,10,RC207,RC
98,4,18,35,546,667,10,RC207,RC
99,26,52,9,109,354,10,RC207,RC
100,26,35,15,170,565,10,RC207,RC
101,31,67,3,262,930,10,RC207,RC
1,40,50,0,0,960,0,RC208,RC
2,25,85,20,388,911,10,RC208,RC
3,22,75,30,30,546,10,RC208,RC
4,22,85,10,353,708,10,RC208,RC
5,20,80,40,425,913,10,RC208,RC
6,20,85,20,40,630,10,RC208,RC
7,18,75,20,228,667,10,RC208,RC
8,15,75,20,161,558,10,RC208,RC
9,15,80,10,229,624,10,RC208,RC
10,10,35,20,213,648,10,RC208,RC
11,10,40,30,404,753,10,RC208,RC
12,8,40,40,33,511,10,RC208,RC
13,8,45,20,46,519,10,RC208,RC
14,5,35,10,395,911,10,RC208,RC
15,5,45,10,35,697,10,RC208,RC
16,2,40,20,39,528,10,RC208,RC
17,0,40,20,94,535,10,RC208,RC
18,0,45,20,394,909,10,RC208,RC
19,44,5,20,218,571,10,RC208,RC
20,42,10,40,85,542,10,RC208,RC
21,42,15,10,391,802,10,RC208,RC
22,40,5,10,45,517,10,RC208,RC
23,40,15,40,229,640,10,RC208,RC
24,38,5,30,45,523,10,RC208,RC
25,38,15,10,389,914,10,RC208,RC
26,35,5,20,386,904,10,RC208,RC
27,95,30,30,389,788,10,RC208,RC
28,95,35,20,57,600,10,RC208,RC
29,92,30,10,55,575,10,RC208,RC
30,90,35,10,52,536,10,RC208,RC
31,88,30,10,90,521,10,RC208,RC
32,88,35,20,50,534,10,RC208,RC
33,87,30,10,425,898,10,RC208,RC
34,85,25,10,51,602,10,RC208,RC
35,85,35,30,342,751,10,RC208,RC
36,67,85,20,410,905,10,RC208,RC
37,65,85,40,43,617,10,RC208,RC
38,65,82,10,410,823,10,RC208,RC
39,62,80,30,114,561,10,RC208,RC
40,60,80,10,36,658,10,RC208,RC
41,60,85,30,191,586,10,RC208,RC
42,58,75,20,201,670,10,RC208,RC
43,55,80,10,33,568,10,RC208,RC
44,55,85,20,429,838,10,RC208,RC
45,55,82,10,49,504,10,RC208,RC
46,20,82,10,37,597,10,RC208,RC
47,18,80,10,315,782,10,RC208,RC
48,2,45,10,38,606,10,RC208,RC
49,42,5,10,396,904,10,RC208,RC
50,42,12,10,341,658,10,RC208,RC
51,72,35,30,351,782,10,RC208,RC
52,55,20,19,161,610,10,RC208,RC
53,25,30,3,25,516,10,RC208,RC
54,20,50,5,239,630,10,RC208,RC
55,55,60,16,448,873,10,RC208,RC
56,30,60,16,420,897,10,RC208,RC
57,50,35,19,390,843,10,RC208,RC
58,30,25,23,227,686,10,RC208,RC
59,15,10,20,401,902,10,RC208,RC
60,10,20,19,42,706,10,RC208,RC
61,15,60,17,401,923,10,RC208,RC
62,45,65,9,110,525,10,RC208,RC
63,65,35,3,29,548,10,RC208,RC
64,65,20,6,39,593,10,RC208,RC
65,45,30,17,20,498,10,RC208,RC
66,35,40,16,11,530,10,RC208,RC
67,41,37,16,404,847,10,RC208,RC
68,64,42,9,100,555,10,RC208,RC
69,40,60,21,436,907,10,RC208,RC
70,31,52,27,9,510,10,RC208,RC
71,35,69,23,330,930,10,RC208,RC
72,65,55,14,81,520,10,RC208,RC
73,63,65,8,27,622,10,RC208,RC
74,2,60,5,135,556,10,RC208,RC
75,20,20,8,430,913,10,RC208,RC
76,5,5,16,63,520,10,RC208,RC
77,60,12,31,125,530,10,RC208,RC
78,23,3,7,390,900,10,RC208,RC
79,8,56,27,190,659,10,RC208,RC
80,6,68,30,215,608,10,RC208,RC
81,47,47,13,444,942,10,RC208,RC
82,49,58,10,249,580,10,RC208,RC
83,27,43,9,14,506,10,RC208,RC
84,37,31,14,19,566,10,RC208,RC
85,57,29,18,259,650,10,RC208,RC
86,63,23,2,198,609,10,RC208,RC
87,21,24,28,212,605,10,RC208,RC
88,12,24,13,272,565,10,RC208,RC
89,24,58,19,90,549,10,RC208,RC
90,67,5,25,325,897,10,RC208,RC
91,37,47,6,204,633,10,RC208,RC
92,49,42,13,442,937,10,RC208,RC
93,53,43,14,14,581,10,RC208,RC
94,61,52,3,373,928,10,RC208,RC
95,57,48,23,265,638,10,RC208,RC
96,56,37,6,20,539,10,RC208,RC
97,55,54,26,418,825,10,RC208,RC
98,4,18,35,426,787,10,RC208,RC
99,26,52,9,14,499,10,RC208,RC
100,26,35,15,149,586,10,RC208,RC
101,31,67,3,356,930,10,RC208,RC
