CUST_NO,XCOORD,YCOORD,DEMAND,READY_TIME,DUE_DATE,SERVICE_TIME,INSTANCE,TYPE,TYPE_ENCODED
1,0.42105263157894735,0.573170731707317,0.0,0.0,0.36460176991150445,0.0,C101,C,0
2,0.47368421052631576,0.7926829268292683,0.2,0.26902654867256637,0.28525073746312685,0.02654867256637168,C101,C,0
3,0.47368421052631576,0.8170731707317073,0.6,0.24336283185840707,0.25663716814159293,0.02654867256637168,C101,C,0
4,0.4421052631578947,0.7682926829268293,0.2,0.019174041297935103,0.043067846607669616,0.02654867256637168,C101,C,0
5,0.4421052631578947,0.7926829268292683,0.2,0.2144542772861357,0.23067846607669618,0.02654867256637168,C101,C,0
6,0.4421052631578947,0.7560975609756098,0.2,0.004424778761061947,0.01976401179941003,0.02654867256637168,C101,C,0
7,0.42105263157894735,0.8048780487804879,0.4,0.1831858407079646,0.20707964601769913,0.02654867256637168,C101,C,0
8,0.42105263157894735,0.7682926829268293,0.4,0.05014749262536873,0.06637168141592921,0.02654867256637168,C101,C,0
9,0.4,0.7926829268292683,0.4,0.0752212389380531,0.09557522123893805,0.02654867256637168,C101,C,0
10,0.4,0.8170731707317073,0.2,0.15752212389380532,0.17846607669616518,0.02654867256637168,C101,C,0
11,0.3684210526315789,0.7682926829268293,0.2,0.10530973451327434,0.12094395280235988,0.02654867256637168,C101,C,0
12,0.3684210526315789,0.8048780487804879,0.2,0.13215339233038348,0.14896755162241887,0.02654867256637168,C101,C,0
13,0.2631578947368421,1.0,0.4,0.19233038348082596,0.2126843657817109,0.02654867256637168,C101,C,0
14,0.23157894736842105,0.8780487804878049,0.6,0.008849557522123894,0.027138643067846607,0.02654867256637168,C101,C,0
15,0.23157894736842105,1.0,0.2,0.1672566371681416,0.18289085545722714,0.02654867256637168,C101,C,0
16,0.21052631578947367,0.9390243902439024,0.8,0.11327433628318584,0.12654867256637167,0.02654867256637168,C101,C,0
17,0.21052631578947367,1.0,0.8,0.140117994100295,0.15575221238938053,0.02654867256637168,C101,C,0
18,0.18947368421052632,0.8780487804878049,0.4,0.02920353982300885,0.04365781710914454,0.02654867256637168,C101,C,0
19,0.15789473684210525,0.8780487804878049,0.4,0.0528023598820059,0.07492625368731563,0.02654867256637168,C101,C,0
20,0.15789473684210525,0.9390243902439024,0.2,0.08200589970501475,0.10176991150442478,0.02654867256637168,C101,C,0
21,0.3157894736842105,0.573170731707317,0.2,0.0029498525073746312,0.021533923303834808,0.02654867256637168,C101,C,0
22,0.3157894736842105,0.5975609756097561,0.4,0.2696165191740413,0.28466076696165193,0.02654867256637168,C101,C,0
23,0.29473684210526313,0.5975609756097561,0.4,0.23952802359882006,0.2604719764011799,0.02654867256637168,C101,C,0
24,0.29473684210526313,0.6341463414634146,0.2,0.215929203539823,0.22920353982300884,0.02654867256637168,C101,C,0
25,0.2631578947368421,0.573170731707317,0.2,0.019174041297935103,0.04247787610619469,0.02654867256637168,C101,C,0
26,0.2631578947368421,0.5975609756097561,0.8,0.04985250737463127,0.06607669616519174,0.02654867256637168,C101,C,0
27,0.2631578947368421,0.6341463414634146,0.2,0.18348082595870208,0.20678466076696164,0.02654867256637168,C101,C,0
28,0.24210526315789474,0.5975609756097561,0.2,0.07699115044247788,0.09321533923303835,0.02654867256637168,C101,C,0
29,0.24210526315789474,0.6341463414634146,0.4,0.16106194690265488,0.17492625368731562,0.02654867256637168,C101,C,0
30,0.21052631578947367,0.573170731707317,0.2,0.1056047197640118,0.11946902654867257,0.02654867256637168,C101,C,0
31,0.21052631578947367,0.6341463414634146,0.2,0.13244837758112094,0.1486725663716814,0.02654867256637168,C101,C,0
32,0.10526315789473684,0.3902439024390244,0.4,0.058997050147492625,0.06991150442477877,0.02654867256637168,C101,C,0
33,0.10526315789473684,0.45121951219512196,0.6,0.009144542772861357,0.029498525073746312,0.02654867256637168,C101,C,0
34,0.08421052631578947,0.45121951219512196,0.8,0.02566371681415929,0.04660766961651917,0.02654867256637168,C101,C,0
35,0.08421052631578947,0.5121951219512195,0.4,0.2215339233038348,0.2407079646017699,0.02654867256637168,C101,C,0
36,0.05263157894736842,0.3902439024390244,0.2,0.08348082595870207,0.10147492625368731,0.02654867256637168,C101,C,0
37,0.05263157894736842,0.5121951219512195,0.2,0.19616519174041297,0.2112094395280236,0.02654867256637168,C101,C,0
38,0.021052631578947368,0.45121951219512196,0.4,0.11297935103244838,0.128023598820059,0.02654867256637168,C101,C,0
39,0.0,0.45121951219512196,0.6,0.14129793510324484,0.15398230088495576,0.02654867256637168,C101,C,0
40,0.0,0.5121951219512195,0.4,0.1672566371681416,0.184070796460177,0.02654867256637168,C101,C,0
41,0.3684210526315789,0.32926829268292684,0.2,0.07787610619469026,0.09469026548672567,0.02654867256637168,C101,C,0
42,0.3684210526315789,0.35365853658536583,0.2,0.04896755162241888,0.06932153392330384,0.02654867256637168,C101,C,0
43,0.3473684210526316,0.35365853658536583,0.4,0.020058997050147492,0.043952802359882005,0.02654867256637168,C101,C,0
44,0.3473684210526316,0.3902439024390244,0.2,0.00471976401179941,0.02359882005899705,0.02654867256637168,C101,C,0
45,0.3368421052631579,0.32926829268292684,0.2,0.10589970501474927,0.1215339233038348,0.02654867256637168,C101,C,0
46,0.3157894736842105,0.32926829268292684,0.2,0.15958702064896754,0.17699115044247787,0.02654867256637168,C101,C,0
47,0.3157894736842105,0.35365853658536583,0.6,0.13215339233038348,0.15014749262536872,0.02654867256637168,C101,C,0
48,0.3157894736842105,0.3902439024390244,0.2,0.31091445427728615,0.33244837758112095,0.02654867256637168,C101,C,0
49,0.29473684210526313,0.32926829268292684,0.2,0.1864306784660767,0.20442477876106194,0.02654867256637168,C101,C,0
50,0.29473684210526313,0.3902439024390244,0.2,0.2952802359882006,0.3144542772861357,0.02654867256637168,C101,C,0
51,0.2736842105263158,0.35365853658536583,0.2,0.24041297935103245,0.25958702064896755,0.02654867256637168,C101,C,0
52,0.2631578947368421,0.32926829268292684,0.2,0.21386430678466076,0.23185840707964603,0.02654867256637168,C101,C,0
53,0.2631578947368421,0.3902439024390244,0.2,0.26902654867256637,0.28584070796460176,0.02654867256637168,C101,C,0
54,0.4631578947368421,0.024390243902439025,0.4,0.08436578171091445,0.10235988200589971,0.02654867256637168,C101,C,0
55,0.4421052631578947,0.08536585365853659,0.8,0.05486725663716814,0.07581120943952803,0.02654867256637168,C101,C,0
56,0.4421052631578947,0.14634146341463414,0.2,0.028023598820058997,0.04660766961651917,0.02654867256637168,C101,C,0
57,0.42105263157894735,0.024390243902439025,0.6,0.11356932153392331,0.12861356932153392,0.02654867256637168,C101,C,0
58,0.42105263157894735,0.14634146341463414,0.8,0.01032448377581121,0.02566371681415929,0.02654867256637168,C101,C,0
59,0.4,0.024390243902439025,0.6,0.13893805309734514,0.15752212389380532,0.02654867256637168,C101,C,0
60,0.4,0.14634146341463414,0.2,0.1920353982300885,0.2182890855457227,0.02654867256637168,C101,C,0
61,0.3684210526315789,0.024390243902439025,0.4,0.1657817109144543,0.1855457227138643,0.02654867256637168,C101,C,0
62,0.5263157894736842,0.32926829268292684,0.2,0.15663716814159293,0.17994100294985252,0.02654867256637168,C101,C,0
63,0.5263157894736842,0.3902439024390244,0.4,0.07728613569321534,0.09351032448377582,0.02654867256637168,C101,C,0
64,0.5263157894736842,0.45121951219512196,1.0,0.050442477876106194,0.06430678466076696,0.02654867256637168,C101,C,0
65,0.5052631578947369,0.32926829268292684,0.2,0.1864306784660767,0.20442477876106194,0.02654867256637168,C101,C,0
66,0.5052631578947369,0.45121951219512196,0.2,0.022418879056047197,0.03805309734513274,0.02654867256637168,C101,C,0
67,0.49473684210526314,0.3902439024390244,0.2,0.24365781710914455,0.2581120943952802,0.02654867256637168,C101,C,0
68,0.49473684210526314,0.45121951219512196,0.2,0.0035398230088495575,0.02271386430678466,0.02654867256637168,C101,C,0
69,0.47368421052631576,0.32926829268292684,0.2,0.21651917404129795,0.22920353982300884,0.02654867256637168,C101,C,0
70,0.47368421052631576,0.3902439024390244,0.2,0.27020648967551625,0.28584070796460176,0.02654867256637168,C101,C,0
71,1.0,0.32926829268292684,0.6,0.11415929203539824,0.13451327433628318,0.02654867256637168,C101,C,0
72,1.0,0.3902439024390244,0.4,0.0864306784660767,0.10619469026548672,0.02654867256637168,C101,C,0
73,0.5578947368421052,0.32926829268292684,0.2,0.13274336283185842,0.14896755162241887,0.02654867256637168,C101,C,0
74,0.968421052631579,0.32926829268292684,0.2,0.1410029498525074,0.1625368731563422,0.02654867256637168,C101,C,0
75,0.5578947368421052,0.3902439024390244,1.0,0.10412979351032449,0.1215339233038348,0.02654867256637168,C101,C,0
76,0.47368421052631576,0.7560975609756098,0.4,0.29410029498525075,0.31504424778761064,0.02654867256637168,C101,C,0
77,0.9473684210526315,0.3902439024390244,0.2,0.059882005899705014,0.07669616519174041,0.02654867256637168,C101,C,0
78,0.9263157894736842,0.32926829268292684,0.2,0.16932153392330385,0.1896755162241888,0.02654867256637168,C101,C,0
79,0.9263157894736842,0.3902439024390244,0.4,0.03215339233038348,0.05014749262536873,0.02654867256637168,C101,C,0
80,0.9157894736842105,0.32926829268292684,0.2,0.19705014749262537,0.21563421828908555,0.02654867256637168,C101,C,0
81,0.8947368421052632,0.2682926829268293,0.2,0.22684365781710913,0.24188790560471976,0.02654867256637168,C101,C,0
82,0.8947368421052632,0.3902439024390244,0.6,0.013864306784660767,0.03657817109144543,0.02654867256637168,C101,C,0
83,0.7894736842105263,0.6341463414634146,0.4,0.1088495575221239,0.12389380530973451,0.02654867256637168,C101,C,0
84,0.7578947368421053,0.6341463414634146,0.2,0.07817109144542773,0.09970501474926254,0.02654867256637168,C101,C,0
85,0.7368421052631579,0.6707317073170732,0.4,0.13510324483775812,0.15427728613569322,0.02654867256637168,C101,C,0
86,0.7157894736842105,0.6951219512195121,0.6,0.16371681415929204,0.18053097345132743,0.02654867256637168,C101,C,0
87,0.6947368421052632,0.6341463414634146,0.2,0.05103244837758112,0.07020648967551622,0.02654867256637168,C101,C,0
88,0.6842105263157895,0.6341463414634146,0.4,0.025073746312684365,0.04247787610619469,0.02654867256637168,C101,C,0
89,0.6842105263157895,0.6951219512195121,0.6,0.1902654867256637,0.2088495575221239,0.02654867256637168,C101,C,0
90,0.6631578947368421,0.6707317073170732,0.2,0.21740412979351031,0.23657817109144544,0.02654867256637168,C101,C,0
91,0.631578947368421,0.6341463414634146,0.2,0.0058997050147492625,0.024778761061946902,0.02654867256637168,C101,C,0
92,0.631578947368421,0.6951219512195121,0.2,0.24660766961651917,0.2622418879056047,0.02654867256637168,C101,C,0
93,0.7052631578947368,1.0,0.4,0.10855457227138643,0.13008849557522123,0.02654867256637168,C101,C,0
94,0.6842105263157895,1.0,0.8,0.140117994100295,0.1528023598820059,0.02654867256637168,C101,C,0
95,0.6842105263157895,0.9634146341463414,0.2,0.084070796460177,0.09911504424778761,0.02654867256637168,C101,C,0
96,0.6526315789473685,0.9390243902439024,0.6,0.05781710914454277,0.0705014749262537,0.02654867256637168,C101,C,0
97,0.631578947368421,0.9390243902439024,0.2,0.028023598820058997,0.04601769911504425,0.02654867256637168,C101,C,0
98,0.631578947368421,1.0,0.6,0.1654867256637168,0.18348082595870208,0.02654867256637168,C101,C,0
99,0.6105263157894737,0.8780487804878049,0.4,0.008849557522123894,0.024778761061946902,0.02654867256637168,C101,C,0
100,0.5789473684210527,0.9390243902439024,0.2,0.2191740412979351,0.24188790560471976,0.02654867256637168,C101,C,0
101,0.5789473684210527,1.0,0.4,0.19085545722713865,0.21415929203539824,0.02654867256637168,C101,C,0
1,0.42105263157894735,0.573170731707317,0.0,0.0,0.36460176991150445,0.0,C102,C,0
2,0.47368421052631576,0.7926829268292683,0.2,0.0,0.33244837758112095,0.02654867256637168,C102,C,0
3,0.47368421052631576,0.8170731707317073,0.6,0.0,0.33185840707964603,0.02654867256637168,C102,C,0
4,0.4421052631578947,0.7682926829268293,0.2,0.0,0.33303834808259586,0.02654867256637168,C102,C,0
5,0.4421052631578947,0.7926829268292683,0.2,0.2144542772861357,0.23067846607669618,0.02654867256637168,C102,C,0
6,0.4421052631578947,0.7560975609756098,0.2,0.0,0.3333333333333333,0.02654867256637168,C102,C,0
7,0.42105263157894735,0.8048780487804879,0.4,0.1831858407079646,0.20707964601769913,0.02654867256637168,C102,C,0
8,0.42105263157894735,0.7682926829268293,0.4,0.0,0.3333333333333333,0.02654867256637168,C102,C,0
9,0.4,0.7926829268292683,0.4,0.0752212389380531,0.09557522123893805,0.02654867256637168,C102,C,0
10,0.4,0.8170731707317073,0.2,0.15752212389380532,0.17846607669616518,0.02654867256637168,C102,C,0
11,0.3684210526315789,0.7682926829268293,0.2,0.10530973451327434,0.12094395280235988,0.02654867256637168,C102,C,0
12,0.3684210526315789,0.8048780487804879,0.2,0.13215339233038348,0.14896755162241887,0.02654867256637168,C102,C,0
13,0.2631578947368421,1.0,0.4,0.0,0.32654867256637166,0.02654867256637168,C102,C,0
14,0.23157894736842105,0.8780487804878049,0.6,0.008849557522123894,0.027138643067846607,0.02654867256637168,C102,C,0
15,0.23157894736842105,1.0,0.2,0.1672566371681416,0.18289085545722714,0.02654867256637168,C102,C,0
16,0.21052631578947367,0.9390243902439024,0.8,0.11327433628318584,0.12654867256637167,0.02654867256637168,C102,C,0
17,0.21052631578947367,1.0,0.8,0.140117994100295,0.15575221238938053,0.02654867256637168,C102,C,0
18,0.18947368421052632,0.8780487804878049,0.4,0.02920353982300885,0.04365781710914454,0.02654867256637168,C102,C,0
19,0.15789473684210525,0.8780487804878049,0.4,0.0528023598820059,0.07492625368731563,0.02654867256637168,C102,C,0
20,0.15789473684210525,0.9390243902439024,0.2,0.08200589970501475,0.10176991150442478,0.02654867256637168,C102,C,0
21,0.3157894736842105,0.573170731707317,0.2,0.0029498525073746312,0.021533923303834808,0.02654867256637168,C102,C,0
22,0.3157894736842105,0.5975609756097561,0.4,0.0,0.33480825958702065,0.02654867256637168,C102,C,0
23,0.29473684210526313,0.5975609756097561,0.4,0.23952802359882006,0.2604719764011799,0.02654867256637168,C102,C,0
24,0.29473684210526313,0.6341463414634146,0.2,0.215929203539823,0.22920353982300884,0.02654867256637168,C102,C,0
25,0.2631578947368421,0.573170731707317,0.2,0.019174041297935103,0.04247787610619469,0.02654867256637168,C102,C,0
26,0.2631578947368421,0.5975609756097561,0.8,0.04985250737463127,0.06607669616519174,0.02654867256637168,C102,C,0
27,0.2631578947368421,0.6341463414634146,0.2,0.0,0.3333333333333333,0.02654867256637168,C102,C,0
28,0.24210526315789474,0.5975609756097561,0.2,0.07699115044247788,0.09321533923303835,0.02654867256637168,C102,C,0
29,0.24210526315789474,0.6341463414634146,0.4,0.16106194690265488,0.17492625368731562,0.02654867256637168,C102,C,0
30,0.21052631578947367,0.573170731707317,0.2,0.1056047197640118,0.11946902654867257,0.02654867256637168,C102,C,0
31,0.21052631578947367,0.6341463414634146,0.2,0.13244837758112094,0.1486725663716814,0.02654867256637168,C102,C,0
32,0.10526315789473684,0.3902439024390244,0.4,0.0,0.328023598820059,0.02654867256637168,C102,C,0
33,0.10526315789473684,0.45121951219512196,0.6,0.009144542772861357,0.029498525073746312,0.02654867256637168,C102,C,0
34,0.08421052631578947,0.45121951219512196,0.8,0.02566371681415929,0.04660766961651917,0.02654867256637168,C102,C,0
35,0.08421052631578947,0.5121951219512195,0.4,0.0,0.32831858407079645,0.02654867256637168,C102,C,0
36,0.05263157894736842,0.3902439024390244,0.2,0.08348082595870207,0.10147492625368731,0.02654867256637168,C102,C,0
37,0.05263157894736842,0.5121951219512195,0.2,0.19616519174041297,0.2112094395280236,0.02654867256637168,C102,C,0
38,0.021052631578947368,0.45121951219512196,0.4,0.0,0.3262536873156342,0.02654867256637168,C102,C,0
39,0.0,0.45121951219512196,0.6,0.14129793510324484,0.15398230088495576,0.02654867256637168,C102,C,0
40,0.0,0.5121951219512195,0.4,0.1672566371681416,0.184070796460177,0.02654867256637168,C102,C,0
41,0.3684210526315789,0.32926829268292684,0.2,0.07787610619469026,0.09469026548672567,0.02654867256637168,C102,C,0
42,0.3684210526315789,0.35365853658536583,0.2,0.04896755162241888,0.06932153392330384,0.02654867256637168,C102,C,0
43,0.3473684210526316,0.35365853658536583,0.4,0.020058997050147492,0.043952802359882005,0.02654867256637168,C102,C,0
44,0.3473684210526316,0.3902439024390244,0.2,0.00471976401179941,0.02359882005899705,0.02654867256637168,C102,C,0
45,0.3368421052631579,0.32926829268292684,0.2,0.10589970501474927,0.1215339233038348,0.02654867256637168,C102,C,0
46,0.3157894736842105,0.32926829268292684,0.2,0.15958702064896754,0.17699115044247787,0.02654867256637168,C102,C,0
47,0.3157894736842105,0.35365853658536583,0.6,0.13215339233038348,0.15014749262536872,0.02654867256637168,C102,C,0
48,0.3157894736842105,0.3902439024390244,0.2,0.31091445427728615,0.33244837758112095,0.02654867256637168,C102,C,0
49,0.29473684210526313,0.32926829268292684,0.2,0.0,0.3309734513274336,0.02654867256637168,C102,C,0
50,0.29473684210526313,0.3902439024390244,0.2,0.2952802359882006,0.3144542772861357,0.02654867256637168,C102,C,0
51,0.2736842105263158,0.35365853658536583,0.2,0.0,0.33126843657817107,0.02654867256637168,C102,C,0
52,0.2631578947368421,0.32926829268292684,0.2,0.21386430678466076,0.23185840707964603,0.02654867256637168,C102,C,0
53,0.2631578947368421,0.3902439024390244,0.2,0.0,0.3315634218289086,0.02654867256637168,C102,C,0
54,0.4631578947368421,0.024390243902439025,0.4,0.08436578171091445,0.10235988200589971,0.02654867256637168,C102,C,0
55,0.4421052631578947,0.08536585365853659,0.8,0.05486725663716814,0.07581120943952803,0.02654867256637168,C102,C,0
56,0.4421052631578947,0.14634146341463414,0.2,0.028023598820058997,0.04660766961651917,0.02654867256637168,C102,C,0
57,0.42105263157894735,0.024390243902439025,0.6,0.11356932153392331,0.12861356932153392,0.02654867256637168,C102,C,0
58,0.42105263157894735,0.14634146341463414,0.8,0.01032448377581121,0.02566371681415929,0.02654867256637168,C102,C,0
59,0.4,0.024390243902439025,0.6,0.13893805309734514,0.15752212389380532,0.02654867256637168,C102,C,0
60,0.4,0.14634146341463414,0.2,0.0,0.3274336283185841,0.02654867256637168,C102,C,0
61,0.3684210526315789,0.024390243902439025,0.4,0.1657817109144543,0.1855457227138643,0.02654867256637168,C102,C,0
62,0.5263157894736842,0.32926829268292684,0.2,0.15663716814159293,0.17994100294985252,0.02654867256637168,C102,C,0
63,0.5263157894736842,0.3902439024390244,0.4,0.07728613569321534,0.09351032448377582,0.02654867256637168,C102,C,0
64,0.5263157894736842,0.45121951219512196,1.0,0.050442477876106194,0.06430678466076696,0.02654867256637168,C102,C,0
65,0.5052631578947369,0.32926829268292684,0.2,0.1864306784660767,0.20442477876106194,0.02654867256637168,C102,C,0
66,0.5052631578947369,0.45121951219512196,0.2,0.022418879056047197,0.03805309734513274,0.02654867256637168,C102,C,0
67,0.49473684210526314,0.3902439024390244,0.2,0.24365781710914455,0.2581120943952802,0.02654867256637168,C102,C,0
68,0.49473684210526314,0.45121951219512196,0.2,0.0035398230088495575,0.02271386430678466,0.02654867256637168,C102,C,0
69,0.47368421052631576,0.32926829268292684,0.2,0.21651917404129795,0.22920353982300884,0.02654867256637168,C102,C,0
70,0.47368421052631576,0.3902439024390244,0.2,0.27020648967551625,0.28584070796460176,0.02654867256637168,C102,C,0
71,1.0,0.32926829268292684,0.6,0.11415929203539824,0.13451327433628318,0.02654867256637168,C102,C,0
72,1.0,0.3902439024390244,0.4,0.0864306784660767,0.10619469026548672,0.02654867256637168,C102,C,0
73,0.5578947368421052,0.32926829268292684,0.2,0.0,0.3309734513274336,0.02654867256637168,C102,C,0
74,0.968421052631579,0.32926829268292684,0.2,0.1410029498525074,0.1625368731563422,0.02654867256637168,C102,C,0
75,0.5578947368421052,0.3902439024390244,1.0,0.10412979351032449,0.1215339233038348,0.02654867256637168,C102,C,0
76,0.47368421052631576,0.7560975609756098,0.4,0.0,0.3333333333333333,0.02654867256637168,C102,C,0
77,0.9473684210526315,0.3902439024390244,0.2,0.059882005899705014,0.07669616519174041,0.02654867256637168,C102,C,0
78,0.9263157894736842,0.32926829268292684,0.2,0.16932153392330385,0.1896755162241888,0.02654867256637168,C102,C,0
79,0.9263157894736842,0.3902439024390244,0.4,0.03215339233038348,0.05014749262536873,0.02654867256637168,C102,C,0
80,0.9157894736842105,0.32926829268292684,0.2,0.19705014749262537,0.21563421828908555,0.02654867256637168,C102,C,0
81,0.8947368421052632,0.2682926829268293,0.2,0.22684365781710913,0.24188790560471976,0.02654867256637168,C102,C,0
82,0.8947368421052632,0.3902439024390244,0.6,0.013864306784660767,0.03657817109144543,0.02654867256637168,C102,C,0
83,0.7894736842105263,0.6341463414634146,0.4,0.0,0.3274336283185841,0.02654867256637168,C102,C,0
84,0.7578947368421053,0.6341463414634146,0.2,0.0,0.32831858407079645,0.02654867256637168,C102,C,0
85,0.7368421052631579,0.6707317073170732,0.4,0.13510324483775812,0.15427728613569322,0.02654867256637168,C102,C,0
86,0.7157894736842105,0.6951219512195121,0.6,0.0,0.3292035398230089,0.02654867256637168,C102,C,0
87,0.6947368421052632,0.6341463414634146,0.2,0.05103244837758112,0.07020648967551622,0.02654867256637168,C102,C,0
88,0.6842105263157895,0.6341463414634146,0.4,0.025073746312684365,0.04247787610619469,0.02654867256637168,C102,C,0
89,0.6842105263157895,0.6951219512195121,0.6,0.1902654867256637,0.2088495575221239,0.02654867256637168,C102,C,0
90,0.6631578947368421,0.6707317073170732,0.2,0.21740412979351031,0.23657817109144544,0.02654867256637168,C102,C,0
91,0.631578947368421,0.6341463414634146,0.2,0.0058997050147492625,0.024778761061946902,0.02654867256637168,C102,C,0
92,0.631578947368421,0.6951219512195121,0.2,0.0,0.33126843657817107,0.02654867256637168,C102,C,0
93,0.7052631578947368,1.0,0.4,0.10855457227138643,0.13008849557522123,0.02654867256637168,C102,C,0
94,0.6842105263157895,1.0,0.8,0.140117994100295,0.1528023598820059,0.02654867256637168,C102,C,0
95,0.6842105263157895,0.9634146341463414,0.2,0.0,0.32595870206489674,0.02654867256637168,C102,C,0
96,0.6526315789473685,0.9390243902439024,0.6,0.0,0.32684365781710917,0.02654867256637168,C102,C,0
97,0.631578947368421,0.9390243902439024,0.2,0.0,0.3271386430678466,0.02654867256637168,C102,C,0
98,0.631578947368421,1.0,0.6,0.1654867256637168,0.18348082595870208,0.02654867256637168,C102,C,0
99,0.6105263157894737,0.8780487804878049,0.4,0.0,0.32890855457227136,0.02654867256637168,C102,C,0
100,0.5789473684210527,0.9390243902439024,0.2,0.2191740412979351,0.24188790560471976,0.02654867256637168,C102,C,0
101,0.5789473684210527,1.0,0.4,0.19085545722713865,0.21415929203539824,0.02654867256637168,C102,C,0
1,0.42105263157894735,0.573170731707317,0.0,0.0,0.36460176991150445,0.0,C103,C,0
2,0.47368421052631576,0.7926829268292683,0.2,0.0,0.33244837758112095,0.02654867256637168,C103,C,0
3,0.47368421052631576,0.8170731707317073,0.6,0.0,0.33185840707964603,0.02654867256637168,C103,C,0
4,0.4421052631578947,0.7682926829268293,0.2,0.0,0.33303834808259586,0.02654867256637168,C103,C,0
5,0.4421052631578947,0.7926829268292683,0.2,0.2144542772861357,0.23067846607669618,0.02654867256637168,C103,C,0
6,0.4421052631578947,0.7560975609756098,0.2,0.0,0.3333333333333333,0.02654867256637168,C103,C,0
7,0.42105263157894735,0.8048780487804879,0.4,0.1831858407079646,0.20707964601769913,0.02654867256637168,C103,C,0
8,0.42105263157894735,0.7682926829268293,0.4,0.0,0.3333333333333333,0.02654867256637168,C103,C,0
9,0.4,0.7926829268292683,0.4,0.0752212389380531,0.09557522123893805,0.02654867256637168,C103,C,0
10,0.4,0.8170731707317073,0.2,0.15752212389380532,0.17846607669616518,0.02654867256637168,C103,C,0
11,0.3684210526315789,0.7682926829268293,0.2,0.10530973451327434,0.12094395280235988,0.02654867256637168,C103,C,0
12,0.3684210526315789,0.8048780487804879,0.2,0.13215339233038348,0.14896755162241887,0.02654867256637168,C103,C,0
13,0.2631578947368421,1.0,0.4,0.0,0.32654867256637166,0.02654867256637168,C103,C,0
14,0.23157894736842105,0.8780487804878049,0.6,0.008849557522123894,0.027138643067846607,0.02654867256637168,C103,C,0
15,0.23157894736842105,1.0,0.2,0.0,0.3262536873156342,0.02654867256637168,C103,C,0
16,0.21052631578947367,0.9390243902439024,0.8,0.11327433628318584,0.12654867256637167,0.02654867256637168,C103,C,0
17,0.21052631578947367,1.0,0.8,0.0,0.32595870206489674,0.02654867256637168,C103,C,0
18,0.18947368421052632,0.8780487804878049,0.4,0.02920353982300885,0.04365781710914454,0.02654867256637168,C103,C,0
19,0.15789473684210525,0.8780487804878049,0.4,0.0,0.3274336283185841,0.02654867256637168,C103,C,0
20,0.15789473684210525,0.9390243902439024,0.2,0.0,0.3262536873156342,0.02654867256637168,C103,C,0
21,0.3157894736842105,0.573170731707317,0.2,0.0,0.3351032448377581,0.02654867256637168,C103,C,0
22,0.3157894736842105,0.5975609756097561,0.4,0.0,0.33480825958702065,0.02654867256637168,C103,C,0
23,0.29473684210526313,0.5975609756097561,0.4,0.23952802359882006,0.2604719764011799,0.02654867256637168,C103,C,0
24,0.29473684210526313,0.6341463414634146,0.2,0.215929203539823,0.22920353982300884,0.02654867256637168,C103,C,0
25,0.2631578947368421,0.573170731707317,0.2,0.0,0.33362831858407077,0.02654867256637168,C103,C,0
26,0.2631578947368421,0.5975609756097561,0.8,0.04985250737463127,0.06607669616519174,0.02654867256637168,C103,C,0
27,0.2631578947368421,0.6341463414634146,0.2,0.0,0.3333333333333333,0.02654867256637168,C103,C,0
28,0.24210526315789474,0.5975609756097561,0.2,0.07699115044247788,0.09321533923303835,0.02654867256637168,C103,C,0
29,0.24210526315789474,0.6341463414634146,0.4,0.0,0.3327433628318584,0.02654867256637168,C103,C,0
30,0.21052631578947367,0.573170731707317,0.2,0.0,0.3321533923303835,0.02654867256637168,C103,C,0
31,0.21052631578947367,0.6341463414634146,0.2,0.13244837758112094,0.1486725663716814,0.02654867256637168,C103,C,0
32,0.10526315789473684,0.3902439024390244,0.4,0.0,0.328023598820059,0.02654867256637168,C103,C,0
33,0.10526315789473684,0.45121951219512196,0.6,0.0,0.3286135693215339,0.02654867256637168,C103,C,0
34,0.08421052631578947,0.45121951219512196,0.8,0.02566371681415929,0.04660766961651917,0.02654867256637168,C103,C,0
35,0.08421052631578947,0.5121951219512195,0.4,0.0,0.32831858407079645,0.02654867256637168,C103,C,0
36,0.05263157894736842,0.3902439024390244,0.2,0.08348082595870207,0.10147492625368731,0.02654867256637168,C103,C,0
37,0.05263157894736842,0.5121951219512195,0.2,0.19616519174041297,0.2112094395280236,0.02654867256637168,C103,C,0
38,0.021052631578947368,0.45121951219512196,0.4,0.0,0.3262536873156342,0.02654867256637168,C103,C,0
39,0.0,0.45121951219512196,0.6,0.14129793510324484,0.15398230088495576,0.02654867256637168,C103,C,0
40,0.0,0.5121951219512195,0.4,0.1672566371681416,0.184070796460177,0.02654867256637168,C103,C,0
41,0.3684210526315789,0.32926829268292684,0.2,0.07787610619469026,0.09469026548672567,0.02654867256637168,C103,C,0
42,0.3684210526315789,0.35365853658536583,0.2,0.04896755162241888,0.06932153392330384,0.02654867256637168,C103,C,0
43,0.3473684210526316,0.35365853658536583,0.4,0.020058997050147492,0.043952802359882005,0.02654867256637168,C103,C,0
44,0.3473684210526316,0.3902439024390244,0.2,0.0,0.33303834808259586,0.02654867256637168,C103,C,0
45,0.3368421052631579,0.32926829268292684,0.2,0.10589970501474927,0.1215339233038348,0.02654867256637168,C103,C,0
46,0.3157894736842105,0.32926829268292684,0.2,0.15958702064896754,0.17699115044247787,0.02654867256637168,C103,C,0
47,0.3157894736842105,0.35365853658536583,0.6,0.0,0.33185840707964603,0.02654867256637168,C103,C,0
48,0.3157894736842105,0.3902439024390244,0.2,0.0,0.33244837758112095,0.02654867256637168,C103,C,0
49,0.29473684210526313,0.32926829268292684,0.2,0.0,0.3309734513274336,0.02654867256637168,C103,C,0
50,0.29473684210526313,0.3902439024390244,0.2,0.2952802359882006,0.3144542772861357,0.02654867256637168,C103,C,0
51,0.2736842105263158,0.35365853658536583,0.2,0.0,0.33126843657817107,0.02654867256637168,C103,C,0
52,0.2631578947368421,0.32926829268292684,0.2,0.0,0.33067846607669615,0.02654867256637168,C103,C,0
53,0.2631578947368421,0.3902439024390244,0.2,0.0,0.3315634218289086,0.02654867256637168,C103,C,0
54,0.4631578947368421,0.024390243902439025,0.4,0.08436578171091445,0.10235988200589971,0.02654867256637168,C103,C,0
55,0.4421052631578947,0.08536585365853659,0.8,0.0,0.32595870206489674,0.02654867256637168,C103,C,0
56,0.4421052631578947,0.14634146341463414,0.2,0.028023598820058997,0.04660766961651917,0.02654867256637168,C103,C,0
57,0.42105263157894735,0.024390243902439025,0.6,0.11356932153392331,0.12861356932153392,0.02654867256637168,C103,C,0
58,0.42105263157894735,0.14634146341463414,0.8,0.0,0.32772861356932154,0.02654867256637168,C103,C,0
59,0.4,0.024390243902439025,0.6,0.13893805309734514,0.15752212389380532,0.02654867256637168,C103,C,0
60,0.4,0.14634146341463414,0.2,0.0,0.3274336283185841,0.02654867256637168,C103,C,0
61,0.3684210526315789,0.024390243902439025,0.4,0.0,0.32448377581120946,0.02654867256637168,C103,C,0
62,0.5263157894736842,0.32926829268292684,0.2,0.0,0.33126843657817107,0.02654867256637168,C103,C,0
63,0.5263157894736842,0.3902439024390244,0.4,0.07728613569321534,0.09351032448377582,0.02654867256637168,C103,C,0
64,0.5263157894736842,0.45121951219512196,1.0,0.0,0.33362831858407077,0.02654867256637168,C103,C,0
65,0.5052631578947369,0.32926829268292684,0.2,0.1864306784660767,0.20442477876106194,0.02654867256637168,C103,C,0
66,0.5052631578947369,0.45121951219512196,0.2,0.022418879056047197,0.03805309734513274,0.02654867256637168,C103,C,0
67,0.49473684210526314,0.3902439024390244,0.2,0.24365781710914455,0.2581120943952802,0.02654867256637168,C103,C,0
68,0.49473684210526314,0.45121951219512196,0.2,0.0035398230088495575,0.02271386430678466,0.02654867256637168,C103,C,0
69,0.47368421052631576,0.32926829268292684,0.2,0.21651917404129795,0.22920353982300884,0.02654867256637168,C103,C,0
70,0.47368421052631576,0.3902439024390244,0.2,0.27020648967551625,0.28584070796460176,0.02654867256637168,C103,C,0
71,1.0,0.32926829268292684,0.6,0.11415929203539824,0.13451327433628318,0.02654867256637168,C103,C,0
72,1.0,0.3902439024390244,0.4,0.0,0.3209439528023599,0.02654867256637168,C103,C,0
73,0.5578947368421052,0.32926829268292684,0.2,0.0,0.3309734513274336,0.02654867256637168,C103,C,0
74,0.968421052631579,0.32926829268292684,0.2,0.0,0.3215339233038348,0.02654867256637168,C103,C,0
75,0.5578947368421052,0.3902439024390244,1.0,0.10412979351032449,0.1215339233038348,0.02654867256637168,C103,C,0
76,0.47368421052631576,0.7560975609756098,0.4,0.0,0.3333333333333333,0.02654867256637168,C103,C,0
77,0.9473684210526315,0.3902439024390244,0.2,0.059882005899705014,0.07669616519174041,0.02654867256637168,C103,C,0
78,0.9263157894736842,0.32926829268292684,0.2,0.16932153392330385,0.1896755162241888,0.02654867256637168,C103,C,0
79,0.9263157894736842,0.3902439024390244,0.4,0.03215339233038348,0.05014749262536873,0.02654867256637168,C103,C,0
80,0.9157894736842105,0.32926829268292684,0.2,0.19705014749262537,0.21563421828908555,0.02654867256637168,C103,C,0
81,0.8947368421052632,0.2682926829268293,0.2,0.22684365781710913,0.24188790560471976,0.02654867256637168,C103,C,0
82,0.8947368421052632,0.3902439024390244,0.6,0.0,0.3238938053097345,0.02654867256637168,C103,C,0
83,0.7894736842105263,0.6341463414634146,0.4,0.0,0.3274336283185841,0.02654867256637168,C103,C,0
84,0.7578947368421053,0.6341463414634146,0.2,0.0,0.32831858407079645,0.02654867256637168,C103,C,0
85,0.7368421052631579,0.6707317073170732,0.4,0.13510324483775812,0.15427728613569322,0.02654867256637168,C103,C,0
86,0.7157894736842105,0.6951219512195121,0.6,0.0,0.3292035398230089,0.02654867256637168,C103,C,0
87,0.6947368421052632,0.6341463414634146,0.2,0.0,0.33008849557522124,0.02654867256637168,C103,C,0
88,0.6842105263157895,0.6341463414634146,0.4,0.025073746312684365,0.04247787610619469,0.02654867256637168,C103,C,0
89,0.6842105263157895,0.6951219512195121,0.6,0.1902654867256637,0.2088495575221239,0.02654867256637168,C103,C,0
90,0.6631578947368421,0.6707317073170732,0.2,0.0,0.33067846607669615,0.02654867256637168,C103,C,0
91,0.631578947368421,0.6341463414634146,0.2,0.0,0.33185840707964603,0.02654867256637168,C103,C,0
92,0.631578947368421,0.6951219512195121,0.2,0.0,0.33126843657817107,0.02654867256637168,C103,C,0
93,0.7052631578947368,1.0,0.4,0.10855457227138643,0.13008849557522123,0.02654867256637168,C103,C,0
94,0.6842105263157895,1.0,0.8,0.140117994100295,0.1528023598820059,0.02654867256637168,C103,C,0
95,0.6842105263157895,0.9634146341463414,0.2,0.0,0.32595870206489674,0.02654867256637168,C103,C,0
96,0.6526315789473685,0.9390243902439024,0.6,0.0,0.32684365781710917,0.02654867256637168,C103,C,0
97,0.631578947368421,0.9390243902439024,0.2,0.0,0.3271386430678466,0.02654867256637168,C103,C,0
98,0.631578947368421,1.0,0.6,0.0,0.32595870206489674,0.02654867256637168,C103,C,0
99,0.6105263157894737,0.8780487804878049,0.4,0.0,0.32890855457227136,0.02654867256637168,C103,C,0
100,0.5789473684210527,0.9390243902439024,0.2,0.2191740412979351,0.24188790560471976,0.02654867256637168,C103,C,0
101,0.5789473684210527,1.0,0.4,0.19085545722713865,0.21415929203539824,0.02654867256637168,C103,C,0
1,0.42105263157894735,0.573170731707317,0.0,0.0,0.36460176991150445,0.0,C104,C,0
2,0.47368421052631576,0.7926829268292683,0.2,0.0,0.33244837758112095,0.02654867256637168,C104,C,0
3,0.47368421052631576,0.8170731707317073,0.6,0.0,0.33185840707964603,0.02654867256637168,C104,C,0
4,0.4421052631578947,0.7682926829268293,0.2,0.0,0.33303834808259586,0.02654867256637168,C104,C,0
5,0.4421052631578947,0.7926829268292683,0.2,0.2144542772861357,0.23067846607669618,0.02654867256637168,C104,C,0
6,0.4421052631578947,0.7560975609756098,0.2,0.0,0.3333333333333333,0.02654867256637168,C104,C,0
7,0.42105263157894735,0.8048780487804879,0.4,0.0,0.33244837758112095,0.02654867256637168,C104,C,0
8,0.42105263157894735,0.7682926829268293,0.4,0.0,0.3333333333333333,0.02654867256637168,C104,C,0
9,0.4,0.7926829268292683,0.4,0.0752212389380531,0.09557522123893805,0.02654867256637168,C104,C,0
10,0.4,0.8170731707317073,0.2,0.15752212389380532,0.17846607669616518,0.02654867256637168,C104,C,0
11,0.3684210526315789,0.7682926829268293,0.2,0.0,0.33303834808259586,0.02654867256637168,C104,C,0
12,0.3684210526315789,0.8048780487804879,0.2,0.13215339233038348,0.14896755162241887,0.02654867256637168,C104,C,0
13,0.2631578947368421,1.0,0.4,0.0,0.32654867256637166,0.02654867256637168,C104,C,0
14,0.23157894736842105,0.8780487804878049,0.6,0.008849557522123894,0.027138643067846607,0.02654867256637168,C104,C,0
15,0.23157894736842105,1.0,0.2,0.0,0.3262536873156342,0.02654867256637168,C104,C,0
16,0.21052631578947367,0.9390243902439024,0.8,0.11327433628318584,0.12654867256637167,0.02654867256637168,C104,C,0
17,0.21052631578947367,1.0,0.8,0.0,0.32595870206489674,0.02654867256637168,C104,C,0
18,0.18947368421052632,0.8780487804878049,0.4,0.0,0.328023598820059,0.02654867256637168,C104,C,0
19,0.15789473684210525,0.8780487804878049,0.4,0.0,0.3274336283185841,0.02654867256637168,C104,C,0
20,0.15789473684210525,0.9390243902439024,0.2,0.0,0.3262536873156342,0.02654867256637168,C104,C,0
21,0.3157894736842105,0.573170731707317,0.2,0.0,0.3351032448377581,0.02654867256637168,C104,C,0
22,0.3157894736842105,0.5975609756097561,0.4,0.0,0.33480825958702065,0.02654867256637168,C104,C,0
23,0.29473684210526313,0.5975609756097561,0.4,0.0,0.33421828908554574,0.02654867256637168,C104,C,0
24,0.29473684210526313,0.6341463414634146,0.2,0.215929203539823,0.22920353982300884,0.02654867256637168,C104,C,0
25,0.2631578947368421,0.573170731707317,0.2,0.0,0.33362831858407077,0.02654867256637168,C104,C,0
26,0.2631578947368421,0.5975609756097561,0.8,0.04985250737463127,0.06607669616519174,0.02654867256637168,C104,C,0
27,0.2631578947368421,0.6341463414634146,0.2,0.0,0.3333333333333333,0.02654867256637168,C104,C,0
28,0.24210526315789474,0.5975609756097561,0.2,0.0,0.3327433628318584,0.02654867256637168,C104,C,0
29,0.24210526315789474,0.6341463414634146,0.4,0.0,0.3327433628318584,0.02654867256637168,C104,C,0
30,0.21052631578947367,0.573170731707317,0.2,0.0,0.3321533923303835,0.02654867256637168,C104,C,0
31,0.21052631578947367,0.6341463414634146,0.2,0.0,0.33185840707964603,0.02654867256637168,C104,C,0
32,0.10526315789473684,0.3902439024390244,0.4,0.0,0.328023598820059,0.02654867256637168,C104,C,0
33,0.10526315789473684,0.45121951219512196,0.6,0.0,0.3286135693215339,0.02654867256637168,C104,C,0
34,0.08421052631578947,0.45121951219512196,0.8,0.0,0.328023598820059,0.02654867256637168,C104,C,0
35,0.08421052631578947,0.5121951219512195,0.4,0.0,0.32831858407079645,0.02654867256637168,C104,C,0
36,0.05263157894736842,0.3902439024390244,0.2,0.0,0.32654867256637166,0.02654867256637168,C104,C,0
37,0.05263157894736842,0.5121951219512195,0.2,0.0,0.032448377581120944,0.02654867256637168,C104,C,0
38,0.021052631578947368,0.45121951219512196,0.4,0.0,0.3262536873156342,0.02654867256637168,C104,C,0
39,0.0,0.45121951219512196,0.6,0.14129793510324484,0.15398230088495576,0.02654867256637168,C104,C,0
40,0.0,0.5121951219512195,0.4,0.0,0.32595870206489674,0.02654867256637168,C104,C,0
41,0.3684210526315789,0.32926829268292684,0.2,0.0,0.33185840707964603,0.02654867256637168,C104,C,0
42,0.3684210526315789,0.35365853658536583,0.2,0.0,0.33244837758112095,0.02654867256637168,C104,C,0
43,0.3473684210526316,0.35365853658536583,0.4,0.0,0.3321533923303835,0.02654867256637168,C104,C,0
44,0.3473684210526316,0.3902439024390244,0.2,0.0,0.33303834808259586,0.02654867256637168,C104,C,0
45,0.3368421052631579,0.32926829268292684,0.2,0.10589970501474927,0.1215339233038348,0.02654867256637168,C104,C,0
46,0.3157894736842105,0.32926829268292684,0.2,0.0,0.33126843657817107,0.02654867256637168,C104,C,0
47,0.3157894736842105,0.35365853658536583,0.6,0.0,0.33185840707964603,0.02654867256637168,C104,C,0
48,0.3157894736842105,0.3902439024390244,0.2,0.0,0.33244837758112095,0.02654867256637168,C104,C,0
49,0.29473684210526313,0.32926829268292684,0.2,0.0,0.3309734513274336,0.02654867256637168,C104,C,0
50,0.29473684210526313,0.3902439024390244,0.2,0.0,0.3321533923303835,0.02654867256637168,C104,C,0
51,0.2736842105263158,0.35365853658536583,0.2,0.0,0.33126843657817107,0.02654867256637168,C104,C,0
52,0.2631578947368421,0.32926829268292684,0.2,0.0,0.33067846607669615,0.02654867256637168,C104,C,0
53,0.2631578947368421,0.3902439024390244,0.2,0.0,0.3315634218289086,0.02654867256637168,C104,C,0
54,0.4631578947368421,0.024390243902439025,0.4,0.08436578171091445,0.10235988200589971,0.02654867256637168,C104,C,0
55,0.4421052631578947,0.08536585365853659,0.8,0.0,0.32595870206489674,0.02654867256637168,C104,C,0
56,0.4421052631578947,0.14634146341463414,0.2,0.028023598820058997,0.04660766961651917,0.02654867256637168,C104,C,0
57,0.42105263157894735,0.024390243902439025,0.6,0.0,0.3247787610619469,0.02654867256637168,C104,C,0
58,0.42105263157894735,0.14634146341463414,0.8,0.0,0.32772861356932154,0.02654867256637168,C104,C,0
59,0.4,0.024390243902439025,0.6,0.13893805309734514,0.15752212389380532,0.02654867256637168,C104,C,0
60,0.4,0.14634146341463414,0.2,0.0,0.3274336283185841,0.02654867256637168,C104,C,0
61,0.3684210526315789,0.024390243902439025,0.4,0.0,0.32448377581120946,0.02654867256637168,C104,C,0
62,0.5263157894736842,0.32926829268292684,0.2,0.0,0.33126843657817107,0.02654867256637168,C104,C,0
63,0.5263157894736842,0.3902439024390244,0.4,0.07728613569321534,0.09351032448377582,0.02654867256637168,C104,C,0
64,0.5263157894736842,0.45121951219512196,1.0,0.0,0.33362831858407077,0.02654867256637168,C104,C,0
65,0.5052631578947369,0.32926829268292684,0.2,0.0,0.3315634218289086,0.02654867256637168,C104,C,0
66,0.5052631578947369,0.45121951219512196,0.2,0.0,0.33421828908554574,0.02654867256637168,C104,C,0
67,0.49473684210526314,0.3902439024390244,0.2,0.0,0.33303834808259586,0.02654867256637168,C104,C,0
68,0.49473684210526314,0.45121951219512196,0.2,0.0035398230088495575,0.02271386430678466,0.02654867256637168,C104,C,0
69,0.47368421052631576,0.32926829268292684,0.2,0.0,0.33185840707964603,0.02654867256637168,C104,C,0
70,0.47368421052631576,0.3902439024390244,0.2,0.27020648967551625,0.28584070796460176,0.02654867256637168,C104,C,0
71,1.0,0.32926829268292684,0.6,0.0,0.3206489675516224,0.02654867256637168,C104,C,0
72,1.0,0.3902439024390244,0.4,0.0,0.3209439528023599,0.02654867256637168,C104,C,0
73,0.5578947368421052,0.32926829268292684,0.2,0.0,0.3309734513274336,0.02654867256637168,C104,C,0
74,0.968421052631579,0.32926829268292684,0.2,0.0,0.3215339233038348,0.02654867256637168,C104,C,0
75,0.5578947368421052,0.3902439024390244,1.0,0.10412979351032449,0.1215339233038348,0.02654867256637168,C104,C,0
76,0.47368421052631576,0.7560975609756098,0.4,0.0,0.3333333333333333,0.02654867256637168,C104,C,0
77,0.9473684210526315,0.3902439024390244,0.2,0.059882005899705014,0.07669616519174041,0.02654867256637168,C104,C,0
78,0.9263157894736842,0.32926829268292684,0.2,0.16932153392330385,0.1896755162241888,0.02654867256637168,C104,C,0
79,0.9263157894736842,0.3902439024390244,0.4,0.0,0.3230088495575221,0.02654867256637168,C104,C,0
80,0.9157894736842105,0.32926829268292684,0.2,0.19705014749262537,0.21563421828908555,0.02654867256637168,C104,C,0
81,0.8947368421052632,0.2682926829268293,0.2,0.0,0.32271386430678467,0.02654867256637168,C104,C,0
82,0.8947368421052632,0.3902439024390244,0.6,0.0,0.3238938053097345,0.02654867256637168,C104,C,0
83,0.7894736842105263,0.6341463414634146,0.4,0.0,0.3274336283185841,0.02654867256637168,C104,C,0
84,0.7578947368421053,0.6341463414634146,0.2,0.0,0.32831858407079645,0.02654867256637168,C104,C,0
85,0.7368421052631579,0.6707317073170732,0.4,0.13510324483775812,0.15427728613569322,0.02654867256637168,C104,C,0
86,0.7157894736842105,0.6951219512195121,0.6,0.0,0.3292035398230089,0.02654867256637168,C104,C,0
87,0.6947368421052632,0.6341463414634146,0.2,0.0,0.33008849557522124,0.02654867256637168,C104,C,0
88,0.6842105263157895,0.6341463414634146,0.4,0.025073746312684365,0.04247787610619469,0.02654867256637168,C104,C,0
89,0.6842105263157895,0.6951219512195121,0.6,0.0,0.33008849557522124,0.02654867256637168,C104,C,0
90,0.6631578947368421,0.6707317073170732,0.2,0.0,0.33067846607669615,0.02654867256637168,C104,C,0
91,0.631578947368421,0.6341463414634146,0.2,0.0,0.33185840707964603,0.02654867256637168,C104,C,0
92,0.631578947368421,0.6951219512195121,0.2,0.0,0.33126843657817107,0.02654867256637168,C104,C,0
93,0.7052631578947368,1.0,0.4,0.10855457227138643,0.13008849557522123,0.02654867256637168,C104,C,0
94,0.6842105263157895,1.0,0.8,0.0,0.3250737463126844,0.02654867256637168,C104,C,0
95,0.6842105263157895,0.9634146341463414,0.2,0.0,0.32595870206489674,0.02654867256637168,C104,C,0
96,0.6526315789473685,0.9390243902439024,0.6,0.0,0.32684365781710917,0.02654867256637168,C104,C,0
97,0.631578947368421,0.9390243902439024,0.2,0.0,0.3271386430678466,0.02654867256637168,C104,C,0
98,0.631578947368421,1.0,0.6,0.0,0.32595870206489674,0.02654867256637168,C104,C,0
99,0.6105263157894737,0.8780487804878049,0.4,0.0,0.32890855457227136,0.02654867256637168,C104,C,0
100,0.5789473684210527,0.9390243902439024,0.2,0.2191740412979351,0.24188790560471976,0.02654867256637168,C104,C,0
101,0.5789473684210527,1.0,0.4,0.19085545722713865,0.21415929203539824,0.02654867256637168,C104,C,0
1,0.42105263157894735,0.573170731707317,0.0,0.0,0.36460176991150445,0.0,C105,C,0
2,0.47368421052631576,0.7926829268292683,0.2,0.2610619469026549,0.29321533923303833,0.02654867256637168,C105,C,0
3,0.47368421052631576,0.8170731707317073,0.6,0.23657817109144544,0.2634218289085546,0.02654867256637168,C105,C,0
4,0.4421052631578947,0.7682926829268293,0.2,0.007374631268436578,0.05486725663716814,0.02654867256637168,C105,C,0
5,0.4421052631578947,0.7926829268292683,0.2,0.20619469026548673,0.23893805309734514,0.02654867256637168,C105,C,0
6,0.4421052631578947,0.7560975609756098,0.2,0.004424778761061947,0.035398230088495575,0.02654867256637168,C105,C,0
7,0.42105263157894735,0.8048780487804879,0.4,0.1710914454277286,0.2191740412979351,0.02654867256637168,C105,C,0
8,0.42105263157894735,0.7682926829268293,0.4,0.04188790560471976,0.07463126843657818,0.02654867256637168,C105,C,0
9,0.4,0.7926829268292683,0.4,0.06489675516224189,0.10589970501474927,0.02654867256637168,C105,C,0
10,0.4,0.8170731707317073,0.2,0.1471976401179941,0.1887905604719764,0.02654867256637168,C105,C,0
11,0.3684210526315789,0.7682926829268293,0.2,0.0976401179941003,0.12861356932153392,0.02654867256637168,C105,C,0
12,0.3684210526315789,0.8048780487804879,0.2,0.12389380530973451,0.15722713864306784,0.02654867256637168,C105,C,0
13,0.2631578947368421,1.0,0.4,0.18200589970501474,0.22300884955752212,0.02654867256637168,C105,C,0
14,0.23157894736842105,0.8780487804878049,0.6,0.008849557522123894,0.045722713864306784,0.02654867256637168,C105,C,0
15,0.23157894736842105,1.0,0.2,0.15958702064896754,0.1905604719764012,0.02654867256637168,C105,C,0
16,0.21052631578947367,0.9390243902439024,0.8,0.10678466076696165,0.13303834808259588,0.02654867256637168,C105,C,0
17,0.21052631578947367,1.0,0.8,0.13215339233038348,0.16371681415929204,0.02654867256637168,C105,C,0
18,0.18947368421052632,0.8780487804878049,0.4,0.022123893805309734,0.05073746312684366,0.02654867256637168,C105,C,0
19,0.15789473684210525,0.8780487804878049,0.4,0.04188790560471976,0.08584070796460178,0.02654867256637168,C105,C,0
20,0.15789473684210525,0.9390243902439024,0.2,0.071976401179941,0.11179941002949853,0.02654867256637168,C105,C,0
21,0.3157894736842105,0.573170731707317,0.2,0.0029498525073746312,0.04041297935103245,0.02654867256637168,C105,C,0
22,0.3157894736842105,0.5975609756097561,0.4,0.26194690265486725,0.29233038348082596,0.02654867256637168,C105,C,0
23,0.29473684210526313,0.5975609756097561,0.4,0.22890855457227138,0.2710914454277286,0.02654867256637168,C105,C,0
24,0.29473684210526313,0.6341463414634146,0.2,0.20914454277286135,0.2359882005899705,0.02654867256637168,C105,C,0
25,0.2631578947368421,0.573170731707317,0.2,0.007374631268436578,0.054277286135693215,0.02654867256637168,C105,C,0
26,0.2631578947368421,0.5975609756097561,0.8,0.04188790560471976,0.07404129793510325,0.02654867256637168,C105,C,0
27,0.2631578947368421,0.6341463414634146,0.2,0.17168141592920355,0.21858407079646017,0.02654867256637168,C105,C,0
28,0.24210526315789474,0.5975609756097561,0.2,0.06902654867256637,0.10117994100294986,0.02654867256637168,C105,C,0
29,0.24210526315789474,0.6341463414634146,0.4,0.15427728613569322,0.18171091445427728,0.02654867256637168,C105,C,0
30,0.21052631578947367,0.573170731707317,0.2,0.09882005899705015,0.12625368731563422,0.02654867256637168,C105,C,0
31,0.21052631578947367,0.6341463414634146,0.2,0.12448377581120944,0.15663716814159293,0.02654867256637168,C105,C,0
32,0.10526315789473684,0.3902439024390244,0.4,0.053392330383480825,0.07551622418879056,0.02654867256637168,C105,C,0
33,0.10526315789473684,0.45121951219512196,0.6,0.009144542772861357,0.05014749262536873,0.02654867256637168,C105,C,0
34,0.08421052631578947,0.45121951219512196,0.8,0.015339233038348082,0.05693215339233038,0.02654867256637168,C105,C,0
35,0.08421052631578947,0.5121951219512195,0.4,0.212094395280236,0.25014749262536873,0.02654867256637168,C105,C,0
36,0.05263157894736842,0.3902439024390244,0.2,0.0743362831858407,0.11061946902654868,0.02654867256637168,C105,C,0
37,0.05263157894736842,0.5121951219512195,0.2,0.18849557522123894,0.21887905604719765,0.02654867256637168,C105,C,0
38,0.021052631578947368,0.45121951219512196,0.4,0.10530973451327434,0.13569321533923304,0.02654867256637168,C105,C,0
39,0.0,0.45121951219512196,0.6,0.13480825958702064,0.16047197640117994,0.02654867256637168,C105,C,0
40,0.0,0.5121951219512195,0.4,0.15870206489675517,0.1926253687315634,0.02654867256637168,C105,C,0
41,0.3684210526315789,0.32926829268292684,0.2,0.0696165191740413,0.10294985250737464,0.02654867256637168,C105,C,0
42,0.3684210526315789,0.35365853658536583,0.2,0.03893805309734513,0.07935103244837759,0.02654867256637168,C105,C,0
43,0.3473684210526316,0.35365853658536583,0.4,0.007964601769911504,0.05604719764011799,0.02654867256637168,C105,C,0
44,0.3473684210526316,0.3902439024390244,0.2,0.00471976401179941,0.04247787610619469,0.02654867256637168,C105,C,0
45,0.3368421052631579,0.32926829268292684,0.2,0.09793510324483776,0.12949852507374632,0.02654867256637168,C105,C,0
46,0.3157894736842105,0.32926829268292684,0.2,0.15103244837758112,0.1855457227138643,0.02654867256637168,C105,C,0
47,0.3157894736842105,0.35365853658536583,0.6,0.12300884955752213,0.1592920353982301,0.02654867256637168,C105,C,0
48,0.3157894736842105,0.3902439024390244,0.2,0.2896755162241888,0.33244837758112095,0.02654867256637168,C105,C,0
49,0.29473684210526313,0.32926829268292684,0.2,0.17728613569321533,0.2135693215339233,0.02654867256637168,C105,C,0
50,0.29473684210526313,0.3902439024390244,0.2,0.28584070796460176,0.3238938053097345,0.02654867256637168,C105,C,0
51,0.2736842105263158,0.35365853658536583,0.2,0.23097345132743363,0.26902654867256637,0.02654867256637168,C105,C,0
52,0.2631578947368421,0.32926829268292684,0.2,0.20501474926253688,0.2407079646017699,0.02654867256637168,C105,C,0
53,0.2631578947368421,0.3902439024390244,0.2,0.2604719764011799,0.2943952802359882,0.02654867256637168,C105,C,0
54,0.4631578947368421,0.024390243902439025,0.4,0.0752212389380531,0.11150442477876106,0.02654867256637168,C105,C,0
55,0.4421052631578947,0.08536585365853659,0.8,0.04424778761061947,0.0864306784660767,0.02654867256637168,C105,C,0
56,0.4421052631578947,0.14634146341463414,0.2,0.018584070796460177,0.05604719764011799,0.02654867256637168,C105,C,0
57,0.42105263157894735,0.024390243902439025,0.6,0.10589970501474927,0.13628318584070798,0.02654867256637168,C105,C,0
58,0.42105263157894735,0.14634146341463414,0.8,0.01032448377581121,0.04129793510324484,0.02654867256637168,C105,C,0
59,0.4,0.024390243902439025,0.6,0.12949852507374632,0.16696165191740414,0.02654867256637168,C105,C,0
60,0.4,0.14634146341463414,0.2,0.17905604719764012,0.2312684365781711,0.02654867256637168,C105,C,0
61,0.3684210526315789,0.024390243902439025,0.4,0.15604719764011798,0.1952802359882006,0.02654867256637168,C105,C,0
62,0.5263157894736842,0.32926829268292684,0.2,0.1448377581120944,0.19174041297935104,0.02654867256637168,C105,C,0
63,0.5263157894736842,0.3902439024390244,0.4,0.06932153392330384,0.10147492625368731,0.02654867256637168,C105,C,0
64,0.5263157894736842,0.45121951219512196,1.0,0.04336283185840708,0.07138643067846608,0.02654867256637168,C105,C,0
65,0.5052631578947369,0.32926829268292684,0.2,0.17728613569321533,0.2135693215339233,0.02654867256637168,C105,C,0
66,0.5052631578947369,0.45121951219512196,0.2,0.014749262536873156,0.045722713864306784,0.02654867256637168,C105,C,0
67,0.49473684210526314,0.3902439024390244,0.2,0.23657817109144544,0.2651917404129793,0.02654867256637168,C105,C,0
68,0.49473684210526314,0.45121951219512196,0.2,0.0035398230088495575,0.04218289085545723,0.02654867256637168,C105,C,0
69,0.47368421052631576,0.32926829268292684,0.2,0.21002949852507374,0.23569321533923304,0.02654867256637168,C105,C,0
70,0.47368421052631576,0.3902439024390244,0.2,0.2622418879056047,0.2938053097345133,0.02654867256637168,C105,C,0
71,1.0,0.32926829268292684,0.6,0.10412979351032449,0.14454277286135694,0.02654867256637168,C105,C,0
72,1.0,0.3902439024390244,0.4,0.07669616519174041,0.11592920353982301,0.02654867256637168,C105,C,0
73,0.5578947368421052,0.32926829268292684,0.2,0.12448377581120944,0.15722713864306784,0.02654867256637168,C105,C,0
74,0.968421052631579,0.32926829268292684,0.2,0.13038348082595871,0.17315634218289086,0.02654867256637168,C105,C,0
75,0.5578947368421052,0.3902439024390244,1.0,0.0952802359882006,0.13038348082595871,0.02654867256637168,C105,C,0
76,0.47368421052631576,0.7560975609756098,0.4,0.2837758112094395,0.32536873156342183,0.02654867256637168,C105,C,0
77,0.9473684210526315,0.3902439024390244,0.2,0.051622418879056046,0.08495575221238938,0.02654867256637168,C105,C,0
78,0.9263157894736842,0.32926829268292684,0.2,0.15899705014749263,0.2,0.02654867256637168,C105,C,0
79,0.9263157894736842,0.3902439024390244,0.4,0.023008849557522124,0.05929203539823009,0.02654867256637168,C105,C,0
80,0.9157894736842105,0.32926829268292684,0.2,0.18761061946902655,0.22507374631268437,0.02654867256637168,C105,C,0
81,0.8947368421052632,0.2682926829268293,0.2,0.21946902654867256,0.24926253687315633,0.02654867256637168,C105,C,0
82,0.8947368421052632,0.3902439024390244,0.6,0.013864306784660767,0.05929203539823009,0.02654867256637168,C105,C,0
83,0.7894736842105263,0.6341463414634146,0.4,0.10147492625368731,0.13126843657817108,0.02654867256637168,C105,C,0
84,0.7578947368421053,0.6341463414634146,0.2,0.06725663716814159,0.11061946902654868,0.02654867256637168,C105,C,0
85,0.7368421052631579,0.6707317073170732,0.4,0.12536873156342182,0.1640117994100295,0.02654867256637168,C105,C,0
86,0.7157894736842105,0.6951219512195121,0.6,0.15545722713864307,0.1887905604719764,0.02654867256637168,C105,C,0
87,0.6947368421052632,0.6341463414634146,0.2,0.0415929203539823,0.07964601769911504,0.02654867256637168,C105,C,0
88,0.6842105263157895,0.6341463414634146,0.4,0.016519174041297935,0.05103244837758112,0.02654867256637168,C105,C,0
89,0.6842105263157895,0.6951219512195121,0.6,0.18112094395280237,0.21799410029498525,0.02654867256637168,C105,C,0
90,0.6631578947368421,0.6707317073170732,0.2,0.2079646017699115,0.24601769911504426,0.02654867256637168,C105,C,0
91,0.631578947368421,0.6341463414634146,0.2,0.0058997050147492625,0.04365781710914454,0.02654867256637168,C105,C,0
92,0.631578947368421,0.6951219512195121,0.2,0.23864306784660766,0.27020648967551625,0.02654867256637168,C105,C,0
93,0.7052631578947368,1.0,0.4,0.0976401179941003,0.1410029498525074,0.02654867256637168,C105,C,0
94,0.6842105263157895,1.0,0.8,0.1336283185840708,0.1592920353982301,0.02654867256637168,C105,C,0
95,0.6842105263157895,0.9634146341463414,0.2,0.07669616519174041,0.1064896755162242,0.02654867256637168,C105,C,0
96,0.6526315789473685,0.9390243902439024,0.6,0.05132743362831858,0.07699115044247788,0.02654867256637168,C105,C,0
97,0.631578947368421,0.9390243902439024,0.2,0.01887905604719764,0.055162241887905604,0.02654867256637168,C105,C,0
98,0.631578947368421,1.0,0.6,0.15663716814159293,0.19233038348082596,0.02654867256637168,C105,C,0
99,0.6105263157894737,0.8780487804878049,0.4,0.008849557522123894,0.041002949852507374,0.02654867256637168,C105,C,0
100,0.5789473684210527,0.9390243902439024,0.2,0.2079646017699115,0.25309734513274335,0.02654867256637168,C105,C,0
101,0.5789473684210527,1.0,0.4,0.17935103244837758,0.22566371681415928,0.02654867256637168,C105,C,0
1,0.42105263157894735,0.573170731707317,0.0,0.0,0.36460176991150445,0.0,C106,C,0
2,0.47368421052631576,0.7926829268292683,0.2,0.26253687315634217,0.29174041297935105,0.02654867256637168,C106,C,0
3,0.47368421052631576,0.8170731707317073,0.6,0.2407079646017699,0.2592920353982301,0.02654867256637168,C106,C,0
4,0.4421052631578947,0.7682926829268293,0.2,0.016224188790560472,0.04601769911504425,0.02654867256637168,C106,C,0
5,0.4421052631578947,0.7926829268292683,0.2,0.20737463126843658,0.2377581120943953,0.02654867256637168,C106,C,0
6,0.4421052631578947,0.7560975609756098,0.2,0.004424778761061947,0.017699115044247787,0.02654867256637168,C106,C,0
7,0.42105263157894735,0.8048780487804879,0.4,0.1648967551622419,0.22536873156342183,0.02654867256637168,C106,C,0
8,0.42105263157894735,0.7682926829268293,0.4,0.05073746312684366,0.06578171091445428,0.02654867256637168,C106,C,0
9,0.4,0.7926829268292683,0.4,0.07374631268436578,0.09705014749262537,0.02654867256637168,C106,C,0
10,0.4,0.8170731707317073,0.2,0.14424778761061946,0.19174041297935104,0.02654867256637168,C106,C,0
11,0.3684210526315789,0.7682926829268293,0.2,0.1064896755162242,0.11976401179941003,0.02654867256637168,C106,C,0
12,0.3684210526315789,0.8048780487804879,0.2,0.13274336283185842,0.14837758112094396,0.02654867256637168,C106,C,0
13,0.2631578947368421,1.0,0.4,0.19085545722713865,0.21415929203539824,0.02654867256637168,C106,C,0
14,0.23157894736842105,0.8780487804878049,0.6,0.008849557522123894,0.028023598820058997,0.02654867256637168,C106,C,0
15,0.23157894736842105,1.0,0.2,0.16843657817109145,0.18171091445427728,0.02654867256637168,C106,C,0
16,0.21052631578947367,0.9390243902439024,0.8,0.11563421828908554,0.12418879056047198,0.02654867256637168,C106,C,0
17,0.21052631578947367,1.0,0.8,0.1410029498525074,0.15486725663716813,0.02654867256637168,C106,C,0
18,0.18947368421052632,0.8780487804878049,0.4,0.030973451327433628,0.04188790560471976,0.02654867256637168,C106,C,0
19,0.15789473684210525,0.8780487804878049,0.4,0.05073746312684366,0.07699115044247788,0.02654867256637168,C106,C,0
20,0.15789473684210525,0.9390243902439024,0.2,0.0808259587020649,0.10294985250737464,0.02654867256637168,C106,C,0
21,0.3157894736842105,0.573170731707317,0.2,0.0029498525073746312,0.02271386430678466,0.02654867256637168,C106,C,0
22,0.3157894736842105,0.5975609756097561,0.4,0.27079646017699116,0.28348082595870205,0.02654867256637168,C106,C,0
23,0.29473684210526313,0.5975609756097561,0.4,0.2377581120943953,0.2622418879056047,0.02654867256637168,C106,C,0
24,0.29473684210526313,0.6341463414634146,0.2,0.21799410029498525,0.22713864306784662,0.02654867256637168,C106,C,0
25,0.2631578947368421,0.573170731707317,0.2,0.016224188790560472,0.04542772861356932,0.02654867256637168,C106,C,0
26,0.2631578947368421,0.5975609756097561,0.8,0.05073746312684366,0.06519174041297936,0.02654867256637168,C106,C,0
27,0.2631578947368421,0.6341463414634146,0.2,0.18053097345132743,0.2097345132743363,0.02654867256637168,C106,C,0
28,0.24210526315789474,0.5975609756097561,0.2,0.07787610619469026,0.09233038348082596,0.02654867256637168,C106,C,0
29,0.24210526315789474,0.6341463414634146,0.4,0.1631268436578171,0.1728613569321534,0.02654867256637168,C106,C,0
30,0.21052631578947367,0.573170731707317,0.2,0.10766961651917405,0.11740412979351032,0.02654867256637168,C106,C,0
31,0.21052631578947367,0.6341463414634146,0.2,0.13333333333333333,0.14778761061946902,0.02654867256637168,C106,C,0
32,0.10526315789473684,0.3902439024390244,0.4,0.06017699115044248,0.06873156342182891,0.02654867256637168,C106,C,0
33,0.10526315789473684,0.45121951219512196,0.6,0.009144542772861357,0.05575221238938053,0.02654867256637168,C106,C,0
34,0.08421052631578947,0.45121951219512196,0.8,0.012389380530973451,0.059882005899705014,0.02654867256637168,C106,C,0
35,0.08421052631578947,0.5121951219512195,0.4,0.21091445427728614,0.2513274336283186,0.02654867256637168,C106,C,0
36,0.05263157894736842,0.3902439024390244,0.2,0.07404129793510325,0.11091445427728613,0.02654867256637168,C106,C,0
37,0.05263157894736842,0.5121951219512195,0.2,0.1911504424778761,0.21622418879056046,0.02654867256637168,C106,C,0
38,0.021052631578947368,0.45121951219512196,0.4,0.10766961651917405,0.13333333333333333,0.02654867256637168,C106,C,0
39,0.0,0.45121951219512196,0.6,0.13982300884955753,0.15545722713864307,0.02654867256637168,C106,C,0
40,0.0,0.5121951219512195,0.4,0.15958702064896754,0.19174041297935104,0.02654867256637168,C106,C,0
41,0.3684210526315789,0.32926829268292684,0.2,0.07079646017699115,0.10176991150442478,0.02654867256637168,C106,C,0
42,0.3684210526315789,0.35365853658536583,0.2,0.036283185840707964,0.08200589970501475,0.02654867256637168,C106,C,0
43,0.3473684210526316,0.35365853658536583,0.4,0.005604719764011799,0.06637168141592921,0.02654867256637168,C106,C,0
44,0.3473684210526316,0.3902439024390244,0.2,0.00471976401179941,0.04513274336283186,0.02654867256637168,C106,C,0
45,0.3368421052631579,0.32926829268292684,0.2,0.09970501474926254,0.12772861356932153,0.02654867256637168,C106,C,0
46,0.3157894736842105,0.32926829268292684,0.2,0.15132743362831858,0.18525073746312684,0.02654867256637168,C106,C,0
47,0.3157894736842105,0.35365853658536583,0.6,0.1224188790560472,0.15988200589970503,0.02654867256637168,C106,C,0
48,0.3157894736842105,0.3902439024390244,0.2,0.25722713864306784,0.33244837758112095,0.02654867256637168,C106,C,0
49,0.29473684210526313,0.32926829268292684,0.2,0.17669616519174042,0.21415929203539824,0.02654867256637168,C106,C,0
50,0.29473684210526313,0.3902439024390244,0.2,0.2705014749262537,0.3321533923303835,0.02654867256637168,C106,C,0
51,0.2736842105263158,0.35365853658536583,0.2,0.22979351032448378,0.27020648967551625,0.02654867256637168,C106,C,0
52,0.2631578947368421,0.32926829268292684,0.2,0.20501474926253688,0.2407079646017699,0.02654867256637168,C106,C,0
53,0.2631578947368421,0.3902439024390244,0.2,0.2528023598820059,0.30206489675516224,0.02654867256637168,C106,C,0
54,0.4631578947368421,0.024390243902439025,0.4,0.06519174041297936,0.1215339233038348,0.02654867256637168,C106,C,0
55,0.4421052631578947,0.08536585365853659,0.8,0.02831858407079646,0.10235988200589971,0.02654867256637168,C106,C,0
56,0.4421052631578947,0.14634146341463414,0.2,0.01032448377581121,0.06873156342182891,0.02654867256637168,C106,C,0
57,0.42105263157894735,0.024390243902439025,0.6,0.10235988200589971,0.13982300884955753,0.02654867256637168,C106,C,0
58,0.42105263157894735,0.14634146341463414,0.8,0.01032448377581121,0.05073746312684366,0.02654867256637168,C106,C,0
59,0.4,0.024390243902439025,0.6,0.11887905604719765,0.1775811209439528,0.02654867256637168,C106,C,0
60,0.4,0.14634146341463414,0.2,0.15368731563421828,0.25663716814159293,0.02654867256637168,C106,C,0
61,0.3684210526315789,0.024390243902439025,0.4,0.14365781710914455,0.20766961651917404,0.02654867256637168,C106,C,0
62,0.5263157894736842,0.32926829268292684,0.2,0.12448377581120944,0.212094395280236,0.02654867256637168,C106,C,0
63,0.5263157894736842,0.3902439024390244,0.4,0.0640117994100295,0.10678466076696165,0.02654867256637168,C106,C,0
64,0.5263157894736842,0.45121951219512196,1.0,0.04188790560471976,0.0728613569321534,0.02654867256637168,C106,C,0
65,0.5052631578947369,0.32926829268292684,0.2,0.1672566371681416,0.22359882005899706,0.02654867256637168,C106,C,0
66,0.5052631578947369,0.45121951219512196,0.2,0.010029498525073746,0.050442477876106194,0.02654867256637168,C106,C,0
67,0.49473684210526314,0.3902439024390244,0.2,0.23421828908554573,0.26755162241887903,0.02654867256637168,C106,C,0
68,0.49473684210526314,0.45121951219512196,0.2,0.0035398230088495575,0.06666666666666667,0.02654867256637168,C106,C,0
69,0.47368421052631576,0.32926829268292684,0.2,0.2112094395280236,0.2345132743362832,0.02654867256637168,C106,C,0
70,0.47368421052631576,0.3902439024390244,0.2,0.2575221238938053,0.2985250737463127,0.02654867256637168,C106,C,0
71,1.0,0.32926829268292684,0.6,0.07846607669616519,0.17020648967551621,0.02654867256637168,C106,C,0
72,1.0,0.3902439024390244,0.4,0.053392330383480825,0.1392330383480826,0.02654867256637168,C106,C,0
73,0.5578947368421052,0.32926829268292684,0.2,0.11858407079646018,0.1631268436578171,0.02654867256637168,C106,C,0
74,0.968421052631579,0.32926829268292684,0.2,0.10176991150442478,0.20176991150442478,0.02654867256637168,C106,C,0
75,0.5578947368421052,0.3902439024390244,1.0,0.08672566371681416,0.13893805309734514,0.02654867256637168,C106,C,0
76,0.47368421052631576,0.7560975609756098,0.4,0.28053097345132744,0.3286135693215339,0.02654867256637168,C106,C,0
77,0.9473684210526315,0.3902439024390244,0.2,0.04513274336283186,0.09144542772861357,0.02654867256637168,C106,C,0
78,0.9263157894736842,0.32926829268292684,0.2,0.13274336283185842,0.22625368731563422,0.02654867256637168,C106,C,0
79,0.9263157894736842,0.3902439024390244,0.4,0.014749262536873156,0.06991150442477877,0.02654867256637168,C106,C,0
80,0.9157894736842105,0.32926829268292684,0.2,0.1672566371681416,0.24542772861356932,0.02654867256637168,C106,C,0
81,0.8947368421052632,0.2682926829268293,0.2,0.2103244837758112,0.2584070796460177,0.02654867256637168,C106,C,0
82,0.8947368421052632,0.3902439024390244,0.6,0.013864306784660767,0.0976401179941003,0.02654867256637168,C106,C,0
83,0.7894736842105263,0.6341463414634146,0.4,0.09174041297935104,0.1410029498525074,0.02654867256637168,C106,C,0
84,0.7578947368421053,0.6341463414634146,0.2,0.03746312684365782,0.14041297935103245,0.02654867256637168,C106,C,0
85,0.7368421052631579,0.6707317073170732,0.4,0.10294985250737464,0.1864306784660767,0.02654867256637168,C106,C,0
86,0.7157894736842105,0.6951219512195121,0.6,0.14041297935103245,0.20383480825958702,0.02654867256637168,C106,C,0
87,0.6947368421052632,0.6341463414634146,0.2,0.01976401179941003,0.10147492625368731,0.02654867256637168,C106,C,0
88,0.6842105263157895,0.6341463414634146,0.4,0.007374631268436578,0.07551622418879056,0.02654867256637168,C106,C,0
89,0.6842105263157895,0.6951219512195121,0.6,0.16106194690265488,0.23805309734513275,0.02654867256637168,C106,C,0
90,0.6631578947368421,0.6707317073170732,0.2,0.18584070796460178,0.268141592920354,0.02654867256637168,C106,C,0
91,0.631578947368421,0.6341463414634146,0.2,0.0058997050147492625,0.0864306784660767,0.02654867256637168,C106,C,0
92,0.631578947368421,0.6951219512195121,0.2,0.22684365781710913,0.2820058997050148,0.02654867256637168,C106,C,0
93,0.7052631578947368,1.0,0.4,0.06755162241887906,0.1710914454277286,0.02654867256637168,C106,C,0
94,0.6842105263157895,1.0,0.8,0.13038348082595871,0.1625368731563422,0.02654867256637168,C106,C,0
95,0.6842105263157895,0.9634146341463414,0.2,0.06696165191740414,0.11622418879056047,0.02654867256637168,C106,C,0
96,0.6526315789473685,0.9390243902439024,0.6,0.04808259587020649,0.08023598820058997,0.02654867256637168,C106,C,0
97,0.631578947368421,0.9390243902439024,0.2,0.010619469026548672,0.08584070796460178,0.02654867256637168,C106,C,0
98,0.631578947368421,1.0,0.6,0.1383480825958702,0.21061946902654868,0.02654867256637168,C106,C,0
99,0.6105263157894737,0.8780487804878049,0.4,0.008849557522123894,0.06696165191740414,0.02654867256637168,C106,C,0
100,0.5789473684210527,0.9390243902439024,0.2,0.17551622418879056,0.2855457227138643,0.02654867256637168,C106,C,0
101,0.5789473684210527,1.0,0.4,0.1454277286135693,0.25958702064896755,0.02654867256637168,C106,C,0
1,0.42105263157894735,0.573170731707317,0.0,0.0,0.36460176991150445,0.0,C107,C,0
2,0.47368421052631576,0.7926829268292683,0.2,0.25073746312684364,0.30383480825958703,0.02654867256637168,C107,C,0
3,0.47368421052631576,0.8170731707317073,0.6,0.22359882005899706,0.2766961651917404,0.02654867256637168,C107,C,0
4,0.4421052631578947,0.7682926829268293,0.2,0.00471976401179941,0.05781710914454277,0.02654867256637168,C107,C,0
5,0.4421052631578947,0.7926829268292683,0.2,0.19616519174041297,0.24926253687315633,0.02654867256637168,C107,C,0
6,0.4421052631578947,0.7560975609756098,0.2,0.004424778761061947,0.05752212389380531,0.02654867256637168,C107,C,0
7,0.42105263157894735,0.8048780487804879,0.4,0.1687315634218289,0.22182890855457227,0.02654867256637168,C107,C,0
8,0.42105263157894735,0.7682926829268293,0.4,0.03185840707964602,0.08495575221238938,0.02654867256637168,C107,C,0
9,0.4,0.7926829268292683,0.4,0.058997050147492625,0.11209439528023599,0.02654867256637168,C107,C,0
10,0.4,0.8170731707317073,0.2,0.1415929203539823,0.19469026548672566,0.02654867256637168,C107,C,0
11,0.3684210526315789,0.7682926829268293,0.2,0.08672566371681416,0.13982300884955753,0.02654867256637168,C107,C,0
12,0.3684210526315789,0.8048780487804879,0.2,0.11415929203539824,0.1672566371681416,0.02654867256637168,C107,C,0
13,0.2631578947368421,1.0,0.4,0.17610619469026548,0.22920353982300884,0.02654867256637168,C107,C,0
14,0.23157894736842105,0.8780487804878049,0.6,0.008849557522123894,0.061946902654867256,0.02654867256637168,C107,C,0
15,0.23157894736842105,1.0,0.2,0.1486725663716814,0.20176991150442478,0.02654867256637168,C107,C,0
16,0.21052631578947367,0.9390243902439024,0.8,0.09351032448377582,0.14660766961651917,0.02654867256637168,C107,C,0
17,0.21052631578947367,1.0,0.8,0.1215339233038348,0.17463126843657817,0.02654867256637168,C107,C,0
18,0.18947368421052632,0.8780487804878049,0.4,0.010029498525073746,0.06312684365781711,0.02654867256637168,C107,C,0
19,0.15789473684210525,0.8780487804878049,0.4,0.03746312684365782,0.09056047197640119,0.02654867256637168,C107,C,0
20,0.15789473684210525,0.9390243902439024,0.2,0.06548672566371681,0.11858407079646018,0.02654867256637168,C107,C,0
21,0.3157894736842105,0.573170731707317,0.2,0.0029498525073746312,0.05604719764011799,0.02654867256637168,C107,C,0
22,0.3157894736842105,0.5975609756097561,0.4,0.25073746312684364,0.30383480825958703,0.02654867256637168,C107,C,0
23,0.29473684210526313,0.5975609756097561,0.4,0.22359882005899706,0.2766961651917404,0.02654867256637168,C107,C,0
24,0.29473684210526313,0.6341463414634146,0.2,0.19616519174041297,0.24926253687315633,0.02654867256637168,C107,C,0
25,0.2631578947368421,0.573170731707317,0.2,0.004424778761061947,0.05752212389380531,0.02654867256637168,C107,C,0
26,0.2631578947368421,0.5975609756097561,0.8,0.031563421828908554,0.08466076696165192,0.02654867256637168,C107,C,0
27,0.2631578947368421,0.6341463414634146,0.2,0.1687315634218289,0.22182890855457227,0.02654867256637168,C107,C,0
28,0.24210526315789474,0.5975609756097561,0.2,0.05870206489675516,0.11179941002949853,0.02654867256637168,C107,C,0
29,0.24210526315789474,0.6341463414634146,0.4,0.1415929203539823,0.19469026548672566,0.02654867256637168,C107,C,0
30,0.21052631578947367,0.573170731707317,0.2,0.08613569321533923,0.1392330383480826,0.02654867256637168,C107,C,0
31,0.21052631578947367,0.6341463414634146,0.2,0.11415929203539824,0.1672566371681416,0.02654867256637168,C107,C,0
32,0.10526315789473684,0.3902439024390244,0.4,0.03805309734513274,0.09115044247787611,0.02654867256637168,C107,C,0
33,0.10526315789473684,0.45121951219512196,0.6,0.009144542772861357,0.06224188790560472,0.02654867256637168,C107,C,0
34,0.08421052631578947,0.45121951219512196,0.8,0.009734513274336283,0.06283185840707965,0.02654867256637168,C107,C,0
35,0.08421052631578947,0.5121951219512195,0.4,0.20471976401179942,0.25781710914454276,0.02654867256637168,C107,C,0
36,0.05263157894736842,0.3902439024390244,0.2,0.06607669616519174,0.1191740412979351,0.02654867256637168,C107,C,0
37,0.05263157894736842,0.5121951219512195,0.2,0.17728613569321533,0.2303834808259587,0.02654867256637168,C107,C,0
38,0.021052631578947368,0.45121951219512196,0.4,0.09410029498525074,0.1471976401179941,0.02654867256637168,C107,C,0
39,0.0,0.45121951219512196,0.6,0.12123893805309735,0.1743362831858407,0.02654867256637168,C107,C,0
40,0.0,0.5121951219512195,0.4,0.14926253687315635,0.20235988200589972,0.02654867256637168,C107,C,0
41,0.3684210526315789,0.32926829268292684,0.2,0.059882005899705014,0.11297935103244838,0.02654867256637168,C107,C,0
42,0.3684210526315789,0.35365853658536583,0.2,0.03274336283185841,0.08584070796460178,0.02654867256637168,C107,C,0
43,0.3473684210526316,0.35365853658536583,0.4,0.005604719764011799,0.05870206489675516,0.02654867256637168,C107,C,0
44,0.3473684210526316,0.3902439024390244,0.2,0.00471976401179941,0.05781710914454277,0.02654867256637168,C107,C,0
45,0.3368421052631579,0.32926829268292684,0.2,0.08731563421828908,0.14041297935103245,0.02654867256637168,C107,C,0
46,0.3157894736842105,0.32926829268292684,0.2,0.14188790560471976,0.19498525073746312,0.02654867256637168,C107,C,0
47,0.3157894736842105,0.35365853658536583,0.6,0.11474926253687316,0.1678466076696165,0.02654867256637168,C107,C,0
48,0.3157894736842105,0.3902439024390244,0.2,0.27935103244837756,0.33244837758112095,0.02654867256637168,C107,C,0
49,0.29473684210526313,0.32926829268292684,0.2,0.16902654867256636,0.22212389380530972,0.02654867256637168,C107,C,0
50,0.29473684210526313,0.3902439024390244,0.2,0.2784660766961652,0.3315634218289086,0.02654867256637168,C107,C,0
51,0.2736842105263158,0.35365853658536583,0.2,0.22359882005899706,0.2766961651917404,0.02654867256637168,C107,C,0
52,0.2631578947368421,0.32926829268292684,0.2,0.19646017699115045,0.24955752212389382,0.02654867256637168,C107,C,0
53,0.2631578947368421,0.3902439024390244,0.2,0.2510324483775811,0.3041297935103245,0.02654867256637168,C107,C,0
54,0.4631578947368421,0.024390243902439025,0.4,0.06696165191740414,0.1200589970501475,0.02654867256637168,C107,C,0
55,0.4421052631578947,0.08536585365853659,0.8,0.03893805309734513,0.0920353982300885,0.02654867256637168,C107,C,0
56,0.4421052631578947,0.14634146341463414,0.2,0.010914454277286136,0.0640117994100295,0.02654867256637168,C107,C,0
57,0.42105263157894735,0.024390243902439025,0.6,0.09469026548672567,0.14778761061946902,0.02654867256637168,C107,C,0
58,0.42105263157894735,0.14634146341463414,0.8,0.01032448377581121,0.06342182890855458,0.02654867256637168,C107,C,0
59,0.4,0.024390243902439025,0.6,0.12182890855457228,0.17492625368731562,0.02654867256637168,C107,C,0
60,0.4,0.14634146341463414,0.2,0.17876106194690267,0.23185840707964603,0.02654867256637168,C107,C,0
61,0.3684210526315789,0.024390243902439025,0.4,0.14926253687315635,0.20235988200589972,0.02654867256637168,C107,C,0
62,0.5263157894736842,0.32926829268292684,0.2,0.14188790560471976,0.19498525073746312,0.02654867256637168,C107,C,0
63,0.5263157894736842,0.3902439024390244,0.4,0.058997050147492625,0.11209439528023599,0.02654867256637168,C107,C,0
64,0.5263157894736842,0.45121951219512196,1.0,0.030973451327433628,0.084070796460177,0.02654867256637168,C107,C,0
65,0.5052631578947369,0.32926829268292684,0.2,0.16902654867256636,0.22212389380530972,0.02654867256637168,C107,C,0
66,0.5052631578947369,0.45121951219512196,0.2,0.0038348082595870206,0.05693215339233038,0.02654867256637168,C107,C,0
67,0.49473684210526314,0.3902439024390244,0.2,0.22448377581120943,0.2775811209439528,0.02654867256637168,C107,C,0
68,0.49473684210526314,0.45121951219512196,0.2,0.0035398230088495575,0.05663716814159292,0.02654867256637168,C107,C,0
69,0.47368421052631576,0.32926829268292684,0.2,0.19646017699115045,0.24955752212389382,0.02654867256637168,C107,C,0
70,0.47368421052631576,0.3902439024390244,0.2,0.25162241887905606,0.3047197640117994,0.02654867256637168,C107,C,0
71,1.0,0.32926829268292684,0.6,0.09793510324483776,0.15103244837758112,0.02654867256637168,C107,C,0
72,1.0,0.3902439024390244,0.4,0.06991150442477877,0.12300884955752213,0.02654867256637168,C107,C,0
73,0.5578947368421052,0.32926829268292684,0.2,0.11445427728613569,0.16755162241887905,0.02654867256637168,C107,C,0
74,0.968421052631579,0.32926829268292684,0.2,0.12536873156342182,0.17846607669616518,0.02654867256637168,C107,C,0
75,0.5578947368421052,0.3902439024390244,1.0,0.0864306784660767,0.13952802359882005,0.02654867256637168,C107,C,0
76,0.47368421052631576,0.7560975609756098,0.4,0.27817109144542773,0.33126843657817107,0.02654867256637168,C107,C,0
77,0.9473684210526315,0.3902439024390244,0.2,0.04188790560471976,0.09498525073746313,0.02654867256637168,C107,C,0
78,0.9263157894736842,0.32926829268292684,0.2,0.15309734513274337,0.20619469026548673,0.02654867256637168,C107,C,0
79,0.9263157894736842,0.3902439024390244,0.4,0.014749262536873156,0.06784660766961652,0.02654867256637168,C107,C,0
80,0.9157894736842105,0.32926829268292684,0.2,0.17994100294985252,0.23303834808259588,0.02654867256637168,C107,C,0
81,0.8947368421052632,0.2682926829268293,0.2,0.2079646017699115,0.2610619469026549,0.02654867256637168,C107,C,0
82,0.8947368421052632,0.3902439024390244,0.6,0.013864306784660767,0.06696165191740414,0.02654867256637168,C107,C,0
83,0.7894736842105263,0.6341463414634146,0.4,0.08997050147492626,0.1430678466076696,0.02654867256637168,C107,C,0
84,0.7578947368421053,0.6341463414634146,0.2,0.06253687315634218,0.11563421828908554,0.02654867256637168,C107,C,0
85,0.7368421052631579,0.6707317073170732,0.4,0.11828908554572272,0.17138643067846607,0.02654867256637168,C107,C,0
86,0.7157894736842105,0.6951219512195121,0.6,0.1457227138643068,0.19882005899705016,0.02654867256637168,C107,C,0
87,0.6947368421052632,0.6341463414634146,0.2,0.03421828908554572,0.08731563421828908,0.02654867256637168,C107,C,0
88,0.6842105263157895,0.6341463414634146,0.4,0.007374631268436578,0.06047197640117994,0.02654867256637168,C107,C,0
89,0.6842105263157895,0.6951219512195121,0.6,0.17315634218289086,0.22625368731563422,0.02654867256637168,C107,C,0
90,0.6631578947368421,0.6707317073170732,0.2,0.20058997050147492,0.2536873156342183,0.02654867256637168,C107,C,0
91,0.631578947368421,0.6341463414634146,0.2,0.0058997050147492625,0.058997050147492625,0.02654867256637168,C107,C,0
92,0.631578947368421,0.6951219512195121,0.2,0.228023598820059,0.28112094395280235,0.02654867256637168,C107,C,0
93,0.7052631578947368,1.0,0.4,0.09292035398230089,0.14601769911504425,0.02654867256637168,C107,C,0
94,0.6842105263157895,1.0,0.8,0.1200589970501475,0.17315634218289086,0.02654867256637168,C107,C,0
95,0.6842105263157895,0.9634146341463414,0.2,0.06519174041297936,0.11828908554572272,0.02654867256637168,C107,C,0
96,0.6526315789473685,0.9390243902439024,0.6,0.03775811209439528,0.09085545722713864,0.02654867256637168,C107,C,0
97,0.631578947368421,0.9390243902439024,0.2,0.010619469026548672,0.06371681415929203,0.02654867256637168,C107,C,0
98,0.631578947368421,1.0,0.6,0.1480825958702065,0.20117994100294986,0.02654867256637168,C107,C,0
99,0.6105263157894737,0.8780487804878049,0.4,0.008849557522123894,0.061946902654867256,0.02654867256637168,C107,C,0
100,0.5789473684210527,0.9390243902439024,0.2,0.20412979351032448,0.25722713864306784,0.02654867256637168,C107,C,0
101,0.5789473684210527,1.0,0.4,0.17610619469026548,0.22920353982300884,0.02654867256637168,C107,C,0
1,0.42105263157894735,0.573170731707317,0.0,0.0,0.36460176991150445,0.0,C108,C,0
2,0.47368421052631576,0.7926829268292683,0.2,0.2448377581120944,0.3094395280235988,0.02654867256637168,C108,C,0
3,0.47368421052631576,0.8170731707317073,0.6,0.22300884955752212,0.27699115044247785,0.02654867256637168,C108,C,0
4,0.4421052631578947,0.7682926829268293,0.2,0.00471976401179941,0.09911504424778761,0.02654867256637168,C108,C,0
5,0.4421052631578947,0.7926829268292683,0.2,0.1896755162241888,0.25545722713864305,0.02654867256637168,C108,C,0
6,0.4421052631578947,0.7560975609756098,0.2,0.004424778761061947,0.06666666666666667,0.02654867256637168,C108,C,0
7,0.42105263157894735,0.8048780487804879,0.4,0.1471976401179941,0.2430678466076696,0.02654867256637168,C108,C,0
8,0.42105263157894735,0.7682926829268293,0.4,0.02566371681415929,0.09085545722713864,0.02654867256637168,C108,C,0
9,0.4,0.7926829268292683,0.4,0.04424778761061947,0.12654867256637167,0.02654867256637168,C108,C,0
10,0.4,0.8170731707317073,0.2,0.12654867256637167,0.20943952802359883,0.02654867256637168,C108,C,0
11,0.3684210526315789,0.7682926829268293,0.2,0.08230088495575222,0.143952802359882,0.02654867256637168,C108,C,0
12,0.3684210526315789,0.8048780487804879,0.2,0.10707964601769912,0.17404129793510326,0.02654867256637168,C108,C,0
13,0.2631578947368421,1.0,0.4,0.16135693215339234,0.24365781710914455,0.02654867256637168,C108,C,0
14,0.23157894736842105,0.8780487804878049,0.6,0.008849557522123894,0.08259587020648967,0.02654867256637168,C108,C,0
15,0.23157894736842105,1.0,0.2,0.14424778761061946,0.20589970501474927,0.02654867256637168,C108,C,0
16,0.21052631578947367,0.9390243902439024,0.8,0.09380530973451327,0.14601769911504425,0.02654867256637168,C108,C,0
17,0.21052631578947367,1.0,0.8,0.11622418879056047,0.17964601769911503,0.02654867256637168,C108,C,0
18,0.18947368421052632,0.8780487804878049,0.4,0.009734513274336283,0.06666666666666667,0.02654867256637168,C108,C,0
19,0.15789473684210525,0.8780487804878049,0.4,0.020058997050147492,0.10766961651917405,0.02654867256637168,C108,C,0
20,0.15789473684210525,0.9390243902439024,0.2,0.05191740412979351,0.13185840707964602,0.02654867256637168,C108,C,0
21,0.3157894736842105,0.573170731707317,0.2,0.0029498525073746312,0.07817109144542773,0.02654867256637168,C108,C,0
22,0.3157894736842105,0.5975609756097561,0.4,0.24660766961651917,0.307669616519174,0.02654867256637168,C108,C,0
23,0.29473684210526313,0.5975609756097561,0.4,0.20766961651917404,0.29233038348082596,0.02654867256637168,C108,C,0
24,0.29473684210526313,0.6341463414634146,0.2,0.1958702064896755,0.24926253687315633,0.02654867256637168,C108,C,0
25,0.2631578947368421,0.573170731707317,0.2,0.004424778761061947,0.09823008849557523,0.02654867256637168,C108,C,0
26,0.2631578947368421,0.5975609756097561,0.8,0.025958702064896755,0.08997050147492626,0.02654867256637168,C108,C,0
27,0.2631578947368421,0.6341463414634146,0.2,0.1480825958702065,0.24218289085545722,0.02654867256637168,C108,C,0
28,0.24210526315789474,0.5975609756097561,0.2,0.0528023598820059,0.11740412979351032,0.02654867256637168,C108,C,0
29,0.24210526315789474,0.6341463414634146,0.4,0.14041297935103245,0.19557522123893806,0.02654867256637168,C108,C,0
30,0.21052631578947367,0.573170731707317,0.2,0.08495575221238938,0.140117994100295,0.02654867256637168,C108,C,0
31,0.21052631578947367,0.6341463414634146,0.2,0.10855457227138643,0.17256637168141592,0.02654867256637168,C108,C,0
32,0.10526315789473684,0.3902439024390244,0.4,0.04247787610619469,0.0864306784660767,0.02654867256637168,C108,C,0
33,0.10526315789473684,0.45121951219512196,0.6,0.009144542772861357,0.09115044247787611,0.02654867256637168,C108,C,0
34,0.08421052631578947,0.45121951219512196,0.8,0.009734513274336283,0.09233038348082596,0.02654867256637168,C108,C,0
35,0.08421052631578947,0.5121951219512195,0.4,0.19321533923303835,0.26902654867256637,0.02654867256637168,C108,C,0
36,0.05263157894736842,0.3902439024390244,0.2,0.056342182890855456,0.12861356932153392,0.02654867256637168,C108,C,0
37,0.05263157894736842,0.5121951219512195,0.2,0.17345132743362832,0.23392330383480825,0.02654867256637168,C108,C,0
38,0.021052631578947368,0.45121951219512196,0.4,0.08997050147492626,0.15103244837758112,0.02654867256637168,C108,C,0
39,0.0,0.45121951219512196,0.6,0.12212389380530973,0.17315634218289086,0.02654867256637168,C108,C,0
40,0.0,0.5121951219512195,0.4,0.14188790560471976,0.20943952802359883,0.02654867256637168,C108,C,0
41,0.3684210526315789,0.32926829268292684,0.2,0.05309734513274336,0.11946902654867257,0.02654867256637168,C108,C,0
42,0.3684210526315789,0.35365853658536583,0.2,0.018584070796460177,0.09970501474926254,0.02654867256637168,C108,C,0
43,0.3473684210526316,0.35365853658536583,0.4,0.005604719764011799,0.10176991150442478,0.02654867256637168,C108,C,0
44,0.3473684210526316,0.3902439024390244,0.2,0.00471976401179941,0.08053097345132744,0.02654867256637168,C108,C,0
45,0.3368421052631579,0.32926829268292684,0.2,0.08200589970501475,0.1454277286135693,0.02654867256637168,C108,C,0
46,0.3157894736842105,0.32926829268292684,0.2,0.1336283185840708,0.20294985250737463,0.02654867256637168,C108,C,0
47,0.3157894736842105,0.35365853658536583,0.6,0.10471976401179942,0.1775811209439528,0.02654867256637168,C108,C,0
48,0.3157894736842105,0.3902439024390244,0.2,0.24690265486725663,0.33244837758112095,0.02654867256637168,C108,C,0
49,0.29473684210526313,0.32926829268292684,0.2,0.15899705014749263,0.23185840707964603,0.02654867256637168,C108,C,0
50,0.29473684210526313,0.3902439024390244,0.2,0.2557522123893805,0.3321533923303835,0.02654867256637168,C108,C,0
51,0.2736842105263158,0.35365853658536583,0.2,0.212094395280236,0.287905604719764,0.02654867256637168,C108,C,0
52,0.2631578947368421,0.32926829268292684,0.2,0.1873156342182891,0.2584070796460177,0.02654867256637168,C108,C,0
53,0.2631578947368421,0.3902439024390244,0.2,0.24336283185840707,0.31150442477876106,0.02654867256637168,C108,C,0
54,0.4631578947368421,0.024390243902439025,0.4,0.05693215339233038,0.12979351032448377,0.02654867256637168,C108,C,0
55,0.4421052631578947,0.08536585365853659,0.8,0.023008849557522124,0.10766961651917405,0.02654867256637168,C108,C,0
56,0.4421052631578947,0.14634146341463414,0.2,0.01032448377581121,0.08466076696165192,0.02654867256637168,C108,C,0
57,0.42105263157894735,0.024390243902439025,0.6,0.09085545722713864,0.15132743362831858,0.02654867256637168,C108,C,0
58,0.42105263157894735,0.14634146341463414,0.8,0.01032448377581121,0.07256637168141593,0.02654867256637168,C108,C,0
59,0.4,0.024390243902439025,0.6,0.11091445427728613,0.1855457227138643,0.02654867256637168,C108,C,0
60,0.4,0.14634146341463414,0.2,0.15309734513274337,0.25722713864306784,0.02654867256637168,C108,C,0
61,0.3684210526315789,0.024390243902439025,0.4,0.13657817109144543,0.21474926253687315,0.02654867256637168,C108,C,0
62,0.5263157894736842,0.32926829268292684,0.2,0.1215339233038348,0.2150442477876106,0.02654867256637168,C108,C,0
63,0.5263157894736842,0.3902439024390244,0.4,0.053392330383480825,0.11740412979351032,0.02654867256637168,C108,C,0
64,0.5263157894736842,0.45121951219512196,1.0,0.029498525073746312,0.08525073746312685,0.02654867256637168,C108,C,0
65,0.5052631578947369,0.32926829268292684,0.2,0.15899705014749263,0.23185840707964603,0.02654867256637168,C108,C,0
66,0.5052631578947369,0.45121951219512196,0.2,0.0035398230088495575,0.06578171091445428,0.02654867256637168,C108,C,0
67,0.49473684210526314,0.3902439024390244,0.2,0.22212389380530972,0.27964601769911507,0.02654867256637168,C108,C,0
68,0.49473684210526314,0.45121951219512196,0.2,0.0035398230088495575,0.08112094395280237,0.02654867256637168,C108,C,0
69,0.47368421052631576,0.32926829268292684,0.2,0.19734513274336282,0.24837758112094396,0.02654867256637168,C108,C,0
70,0.47368421052631576,0.3902439024390244,0.2,0.24660766961651917,0.3094395280235988,0.02654867256637168,C108,C,0
71,1.0,0.32926829268292684,0.6,0.08377581120943953,0.1648967551622419,0.02654867256637168,C108,C,0
72,1.0,0.3902439024390244,0.4,0.057227138643067846,0.13539823008849558,0.02654867256637168,C108,C,0
73,0.5578947368421052,0.32926829268292684,0.2,0.10825958702064897,0.17345132743362832,0.02654867256637168,C108,C,0
74,0.968421052631579,0.32926829268292684,0.2,0.10914454277286136,0.1943952802359882,0.02654867256637168,C108,C,0
75,0.5578947368421052,0.3902439024390244,1.0,0.07758112094395281,0.1480825958702065,0.02654867256637168,C108,C,0
76,0.47368421052631576,0.7560975609756098,0.4,0.24985250737463127,0.3333333333333333,0.02654867256637168,C108,C,0
77,0.9473684210526315,0.3902439024390244,0.2,0.03510324483775811,0.10147492625368731,0.02654867256637168,C108,C,0
78,0.9263157894736842,0.32926829268292684,0.2,0.1383480825958702,0.22064896755162242,0.02654867256637168,C108,C,0
79,0.9263157894736842,0.3902439024390244,0.4,0.014749262536873156,0.08702064896755163,0.02654867256637168,C108,C,0
80,0.9157894736842105,0.32926829268292684,0.2,0.16902654867256636,0.24365781710914455,0.02654867256637168,C108,C,0
81,0.8947368421052632,0.2682926829268293,0.2,0.20471976401179942,0.2640117994100295,0.02654867256637168,C108,C,0
82,0.8947368421052632,0.3902439024390244,0.6,0.013864306784660767,0.10501474926253687,0.02654867256637168,C108,C,0
83,0.7894736842105263,0.6341463414634146,0.4,0.0864306784660767,0.1463126843657817,0.02654867256637168,C108,C,0
84,0.7578947368421053,0.6341463414634146,0.2,0.04542772861356932,0.13244837758112094,0.02654867256637168,C108,C,0
85,0.7368421052631579,0.6707317073170732,0.4,0.10619469026548672,0.1831858407079646,0.02654867256637168,C108,C,0
86,0.7157894736842105,0.6951219512195121,0.6,0.13864306784660768,0.2056047197640118,0.02654867256637168,C108,C,0
87,0.6947368421052632,0.6341463414634146,0.2,0.022418879056047197,0.09882005899705015,0.02654867256637168,C108,C,0
88,0.6842105263157895,0.6341463414634146,0.4,0.007374631268436578,0.07669616519174041,0.02654867256637168,C108,C,0
89,0.6842105263157895,0.6951219512195121,0.6,0.1625368731563422,0.23657817109144544,0.02654867256637168,C108,C,0
90,0.6631578947368421,0.6707317073170732,0.2,0.1887905604719764,0.2651917404129793,0.02654867256637168,C108,C,0
91,0.631578947368421,0.6341463414634146,0.2,0.0058997050147492625,0.08141592920353982,0.02654867256637168,C108,C,0
92,0.631578947368421,0.6951219512195121,0.2,0.22300884955752212,0.28584070796460176,0.02654867256637168,C108,C,0
93,0.7052631578947368,1.0,0.4,0.07581120943952803,0.16283185840707964,0.02654867256637168,C108,C,0
94,0.6842105263157895,1.0,0.8,0.12064896755162242,0.17227138643067846,0.02654867256637168,C108,C,0
95,0.6842105263157895,0.9634146341463414,0.2,0.06165191740412979,0.1215339233038348,0.02654867256637168,C108,C,0
96,0.6526315789473685,0.9390243902439024,0.6,0.038348082595870206,0.08997050147492626,0.02654867256637168,C108,C,0
97,0.631578947368421,0.9390243902439024,0.2,0.010619469026548672,0.08348082595870207,0.02654867256637168,C108,C,0
98,0.631578947368421,1.0,0.6,0.13864306784660768,0.2103244837758112,0.02654867256637168,C108,C,0
99,0.6105263157894737,0.8780487804878049,0.4,0.008849557522123894,0.07315634218289085,0.02654867256637168,C108,C,0
100,0.5789473684210527,0.9390243902439024,0.2,0.18525073746312684,0.275811209439528,0.02654867256637168,C108,C,0
101,0.5789473684210527,1.0,0.4,0.15634218289085547,0.24867256637168142,0.02654867256637168,C108,C,0
1,0.42105263157894735,0.573170731707317,0.0,0.0,0.36460176991150445,0.0,C109,C,0
2,0.47368421052631576,0.7926829268292683,0.2,0.22418879056047197,0.3303834808259587,0.02654867256637168,C109,C,0
3,0.47368421052631576,0.8170731707317073,0.6,0.19705014749262537,0.3032448377581121,0.02654867256637168,C109,C,0
4,0.4421052631578947,0.7682926829268293,0.2,0.00471976401179941,0.11091445427728613,0.02654867256637168,C109,C,0
5,0.4421052631578947,0.7926829268292683,0.2,0.1696165191740413,0.275811209439528,0.02654867256637168,C109,C,0
6,0.4421052631578947,0.7560975609756098,0.2,0.004424778761061947,0.11061946902654868,0.02654867256637168,C109,C,0
7,0.42105263157894735,0.8048780487804879,0.4,0.14218289085545724,0.24837758112094396,0.02654867256637168,C109,C,0
8,0.42105263157894735,0.7682926829268293,0.4,0.005309734513274336,0.11150442477876106,0.02654867256637168,C109,C,0
9,0.4,0.7926829268292683,0.4,0.032448377581120944,0.13864306784660768,0.02654867256637168,C109,C,0
10,0.4,0.8170731707317073,0.2,0.11504424778761062,0.22123893805309736,0.02654867256637168,C109,C,0
11,0.3684210526315789,0.7682926829268293,0.2,0.06017699115044248,0.1663716814159292,0.02654867256637168,C109,C,0
12,0.3684210526315789,0.8048780487804879,0.2,0.08761061946902655,0.19380530973451326,0.02654867256637168,C109,C,0
13,0.2631578947368421,1.0,0.4,0.1495575221238938,0.2557522123893805,0.02654867256637168,C109,C,0
14,0.23157894736842105,0.8780487804878049,0.6,0.008849557522123894,0.11504424778761062,0.02654867256637168,C109,C,0
15,0.23157894736842105,1.0,0.2,0.12212389380530973,0.22831858407079647,0.02654867256637168,C109,C,0
16,0.21052631578947367,0.9390243902439024,0.8,0.06696165191740414,0.17315634218289086,0.02654867256637168,C109,C,0
17,0.21052631578947367,1.0,0.8,0.09498525073746313,0.20117994100294986,0.02654867256637168,C109,C,0
18,0.18947368421052632,0.8780487804878049,0.4,0.009734513274336283,0.11592920353982301,0.02654867256637168,C109,C,0
19,0.15789473684210525,0.8780487804878049,0.4,0.010914454277286136,0.11710914454277287,0.02654867256637168,C109,C,0
20,0.15789473684210525,0.9390243902439024,0.2,0.03893805309734513,0.14513274336283186,0.02654867256637168,C109,C,0
21,0.3157894736842105,0.573170731707317,0.2,0.0029498525073746312,0.10914454277286136,0.02654867256637168,C109,C,0
22,0.3157894736842105,0.5975609756097561,0.4,0.22418879056047197,0.3303834808259587,0.02654867256637168,C109,C,0
23,0.29473684210526313,0.5975609756097561,0.4,0.19705014749262537,0.3032448377581121,0.02654867256637168,C109,C,0
24,0.29473684210526313,0.6341463414634146,0.2,0.1696165191740413,0.275811209439528,0.02654867256637168,C109,C,0
25,0.2631578947368421,0.573170731707317,0.2,0.004424778761061947,0.11061946902654868,0.02654867256637168,C109,C,0
26,0.2631578947368421,0.5975609756097561,0.8,0.005014749262536873,0.1112094395280236,0.02654867256637168,C109,C,0
27,0.2631578947368421,0.6341463414634146,0.2,0.14218289085545724,0.24837758112094396,0.02654867256637168,C109,C,0
28,0.24210526315789474,0.5975609756097561,0.2,0.03215339233038348,0.1383480825958702,0.02654867256637168,C109,C,0
29,0.24210526315789474,0.6341463414634146,0.4,0.11504424778761062,0.22123893805309736,0.02654867256637168,C109,C,0
30,0.21052631578947367,0.573170731707317,0.2,0.05958702064896755,0.1657817109144543,0.02654867256637168,C109,C,0
31,0.21052631578947367,0.6341463414634146,0.2,0.08761061946902655,0.19380530973451326,0.02654867256637168,C109,C,0
32,0.10526315789473684,0.3902439024390244,0.4,0.011504424778761062,0.11769911504424779,0.02654867256637168,C109,C,0
33,0.10526315789473684,0.45121951219512196,0.6,0.009144542772861357,0.11533923303834809,0.02654867256637168,C109,C,0
34,0.08421052631578947,0.45121951219512196,0.8,0.009734513274336283,0.11592920353982301,0.02654867256637168,C109,C,0
35,0.08421052631578947,0.5121951219512195,0.4,0.17817109144542773,0.2843657817109145,0.02654867256637168,C109,C,0
36,0.05263157894736842,0.3902439024390244,0.2,0.03952802359882006,0.1457227138643068,0.02654867256637168,C109,C,0
37,0.05263157894736842,0.5121951219512195,0.2,0.15073746312684366,0.2569321533923304,0.02654867256637168,C109,C,0
38,0.021052631578947368,0.45121951219512196,0.4,0.06755162241887906,0.17374631268436577,0.02654867256637168,C109,C,0
39,0.0,0.45121951219512196,0.6,0.09469026548672567,0.20088495575221238,0.02654867256637168,C109,C,0
40,0.0,0.5121951219512195,0.4,0.12271386430678466,0.22890855457227138,0.02654867256637168,C109,C,0
41,0.3684210526315789,0.32926829268292684,0.2,0.03333333333333333,0.13952802359882005,0.02654867256637168,C109,C,0
42,0.3684210526315789,0.35365853658536583,0.2,0.006194690265486726,0.11238938053097346,0.02654867256637168,C109,C,0
43,0.3473684210526316,0.35365853658536583,0.4,0.005604719764011799,0.11179941002949853,0.02654867256637168,C109,C,0
44,0.3473684210526316,0.3902439024390244,0.2,0.00471976401179941,0.11091445427728613,0.02654867256637168,C109,C,0
45,0.3368421052631579,0.32926829268292684,0.2,0.0607669616519174,0.16696165191740414,0.02654867256637168,C109,C,0
46,0.3157894736842105,0.32926829268292684,0.2,0.11533923303834809,0.2215339233038348,0.02654867256637168,C109,C,0
47,0.3157894736842105,0.35365853658536583,0.6,0.08820058997050148,0.1943952802359882,0.02654867256637168,C109,C,0
48,0.3157894736842105,0.3902439024390244,0.2,0.22625368731563422,0.33244837758112095,0.02654867256637168,C109,C,0
49,0.29473684210526313,0.32926829268292684,0.2,0.1424778761061947,0.24867256637168142,0.02654867256637168,C109,C,0
50,0.29473684210526313,0.3902439024390244,0.2,0.22595870206489677,0.3321533923303835,0.02654867256637168,C109,C,0
51,0.2736842105263158,0.35365853658536583,0.2,0.19705014749262537,0.3032448377581121,0.02654867256637168,C109,C,0
52,0.2631578947368421,0.32926829268292684,0.2,0.16991150442477876,0.2761061946902655,0.02654867256637168,C109,C,0
53,0.2631578947368421,0.3902439024390244,0.2,0.22448377581120943,0.33067846607669615,0.02654867256637168,C109,C,0
54,0.4631578947368421,0.024390243902439025,0.4,0.04041297935103245,0.14660766961651917,0.02654867256637168,C109,C,0
55,0.4421052631578947,0.08536585365853659,0.8,0.012389380530973451,0.11858407079646018,0.02654867256637168,C109,C,0
56,0.4421052631578947,0.14634146341463414,0.2,0.01032448377581121,0.11651917404129794,0.02654867256637168,C109,C,0
57,0.42105263157894735,0.024390243902439025,0.6,0.06814159292035399,0.1743362831858407,0.02654867256637168,C109,C,0
58,0.42105263157894735,0.14634146341463414,0.8,0.01032448377581121,0.11651917404129794,0.02654867256637168,C109,C,0
59,0.4,0.024390243902439025,0.6,0.0952802359882006,0.20147492625368732,0.02654867256637168,C109,C,0
60,0.4,0.14634146341463414,0.2,0.15221238938053097,0.2584070796460177,0.02654867256637168,C109,C,0
61,0.3684210526315789,0.024390243902439025,0.4,0.12271386430678466,0.22890855457227138,0.02654867256637168,C109,C,0
62,0.5263157894736842,0.32926829268292684,0.2,0.11533923303834809,0.2215339233038348,0.02654867256637168,C109,C,0
63,0.5263157894736842,0.3902439024390244,0.4,0.032448377581120944,0.13864306784660768,0.02654867256637168,C109,C,0
64,0.5263157894736842,0.45121951219512196,1.0,0.004424778761061947,0.11061946902654868,0.02654867256637168,C109,C,0
65,0.5052631578947369,0.32926829268292684,0.2,0.1424778761061947,0.24867256637168142,0.02654867256637168,C109,C,0
66,0.5052631578947369,0.45121951219512196,0.2,0.0035398230088495575,0.10973451327433628,0.02654867256637168,C109,C,0
67,0.49473684210526314,0.3902439024390244,0.2,0.19793510324483776,0.3041297935103245,0.02654867256637168,C109,C,0
68,0.49473684210526314,0.45121951219512196,0.2,0.0035398230088495575,0.10973451327433628,0.02654867256637168,C109,C,0
69,0.47368421052631576,0.32926829268292684,0.2,0.16991150442477876,0.2761061946902655,0.02654867256637168,C109,C,0
70,0.47368421052631576,0.3902439024390244,0.2,0.22507374631268437,0.33126843657817107,0.02654867256637168,C109,C,0
71,1.0,0.32926829268292684,0.6,0.07138643067846608,0.1775811209439528,0.02654867256637168,C109,C,0
72,1.0,0.3902439024390244,0.4,0.04336283185840708,0.1495575221238938,0.02654867256637168,C109,C,0
73,0.5578947368421052,0.32926829268292684,0.2,0.08790560471976401,0.19410029498525075,0.02654867256637168,C109,C,0
74,0.968421052631579,0.32926829268292684,0.2,0.09882005899705015,0.20501474926253688,0.02654867256637168,C109,C,0
75,0.5578947368421052,0.3902439024390244,1.0,0.059882005899705014,0.16607669616519175,0.02654867256637168,C109,C,0
76,0.47368421052631576,0.7560975609756098,0.4,0.22713864306784662,0.3333333333333333,0.02654867256637168,C109,C,0
77,0.9473684210526315,0.3902439024390244,0.2,0.015339233038348082,0.1215339233038348,0.02654867256637168,C109,C,0
78,0.9263157894736842,0.32926829268292684,0.2,0.12654867256637167,0.2327433628318584,0.02654867256637168,C109,C,0
79,0.9263157894736842,0.3902439024390244,0.4,0.014749262536873156,0.12094395280235988,0.02654867256637168,C109,C,0
80,0.9157894736842105,0.32926829268292684,0.2,0.15339233038348082,0.25958702064896755,0.02654867256637168,C109,C,0
81,0.8947368421052632,0.2682926829268293,0.2,0.18141592920353983,0.28761061946902655,0.02654867256637168,C109,C,0
82,0.8947368421052632,0.3902439024390244,0.6,0.013864306784660767,0.1200589970501475,0.02654867256637168,C109,C,0
83,0.7894736842105263,0.6341463414634146,0.4,0.06342182890855458,0.1696165191740413,0.02654867256637168,C109,C,0
84,0.7578947368421053,0.6341463414634146,0.2,0.0359882005899705,0.14218289085545724,0.02654867256637168,C109,C,0
85,0.7368421052631579,0.6707317073170732,0.4,0.09174041297935104,0.19793510324483776,0.02654867256637168,C109,C,0
86,0.7157894736842105,0.6951219512195121,0.6,0.1191740412979351,0.22536873156342183,0.02654867256637168,C109,C,0
87,0.6947368421052632,0.6341463414634146,0.2,0.007669616519174041,0.11386430678466077,0.02654867256637168,C109,C,0
88,0.6842105263157895,0.6341463414634146,0.4,0.007374631268436578,0.11356932153392331,0.02654867256637168,C109,C,0
89,0.6842105263157895,0.6951219512195121,0.6,0.14660766961651917,0.2528023598820059,0.02654867256637168,C109,C,0
90,0.6631578947368421,0.6707317073170732,0.2,0.17404129793510326,0.28023598820059,0.02654867256637168,C109,C,0
91,0.631578947368421,0.6341463414634146,0.2,0.0058997050147492625,0.11209439528023599,0.02654867256637168,C109,C,0
92,0.631578947368421,0.6951219512195121,0.2,0.20147492625368732,0.307669616519174,0.02654867256637168,C109,C,0
93,0.7052631578947368,1.0,0.4,0.06637168141592921,0.17256637168141592,0.02654867256637168,C109,C,0
94,0.6842105263157895,1.0,0.8,0.09351032448377582,0.19970501474926253,0.02654867256637168,C109,C,0
95,0.6842105263157895,0.9634146341463414,0.2,0.03864306784660767,0.1448377581120944,0.02654867256637168,C109,C,0
96,0.6526315789473685,0.9390243902439024,0.6,0.011209439528023599,0.11740412979351032,0.02654867256637168,C109,C,0
97,0.631578947368421,0.9390243902439024,0.2,0.010619469026548672,0.1168141592920354,0.02654867256637168,C109,C,0
98,0.631578947368421,1.0,0.6,0.1215339233038348,0.22772861356932153,0.02654867256637168,C109,C,0
99,0.6105263157894737,0.8780487804878049,0.4,0.008849557522123894,0.11504424778761062,0.02654867256637168,C109,C,0
100,0.5789473684210527,0.9390243902439024,0.2,0.1775811209439528,0.2837758112094395,0.02654867256637168,C109,C,0
101,0.5789473684210527,1.0,0.4,0.1495575221238938,0.2557522123893805,0.02654867256637168,C109,C,0
1,0.42105263157894735,0.573170731707317,0.0,0.0,1.0,0.0,C201,C,0
2,0.5473684210526316,0.8780487804878049,0.2,0.09174041297935104,0.13893805309734514,0.02654867256637168,C201,C,0
3,0.47368421052631576,0.8170731707317073,0.6,0.06283185840707965,0.11002949852507375,0.02654867256637168,C201,C,0
4,0.6526315789473685,0.8048780487804879,0.2,0.34424778761061947,0.39144542772861357,0.02654867256637168,C201,C,0
5,0.631578947368421,0.7682926829268293,0.2,0.371976401179941,0.4191740412979351,0.02654867256637168,C201,C,0
6,0.4421052631578947,0.7560975609756098,0.2,0.007374631268436578,0.05457227138643068,0.02654867256637168,C201,C,0
7,0.16842105263157894,0.47560975609756095,0.4,0.14660766961651917,0.19380530973451326,0.02654867256637168,C201,C,0
8,0.6105263157894737,0.8170731707317073,0.4,0.3165191740412979,0.363716814159292,0.02654867256637168,C201,C,0
9,0.35789473684210527,0.6951219512195121,0.4,0.8516224188790561,0.8988200589970502,0.02654867256637168,C201,C,0
10,0.29473684210526313,0.8170731707317073,0.2,0.7672566371681416,0.8144542772861357,0.02654867256637168,C201,C,0
11,0.3684210526315789,0.7682926829268293,0.2,0.8233038348082596,0.8705014749262537,0.02654867256637168,C201,C,0
12,0.3684210526315789,0.8048780487804879,0.2,0.7958702064896755,0.8430678466076696,0.02654867256637168,C201,C,0
13,0.2631578947368421,1.0,0.4,0.6250737463126844,0.6722713864306785,0.02654867256637168,C201,C,0
14,0.23157894736842105,0.8780487804878049,0.6,0.7094395280235988,0.7566371681415929,0.02654867256637168,C201,C,0
15,0.23157894736842105,1.0,0.2,0.5976401179941003,0.6448377581120944,0.02654867256637168,C201,C,0
16,0.21052631578947367,0.9390243902439024,0.8,0.6536873156342183,0.7008849557522124,0.02654867256637168,C201,C,0
17,0.21052631578947367,1.0,0.8,0.5705014749262537,0.6176991150442478,0.02654867256637168,C201,C,0
18,0.18947368421052632,0.8780487804878049,0.4,0.6817109144542773,0.7289085545722714,0.02654867256637168,C201,C,0
19,0.15789473684210525,0.8780487804878049,0.4,0.5138643067846608,0.5610619469026549,0.02654867256637168,C201,C,0
20,0.15789473684210525,0.9390243902439024,0.2,0.5418879056047198,0.5890855457227139,0.02654867256637168,C201,C,0
21,0.3157894736842105,0.573170731707317,0.2,0.0029498525073746312,0.05014749262536873,0.02654867256637168,C201,C,0
22,0.3157894736842105,0.6463414634146342,0.4,0.8799410029498526,0.9271386430678467,0.02654867256637168,C201,C,0
23,0.29473684210526313,0.5975609756097561,0.4,0.006489675516224189,0.05368731563421829,0.02654867256637168,C201,C,0
24,0.14736842105263157,0.7682926829268293,0.2,0.4846607669616519,0.531858407079646,0.02654867256637168,C201,C,0
25,0.2631578947368421,0.573170731707317,0.2,0.03421828908554572,0.08141592920353982,0.02654867256637168,C201,C,0
26,0.23157894736842105,0.7682926829268293,0.8,0.7386430678466077,0.7858407079646018,0.02654867256637168,C201,C,0
27,0.08421052631578947,0.7195121951219512,0.2,0.4557522123893805,0.5029498525073747,0.02654867256637168,C201,C,0
28,0.24210526315789474,0.5975609756097561,0.2,0.06165191740412979,0.1088495575221239,0.02654867256637168,C201,C,0
29,0.042105263157894736,0.6341463414634146,0.4,0.42684365781710915,0.47404129793510325,0.02654867256637168,C201,C,0
30,0.21052631578947367,0.573170731707317,0.2,0.11740412979351032,0.16460176991150444,0.02654867256637168,C201,C,0
31,0.21052631578947367,0.6341463414634146,0.2,0.08938053097345133,0.13657817109144543,0.02654867256637168,C201,C,0
32,0.10526315789473684,0.3902439024390244,0.4,0.2303834808259587,0.2775811209439528,0.02654867256637168,C201,C,0
33,0.10526315789473684,0.45121951219512196,0.6,0.17492625368731562,0.22212389380530972,0.02654867256637168,C201,C,0
34,0.08421052631578947,0.45121951219512196,0.8,0.20206489675516223,0.24926253687315633,0.02654867256637168,C201,C,0
35,0.08421052631578947,0.5121951219512195,0.4,0.39705014749262535,0.44424778761061945,0.02654867256637168,C201,C,0
36,0.05263157894736842,0.3902439024390244,0.2,0.2584070796460177,0.3056047197640118,0.02654867256637168,C201,C,0
37,0.05263157894736842,0.5121951219512195,0.2,0.3696165191740413,0.4168141592920354,0.02654867256637168,C201,C,0
38,0.021052631578947368,0.45121951219512196,0.4,0.28643067846607667,0.33362831858407077,0.02654867256637168,C201,C,0
39,0.0,0.45121951219512196,0.6,0.3135693215339233,0.3607669616519174,0.02654867256637168,C201,C,0
40,0.0,0.5121951219512195,0.4,0.3415929203539823,0.3887905604719764,0.02654867256637168,C201,C,0
41,0.37894736842105264,0.18292682926829268,0.2,0.5365781710914455,0.5837758112094396,0.02654867256637168,C201,C,0
42,0.3684210526315789,0.35365853658536583,0.2,0.8135693215339233,0.8607669616519174,0.02654867256637168,C201,C,0
43,0.3473684210526316,0.35365853658536583,0.4,0.7864306784660767,0.8336283185840708,0.02654867256637168,C201,C,0
44,0.3473684210526316,0.3902439024390244,0.2,0.7589970501474926,0.8061946902654867,0.02654867256637168,C201,C,0
45,0.3368421052631579,0.2073170731707317,0.2,0.564306784660767,0.6115044247787611,0.02654867256637168,C201,C,0
46,0.3157894736842105,0.32926829268292684,0.2,0.6209439528023599,0.668141592920354,0.02654867256637168,C201,C,0
47,0.35789473684210527,0.2682926829268293,0.6,0.5926253687315635,0.6398230088495576,0.02654867256637168,C201,C,0
48,0.3157894736842105,0.3902439024390244,0.2,0.7315634218289085,0.7787610619469026,0.02654867256637168,C201,C,0
49,0.37894736842105264,0.45121951219512196,0.2,0.8424778761061947,0.8896755162241888,0.02654867256637168,C201,C,0
50,0.5052631578947369,0.2073170731707317,0.2,0.28525073746312685,0.33244837758112095,0.02654867256637168,C201,C,0
51,0.2736842105263158,0.35365853658536583,0.2,0.6761061946902654,0.7233038348082595,0.02654867256637168,C201,C,0
52,0.2631578947368421,0.32926829268292684,0.2,0.6489675516224189,0.696165191740413,0.02654867256637168,C201,C,0
53,0.2631578947368421,0.3902439024390244,0.2,0.7035398230088495,0.7507374631268436,0.02654867256637168,C201,C,0
54,0.4631578947368421,0.024390243902439025,0.4,0.3705014749262537,0.4176991150442478,0.02654867256637168,C201,C,0
55,0.4421052631578947,0.08536585365853659,0.8,0.3421828908554572,0.3893805309734513,0.02654867256637168,C201,C,0
56,0.4421052631578947,0.14634146341463414,0.2,0.3141592920353982,0.3613569321533923,0.02654867256637168,C201,C,0
57,0.42105263157894735,0.024390243902439025,0.6,0.39823008849557523,0.44542772861356933,0.02654867256637168,C201,C,0
58,0.4,0.14634146341463414,0.8,0.5088495575221239,0.556047197640118,0.02654867256637168,C201,C,0
59,0.4,0.024390243902439025,0.6,0.4253687315634218,0.4725663716814159,0.02654867256637168,C201,C,0
60,0.4,0.08536585365853659,0.2,0.4808259587020649,0.528023598820059,0.02654867256637168,C201,C,0
61,0.3684210526315789,0.024390243902439025,0.4,0.4528023598820059,0.5,0.02654867256637168,C201,C,0
62,0.5263157894736842,0.32926829268292684,0.2,0.11828908554572272,0.1654867256637168,0.02654867256637168,C201,C,0
63,0.5263157894736842,0.3902439024390244,0.4,0.035398230088495575,0.08259587020648967,0.02654867256637168,C201,C,0
64,0.5263157894736842,0.45121951219512196,1.0,0.007374631268436578,0.05457227138643068,0.02654867256637168,C201,C,0
65,0.5052631578947369,0.32926829268292684,0.2,0.1454277286135693,0.1926253687315634,0.02654867256637168,C201,C,0
66,0.4631578947368421,0.2682926829268293,0.2,0.2569321533923304,0.3041297935103245,0.02654867256637168,C201,C,0
67,0.49473684210526314,0.3902439024390244,0.2,0.17345132743362832,0.22064896755162242,0.02654867256637168,C201,C,0
68,0.49473684210526314,0.45121951219512196,0.2,0.0035398230088495575,0.05073746312684366,0.02654867256637168,C201,C,0
69,0.4421052631578947,0.32926829268292684,0.2,0.22890855457227138,0.2761061946902655,0.02654867256637168,C201,C,0
70,0.47368421052631576,0.3902439024390244,0.2,0.20058997050147492,0.24778761061946902,0.02654867256637168,C201,C,0
71,1.0,0.32926829268292684,0.6,0.6846607669616519,0.731858407079646,0.02654867256637168,C201,C,0
72,1.0,0.3902439024390244,0.4,0.6566371681415929,0.703834808259587,0.02654867256637168,C201,C,0
73,0.5578947368421052,0.32926829268292684,0.2,0.09085545722713864,0.13805309734513274,0.02654867256637168,C201,C,0
74,0.968421052631579,0.32926829268292684,0.2,0.712094395280236,0.7592920353982301,0.02654867256637168,C201,C,0
75,0.5578947368421052,0.3902439024390244,1.0,0.06283185840707965,0.11002949852507375,0.02654867256637168,C201,C,0
76,0.47368421052631576,0.7560975609756098,0.4,0.03480825958702065,0.08200589970501475,0.02654867256637168,C201,C,0
77,0.9473684210526315,0.3902439024390244,0.2,0.6286135693215339,0.675811209439528,0.02654867256637168,C201,C,0
78,0.7578947368421053,0.5121951219512195,0.2,0.855457227138643,0.9026548672566371,0.02654867256637168,C201,C,0
79,0.8210526315789474,0.45121951219512196,0.4,0.8265486725663717,0.8737463126843658,0.02654867256637168,C201,C,0
80,0.9157894736842105,0.32926829268292684,0.2,0.7693215339233038,0.8165191740412979,0.02654867256637168,C201,C,0
81,0.8947368421052632,0.2682926829268293,0.2,0.7412979351032448,0.7884955752212389,0.02654867256637168,C201,C,0
82,0.8947368421052632,0.3902439024390244,0.6,0.7973451327433628,0.8445427728613569,0.02654867256637168,C201,C,0
83,0.7894736842105263,0.6341463414634146,0.4,0.5678466076696165,0.6150442477876106,0.02654867256637168,C201,C,0
84,0.7578947368421053,0.6341463414634146,0.2,0.5404129793510325,0.5876106194690266,0.02654867256637168,C201,C,0
85,0.7368421052631579,0.6707317073170732,0.4,0.484070796460177,0.5312684365781711,0.02654867256637168,C201,C,0
86,0.9052631578947369,0.524390243902439,0.6,0.5985250737463127,0.6457227138643068,0.02654867256637168,C201,C,0
87,0.6947368421052632,0.6341463414634146,0.2,0.512094395280236,0.5592920353982301,0.02654867256637168,C201,C,0
88,0.6736842105263158,0.524390243902439,0.4,0.9135693215339233,0.9607669616519174,0.02654867256637168,C201,C,0
89,0.6842105263157895,0.6951219512195121,0.6,0.456047197640118,0.5032448377581121,0.02654867256637168,C201,C,0
90,0.5894736842105263,0.7439024390243902,0.2,0.3997050147492625,0.4469026548672566,0.02654867256637168,C201,C,0
91,0.631578947368421,0.6341463414634146,0.2,0.9200589970501475,0.9672566371681416,0.02654867256637168,C201,C,0
92,0.631578947368421,0.6951219512195121,0.2,0.42802359882005897,0.47522123893805307,0.02654867256637168,C201,C,0
93,0.7052631578947368,1.0,0.4,0.20471976401179942,0.2519174041297935,0.02654867256637168,C201,C,0
94,0.4421052631578947,0.6707317073170732,0.8,0.002359882005899705,0.049557522123893805,0.02654867256637168,C201,C,0
95,0.6842105263157895,0.9634146341463414,0.2,0.23244837758112094,0.27964601769911507,0.02654867256637168,C201,C,0
96,0.6526315789473685,0.9390243902439024,0.6,0.259882005899705,0.3070796460176991,0.02654867256637168,C201,C,0
97,0.6526315789473685,0.45121951219512196,0.2,0.8852507374631269,0.932448377581121,0.02654867256637168,C201,C,0
98,0.631578947368421,1.0,0.6,0.17610619469026548,0.22330383480825958,0.02654867256637168,C201,C,0
99,0.6105263157894737,0.8780487804878049,0.4,0.2884955752212389,0.335693215339233,0.02654867256637168,C201,C,0
100,0.5789473684210527,0.9390243902439024,0.2,0.1200589970501475,0.1672566371681416,0.02654867256637168,C201,C,0
101,0.5789473684210527,1.0,0.4,0.1480825958702065,0.1952802359882006,0.02654867256637168,C201,C,0
1,0.42105263157894735,0.573170731707317,0.0,0.0,1.0,0.0,C202,C,0
2,0.5473684210526316,0.8780487804878049,0.2,0.0,0.9651917404129794,0.02654867256637168,C202,C,0
3,0.47368421052631576,0.8170731707317073,0.6,0.0,0.9672566371681416,0.02654867256637168,C202,C,0
4,0.6526315789473685,0.8048780487804879,0.2,0.0,0.9646017699115044,0.02654867256637168,C202,C,0
5,0.631578947368421,0.7682926829268293,0.2,0.371976401179941,0.4191740412979351,0.02654867256637168,C202,C,0
6,0.4421052631578947,0.7560975609756098,0.2,0.0,0.9687315634218289,0.02654867256637168,C202,C,0
7,0.16842105263157894,0.47560975609756095,0.4,0.14660766961651917,0.19380530973451326,0.02654867256637168,C202,C,0
8,0.6105263157894737,0.8170731707317073,0.4,0.0,0.9654867256637168,0.02654867256637168,C202,C,0
9,0.35789473684210527,0.6951219512195121,0.4,0.8516224188790561,0.8988200589970502,0.02654867256637168,C202,C,0
10,0.29473684210526313,0.8170731707317073,0.2,0.7672566371681416,0.8144542772861357,0.02654867256637168,C202,C,0
11,0.3684210526315789,0.7682926829268293,0.2,0.8233038348082596,0.8705014749262537,0.02654867256637168,C202,C,0
12,0.3684210526315789,0.8048780487804879,0.2,0.7958702064896755,0.8430678466076696,0.02654867256637168,C202,C,0
13,0.2631578947368421,1.0,0.4,0.0,0.9619469026548673,0.02654867256637168,C202,C,0
14,0.23157894736842105,0.8780487804878049,0.6,0.7094395280235988,0.7566371681415929,0.02654867256637168,C202,C,0
15,0.23157894736842105,1.0,0.2,0.5976401179941003,0.6448377581120944,0.02654867256637168,C202,C,0
16,0.21052631578947367,0.9390243902439024,0.8,0.6536873156342183,0.7008849557522124,0.02654867256637168,C202,C,0
17,0.21052631578947367,1.0,0.8,0.5705014749262537,0.6176991150442478,0.02654867256637168,C202,C,0
18,0.18947368421052632,0.8780487804878049,0.4,0.6817109144542773,0.7289085545722714,0.02654867256637168,C202,C,0
19,0.15789473684210525,0.8780487804878049,0.4,0.5138643067846608,0.5610619469026549,0.02654867256637168,C202,C,0
20,0.15789473684210525,0.9390243902439024,0.2,0.5418879056047198,0.5890855457227139,0.02654867256637168,C202,C,0
21,0.3157894736842105,0.573170731707317,0.2,0.0029498525073746312,0.05014749262536873,0.02654867256637168,C202,C,0
22,0.3157894736842105,0.6463414634146342,0.4,0.0,0.9699115044247788,0.02654867256637168,C202,C,0
23,0.29473684210526313,0.5975609756097561,0.4,0.006489675516224189,0.05368731563421829,0.02654867256637168,C202,C,0
24,0.14736842105263157,0.7682926829268293,0.2,0.4846607669616519,0.531858407079646,0.02654867256637168,C202,C,0
25,0.2631578947368421,0.573170731707317,0.2,0.03421828908554572,0.08141592920353982,0.02654867256637168,C202,C,0
26,0.23157894736842105,0.7682926829268293,0.8,0.7386430678466077,0.7858407079646018,0.02654867256637168,C202,C,0
27,0.08421052631578947,0.7195121951219512,0.2,0.0,0.9631268436578171,0.02654867256637168,C202,C,0
28,0.24210526315789474,0.5975609756097561,0.2,0.06165191740412979,0.1088495575221239,0.02654867256637168,C202,C,0
29,0.042105263157894736,0.6341463414634146,0.4,0.42684365781710915,0.47404129793510325,0.02654867256637168,C202,C,0
30,0.21052631578947367,0.573170731707317,0.2,0.11740412979351032,0.16460176991150444,0.02654867256637168,C202,C,0
31,0.21052631578947367,0.6341463414634146,0.2,0.08938053097345133,0.13657817109144543,0.02654867256637168,C202,C,0
32,0.10526315789473684,0.3902439024390244,0.4,0.0,0.9634218289085545,0.02654867256637168,C202,C,0
33,0.10526315789473684,0.45121951219512196,0.6,0.17492625368731562,0.22212389380530972,0.02654867256637168,C202,C,0
34,0.08421052631578947,0.45121951219512196,0.8,0.20206489675516223,0.24926253687315633,0.02654867256637168,C202,C,0
35,0.08421052631578947,0.5121951219512195,0.4,0.0,0.963716814159292,0.02654867256637168,C202,C,0
36,0.05263157894736842,0.3902439024390244,0.2,0.2584070796460177,0.3056047197640118,0.02654867256637168,C202,C,0
37,0.05263157894736842,0.5121951219512195,0.2,0.3696165191740413,0.4168141592920354,0.02654867256637168,C202,C,0
38,0.021052631578947368,0.45121951219512196,0.4,0.0,0.9616519174041298,0.02654867256637168,C202,C,0
39,0.0,0.45121951219512196,0.6,0.3135693215339233,0.3607669616519174,0.02654867256637168,C202,C,0
40,0.0,0.5121951219512195,0.4,0.3415929203539823,0.3887905604719764,0.02654867256637168,C202,C,0
41,0.37894736842105264,0.18292682926829268,0.2,0.5365781710914455,0.5837758112094396,0.02654867256637168,C202,C,0
42,0.3684210526315789,0.35365853658536583,0.2,0.8135693215339233,0.8607669616519174,0.02654867256637168,C202,C,0
43,0.3473684210526316,0.35365853658536583,0.4,0.7864306784660767,0.8336283185840708,0.02654867256637168,C202,C,0
44,0.3473684210526316,0.3902439024390244,0.2,0.7589970501474926,0.8061946902654867,0.02654867256637168,C202,C,0
45,0.3368421052631579,0.2073170731707317,0.2,0.564306784660767,0.6115044247787611,0.02654867256637168,C202,C,0
46,0.3157894736842105,0.32926829268292684,0.2,0.6209439528023599,0.668141592920354,0.02654867256637168,C202,C,0
47,0.35789473684210527,0.2682926829268293,0.6,0.5926253687315635,0.6398230088495576,0.02654867256637168,C202,C,0
48,0.3157894736842105,0.3902439024390244,0.2,0.7315634218289085,0.7787610619469026,0.02654867256637168,C202,C,0
49,0.37894736842105264,0.45121951219512196,0.2,0.0,0.9702064896755163,0.02654867256637168,C202,C,0
50,0.5052631578947369,0.2073170731707317,0.2,0.28525073746312685,0.33244837758112095,0.02654867256637168,C202,C,0
51,0.2736842105263158,0.35365853658536583,0.2,0.0,0.9666666666666667,0.02654867256637168,C202,C,0
52,0.2631578947368421,0.32926829268292684,0.2,0.6489675516224189,0.696165191740413,0.02654867256637168,C202,C,0
53,0.2631578947368421,0.3902439024390244,0.2,0.0,0.9669616519174041,0.02654867256637168,C202,C,0
54,0.4631578947368421,0.024390243902439025,0.4,0.3705014749262537,0.4176991150442478,0.02654867256637168,C202,C,0
55,0.4421052631578947,0.08536585365853659,0.8,0.3421828908554572,0.3893805309734513,0.02654867256637168,C202,C,0
56,0.4421052631578947,0.14634146341463414,0.2,0.3141592920353982,0.3613569321533923,0.02654867256637168,C202,C,0
57,0.42105263157894735,0.024390243902439025,0.6,0.39823008849557523,0.44542772861356933,0.02654867256637168,C202,C,0
58,0.4,0.14634146341463414,0.8,0.5088495575221239,0.556047197640118,0.02654867256637168,C202,C,0
59,0.4,0.024390243902439025,0.6,0.4253687315634218,0.4725663716814159,0.02654867256637168,C202,C,0
60,0.4,0.08536585365853659,0.2,0.0,0.9613569321533924,0.02654867256637168,C202,C,0
61,0.3684210526315789,0.024390243902439025,0.4,0.4528023598820059,0.5,0.02654867256637168,C202,C,0
62,0.5263157894736842,0.32926829268292684,0.2,0.11828908554572272,0.1654867256637168,0.02654867256637168,C202,C,0
63,0.5263157894736842,0.3902439024390244,0.4,0.035398230088495575,0.08259587020648967,0.02654867256637168,C202,C,0
64,0.5263157894736842,0.45121951219512196,1.0,0.007374631268436578,0.05457227138643068,0.02654867256637168,C202,C,0
65,0.5052631578947369,0.32926829268292684,0.2,0.1454277286135693,0.1926253687315634,0.02654867256637168,C202,C,0
66,0.4631578947368421,0.2682926829268293,0.2,0.2569321533923304,0.3041297935103245,0.02654867256637168,C202,C,0
67,0.49473684210526314,0.3902439024390244,0.2,0.17345132743362832,0.22064896755162242,0.02654867256637168,C202,C,0
68,0.49473684210526314,0.45121951219512196,0.2,0.0035398230088495575,0.05073746312684366,0.02654867256637168,C202,C,0
69,0.4421052631578947,0.32926829268292684,0.2,0.22890855457227138,0.2761061946902655,0.02654867256637168,C202,C,0
70,0.47368421052631576,0.3902439024390244,0.2,0.20058997050147492,0.24778761061946902,0.02654867256637168,C202,C,0
71,1.0,0.32926829268292684,0.6,0.6846607669616519,0.731858407079646,0.02654867256637168,C202,C,0
72,1.0,0.3902439024390244,0.4,0.6566371681415929,0.703834808259587,0.02654867256637168,C202,C,0
73,0.5578947368421052,0.32926829268292684,0.2,0.0,0.9663716814159292,0.02654867256637168,C202,C,0
74,0.968421052631579,0.32926829268292684,0.2,0.712094395280236,0.7592920353982301,0.02654867256637168,C202,C,0
75,0.5578947368421052,0.3902439024390244,1.0,0.06283185840707965,0.11002949852507375,0.02654867256637168,C202,C,0
76,0.47368421052631576,0.7560975609756098,0.4,0.0,0.9687315634218289,0.02654867256637168,C202,C,0
77,0.9473684210526315,0.3902439024390244,0.2,0.6286135693215339,0.675811209439528,0.02654867256637168,C202,C,0
78,0.7578947368421053,0.5121951219512195,0.2,0.855457227138643,0.9026548672566371,0.02654867256637168,C202,C,0
79,0.8210526315789474,0.45121951219512196,0.4,0.8265486725663717,0.8737463126843658,0.02654867256637168,C202,C,0
80,0.9157894736842105,0.32926829268292684,0.2,0.7693215339233038,0.8165191740412979,0.02654867256637168,C202,C,0
81,0.8947368421052632,0.2682926829268293,0.2,0.7412979351032448,0.7884955752212389,0.02654867256637168,C202,C,0
82,0.8947368421052632,0.3902439024390244,0.6,0.7973451327433628,0.8445427728613569,0.02654867256637168,C202,C,0
83,0.7894736842105263,0.6341463414634146,0.4,0.0,0.9628318584070796,0.02654867256637168,C202,C,0
84,0.7578947368421053,0.6341463414634146,0.2,0.0,0.963716814159292,0.02654867256637168,C202,C,0
85,0.7368421052631579,0.6707317073170732,0.4,0.484070796460177,0.5312684365781711,0.02654867256637168,C202,C,0
86,0.9052631578947369,0.524390243902439,0.6,0.0,0.9595870206489675,0.02654867256637168,C202,C,0
87,0.6947368421052632,0.6341463414634146,0.2,0.512094395280236,0.5592920353982301,0.02654867256637168,C202,C,0
88,0.6736842105263158,0.524390243902439,0.4,0.9135693215339233,0.9607669616519174,0.02654867256637168,C202,C,0
89,0.6842105263157895,0.6951219512195121,0.6,0.456047197640118,0.5032448377581121,0.02654867256637168,C202,C,0
90,0.5894736842105263,0.7439024390243902,0.2,0.3997050147492625,0.4469026548672566,0.02654867256637168,C202,C,0
91,0.631578947368421,0.6341463414634146,0.2,0.9200589970501475,0.9672566371681416,0.02654867256637168,C202,C,0
92,0.631578947368421,0.6951219512195121,0.2,0.0,0.9666666666666667,0.02654867256637168,C202,C,0
93,0.7052631578947368,1.0,0.4,0.20471976401179942,0.2519174041297935,0.02654867256637168,C202,C,0
94,0.4421052631578947,0.6707317073170732,0.8,0.002359882005899705,0.049557522123893805,0.02654867256637168,C202,C,0
95,0.6842105263157895,0.9634146341463414,0.2,0.0,0.9613569321533924,0.02654867256637168,C202,C,0
96,0.6526315789473685,0.9390243902439024,0.6,0.0,0.9622418879056047,0.02654867256637168,C202,C,0
97,0.6526315789473685,0.45121951219512196,0.2,0.0,0.9660766961651918,0.02654867256637168,C202,C,0
98,0.631578947368421,1.0,0.6,0.17610619469026548,0.22330383480825958,0.02654867256637168,C202,C,0
99,0.6105263157894737,0.8780487804878049,0.4,0.0,0.9643067846607669,0.02654867256637168,C202,C,0
100,0.5789473684210527,0.9390243902439024,0.2,0.1200589970501475,0.1672566371681416,0.02654867256637168,C202,C,0
101,0.5789473684210527,1.0,0.4,0.1480825958702065,0.1952802359882006,0.02654867256637168,C202,C,0
1,0.42105263157894735,0.573170731707317,0.0,0.0,1.0,0.0,C203,C,0
2,0.5473684210526316,0.8780487804878049,0.2,0.0,0.9651917404129794,0.02654867256637168,C203,C,0
3,0.47368421052631576,0.8170731707317073,0.6,0.0,0.9672566371681416,0.02654867256637168,C203,C,0
4,0.6526315789473685,0.8048780487804879,0.2,0.0,0.9646017699115044,0.02654867256637168,C203,C,0
5,0.631578947368421,0.7682926829268293,0.2,0.371976401179941,0.4191740412979351,0.02654867256637168,C203,C,0
6,0.4421052631578947,0.7560975609756098,0.2,0.0,0.9687315634218289,0.02654867256637168,C203,C,0
7,0.16842105263157894,0.47560975609756095,0.4,0.14660766961651917,0.19380530973451326,0.02654867256637168,C203,C,0
8,0.6105263157894737,0.8170731707317073,0.4,0.0,0.9654867256637168,0.02654867256637168,C203,C,0
9,0.35789473684210527,0.6951219512195121,0.4,0.8516224188790561,0.8988200589970502,0.02654867256637168,C203,C,0
10,0.29473684210526313,0.8170731707317073,0.2,0.7672566371681416,0.8144542772861357,0.02654867256637168,C203,C,0
11,0.3684210526315789,0.7682926829268293,0.2,0.8233038348082596,0.8705014749262537,0.02654867256637168,C203,C,0
12,0.3684210526315789,0.8048780487804879,0.2,0.7958702064896755,0.8430678466076696,0.02654867256637168,C203,C,0
13,0.2631578947368421,1.0,0.4,0.0,0.9619469026548673,0.02654867256637168,C203,C,0
14,0.23157894736842105,0.8780487804878049,0.6,0.7094395280235988,0.7566371681415929,0.02654867256637168,C203,C,0
15,0.23157894736842105,1.0,0.2,0.0,0.9616519174041298,0.02654867256637168,C203,C,0
16,0.21052631578947367,0.9390243902439024,0.8,0.6536873156342183,0.7008849557522124,0.02654867256637168,C203,C,0
17,0.21052631578947367,1.0,0.8,0.0,0.9613569321533924,0.02654867256637168,C203,C,0
18,0.18947368421052632,0.8780487804878049,0.4,0.6817109144542773,0.7289085545722714,0.02654867256637168,C203,C,0
19,0.15789473684210525,0.8780487804878049,0.4,0.0,0.9628318584070796,0.02654867256637168,C203,C,0
20,0.15789473684210525,0.9390243902439024,0.2,0.0,0.9616519174041298,0.02654867256637168,C203,C,0
21,0.3157894736842105,0.573170731707317,0.2,0.0,0.9705014749262537,0.02654867256637168,C203,C,0
22,0.3157894736842105,0.6463414634146342,0.4,0.0,0.9699115044247788,0.02654867256637168,C203,C,0
23,0.29473684210526313,0.5975609756097561,0.4,0.006489675516224189,0.05368731563421829,0.02654867256637168,C203,C,0
24,0.14736842105263157,0.7682926829268293,0.2,0.4846607669616519,0.531858407079646,0.02654867256637168,C203,C,0
25,0.2631578947368421,0.573170731707317,0.2,0.0,0.9690265486725663,0.02654867256637168,C203,C,0
26,0.23157894736842105,0.7682926829268293,0.8,0.7386430678466077,0.7858407079646018,0.02654867256637168,C203,C,0
27,0.08421052631578947,0.7195121951219512,0.2,0.0,0.9631268436578171,0.02654867256637168,C203,C,0
28,0.24210526315789474,0.5975609756097561,0.2,0.06165191740412979,0.1088495575221239,0.02654867256637168,C203,C,0
29,0.042105263157894736,0.6341463414634146,0.4,0.0,0.9625368731563422,0.02654867256637168,C203,C,0
30,0.21052631578947367,0.573170731707317,0.2,0.0,0.967551622418879,0.02654867256637168,C203,C,0
31,0.21052631578947367,0.6341463414634146,0.2,0.08938053097345133,0.13657817109144543,0.02654867256637168,C203,C,0
32,0.10526315789473684,0.3902439024390244,0.4,0.0,0.9634218289085545,0.02654867256637168,C203,C,0
33,0.10526315789473684,0.45121951219512196,0.6,0.0,0.9640117994100295,0.02654867256637168,C203,C,0
34,0.08421052631578947,0.45121951219512196,0.8,0.20206489675516223,0.24926253687315633,0.02654867256637168,C203,C,0
35,0.08421052631578947,0.5121951219512195,0.4,0.0,0.963716814159292,0.02654867256637168,C203,C,0
36,0.05263157894736842,0.3902439024390244,0.2,0.2584070796460177,0.3056047197640118,0.02654867256637168,C203,C,0
37,0.05263157894736842,0.5121951219512195,0.2,0.3696165191740413,0.4168141592920354,0.02654867256637168,C203,C,0
38,0.021052631578947368,0.45121951219512196,0.4,0.0,0.9616519174041298,0.02654867256637168,C203,C,0
39,0.0,0.45121951219512196,0.6,0.3135693215339233,0.3607669616519174,0.02654867256637168,C203,C,0
40,0.0,0.5121951219512195,0.4,0.3415929203539823,0.3887905604719764,0.02654867256637168,C203,C,0
41,0.37894736842105264,0.18292682926829268,0.2,0.5365781710914455,0.5837758112094396,0.02654867256637168,C203,C,0
42,0.3684210526315789,0.35365853658536583,0.2,0.8135693215339233,0.8607669616519174,0.02654867256637168,C203,C,0
43,0.3473684210526316,0.35365853658536583,0.4,0.7864306784660767,0.8336283185840708,0.02654867256637168,C203,C,0
44,0.3473684210526316,0.3902439024390244,0.2,0.0,0.9684365781710914,0.02654867256637168,C203,C,0
45,0.3368421052631579,0.2073170731707317,0.2,0.564306784660767,0.6115044247787611,0.02654867256637168,C203,C,0
46,0.3157894736842105,0.32926829268292684,0.2,0.6209439528023599,0.668141592920354,0.02654867256637168,C203,C,0
47,0.35789473684210527,0.2682926829268293,0.6,0.0,0.9657817109144543,0.02654867256637168,C203,C,0
48,0.3157894736842105,0.3902439024390244,0.2,0.0,0.9678466076696165,0.02654867256637168,C203,C,0
49,0.37894736842105264,0.45121951219512196,0.2,0.0,0.9702064896755163,0.02654867256637168,C203,C,0
50,0.5052631578947369,0.2073170731707317,0.2,0.28525073746312685,0.33244837758112095,0.02654867256637168,C203,C,0
51,0.2736842105263158,0.35365853658536583,0.2,0.0,0.9666666666666667,0.02654867256637168,C203,C,0
52,0.2631578947368421,0.32926829268292684,0.2,0.0,0.9660766961651918,0.02654867256637168,C203,C,0
53,0.2631578947368421,0.3902439024390244,0.2,0.0,0.9669616519174041,0.02654867256637168,C203,C,0
54,0.4631578947368421,0.024390243902439025,0.4,0.3705014749262537,0.4176991150442478,0.02654867256637168,C203,C,0
55,0.4421052631578947,0.08536585365853659,0.8,0.0,0.9613569321533924,0.02654867256637168,C203,C,0
56,0.4421052631578947,0.14634146341463414,0.2,0.3141592920353982,0.3613569321533923,0.02654867256637168,C203,C,0
57,0.42105263157894735,0.024390243902439025,0.6,0.39823008849557523,0.44542772861356933,0.02654867256637168,C203,C,0
58,0.4,0.14634146341463414,0.8,0.0,0.9628318584070796,0.02654867256637168,C203,C,0
59,0.4,0.024390243902439025,0.6,0.4253687315634218,0.4725663716814159,0.02654867256637168,C203,C,0
60,0.4,0.08536585365853659,0.2,0.0,0.9613569321533924,0.02654867256637168,C203,C,0
61,0.3684210526315789,0.024390243902439025,0.4,0.0,0.959882005899705,0.02654867256637168,C203,C,0
62,0.5263157894736842,0.32926829268292684,0.2,0.0,0.9666666666666667,0.02654867256637168,C203,C,0
63,0.5263157894736842,0.3902439024390244,0.4,0.035398230088495575,0.08259587020648967,0.02654867256637168,C203,C,0
64,0.5263157894736842,0.45121951219512196,1.0,0.0,0.9690265486725663,0.02654867256637168,C203,C,0
65,0.5052631578947369,0.32926829268292684,0.2,0.1454277286135693,0.1926253687315634,0.02654867256637168,C203,C,0
66,0.4631578947368421,0.2682926829268293,0.2,0.2569321533923304,0.3041297935103245,0.02654867256637168,C203,C,0
67,0.49473684210526314,0.3902439024390244,0.2,0.17345132743362832,0.22064896755162242,0.02654867256637168,C203,C,0
68,0.49473684210526314,0.45121951219512196,0.2,0.0035398230088495575,0.05073746312684366,0.02654867256637168,C203,C,0
69,0.4421052631578947,0.32926829268292684,0.2,0.22890855457227138,0.2761061946902655,0.02654867256637168,C203,C,0
70,0.47368421052631576,0.3902439024390244,0.2,0.20058997050147492,0.24778761061946902,0.02654867256637168,C203,C,0
71,1.0,0.32926829268292684,0.6,0.6846607669616519,0.731858407079646,0.02654867256637168,C203,C,0
72,1.0,0.3902439024390244,0.4,0.0,0.9563421828908555,0.02654867256637168,C203,C,0
73,0.5578947368421052,0.32926829268292684,0.2,0.0,0.9663716814159292,0.02654867256637168,C203,C,0
74,0.968421052631579,0.32926829268292684,0.2,0.0,0.9569321533923304,0.02654867256637168,C203,C,0
75,0.5578947368421052,0.3902439024390244,1.0,0.06283185840707965,0.11002949852507375,0.02654867256637168,C203,C,0
76,0.47368421052631576,0.7560975609756098,0.4,0.0,0.9687315634218289,0.02654867256637168,C203,C,0
77,0.9473684210526315,0.3902439024390244,0.2,0.6286135693215339,0.675811209439528,0.02654867256637168,C203,C,0
78,0.7578947368421053,0.5121951219512195,0.2,0.855457227138643,0.9026548672566371,0.02654867256637168,C203,C,0
79,0.8210526315789474,0.45121951219512196,0.4,0.8265486725663717,0.8737463126843658,0.02654867256637168,C203,C,0
80,0.9157894736842105,0.32926829268292684,0.2,0.7693215339233038,0.8165191740412979,0.02654867256637168,C203,C,0
81,0.8947368421052632,0.2682926829268293,0.2,0.7412979351032448,0.7884955752212389,0.02654867256637168,C203,C,0
82,0.8947368421052632,0.3902439024390244,0.6,0.0,0.95929203539823,0.02654867256637168,C203,C,0
83,0.7894736842105263,0.6341463414634146,0.4,0.0,0.9628318584070796,0.02654867256637168,C203,C,0
84,0.7578947368421053,0.6341463414634146,0.2,0.0,0.963716814159292,0.02654867256637168,C203,C,0
85,0.7368421052631579,0.6707317073170732,0.4,0.484070796460177,0.5312684365781711,0.02654867256637168,C203,C,0
86,0.9052631578947369,0.524390243902439,0.6,0.0,0.9595870206489675,0.02654867256637168,C203,C,0
87,0.6947368421052632,0.6341463414634146,0.2,0.0,0.9654867256637168,0.02654867256637168,C203,C,0
88,0.6736842105263158,0.524390243902439,0.4,0.9135693215339233,0.9607669616519174,0.02654867256637168,C203,C,0
89,0.6842105263157895,0.6951219512195121,0.6,0.456047197640118,0.5032448377581121,0.02654867256637168,C203,C,0
90,0.5894736842105263,0.7439024390243902,0.2,0.0,0.9669616519174041,0.02654867256637168,C203,C,0
91,0.631578947368421,0.6341463414634146,0.2,0.0,0.9672566371681416,0.02654867256637168,C203,C,0
92,0.631578947368421,0.6951219512195121,0.2,0.0,0.9666666666666667,0.02654867256637168,C203,C,0
93,0.7052631578947368,1.0,0.4,0.20471976401179942,0.2519174041297935,0.02654867256637168,C203,C,0
94,0.4421052631578947,0.6707317073170732,0.8,0.002359882005899705,0.049557522123893805,0.02654867256637168,C203,C,0
95,0.6842105263157895,0.9634146341463414,0.2,0.0,0.9613569321533924,0.02654867256637168,C203,C,0
96,0.6526315789473685,0.9390243902439024,0.6,0.0,0.9622418879056047,0.02654867256637168,C203,C,0
97,0.6526315789473685,0.45121951219512196,0.2,0.0,0.9660766961651918,0.02654867256637168,C203,C,0
98,0.631578947368421,1.0,0.6,0.0,0.9613569321533924,0.02654867256637168,C203,C,0
99,0.6105263157894737,0.8780487804878049,0.4,0.0,0.9643067846607669,0.02654867256637168,C203,C,0
100,0.5789473684210527,0.9390243902439024,0.2,0.1200589970501475,0.1672566371681416,0.02654867256637168,C203,C,0
101,0.5789473684210527,1.0,0.4,0.1480825958702065,0.1952802359882006,0.02654867256637168,C203,C,0
1,0.42105263157894735,0.573170731707317,0.0,0.0,1.0,0.0,C204,C,0
2,0.5473684210526316,0.8780487804878049,0.2,0.0,0.9651917404129794,0.02654867256637168,C204,C,0
3,0.47368421052631576,0.8170731707317073,0.6,0.0,0.9672566371681416,0.02654867256637168,C204,C,0
4,0.6526315789473685,0.8048780487804879,0.2,0.0,0.9646017699115044,0.02654867256637168,C204,C,0
5,0.631578947368421,0.7682926829268293,0.2,0.371976401179941,0.4191740412979351,0.02654867256637168,C204,C,0
6,0.4421052631578947,0.7560975609756098,0.2,0.0,0.9687315634218289,0.02654867256637168,C204,C,0
7,0.16842105263157894,0.47560975609756095,0.4,0.0,0.9657817109144543,0.02654867256637168,C204,C,0
8,0.6105263157894737,0.8170731707317073,0.4,0.0,0.9654867256637168,0.02654867256637168,C204,C,0
9,0.35789473684210527,0.6951219512195121,0.4,0.8516224188790561,0.8988200589970502,0.02654867256637168,C204,C,0
10,0.29473684210526313,0.8170731707317073,0.2,0.7672566371681416,0.8144542772861357,0.02654867256637168,C204,C,0
11,0.3684210526315789,0.7682926829268293,0.2,0.0,0.9684365781710914,0.02654867256637168,C204,C,0
12,0.3684210526315789,0.8048780487804879,0.2,0.7958702064896755,0.8430678466076696,0.02654867256637168,C204,C,0
13,0.2631578947368421,1.0,0.4,0.0,0.9619469026548673,0.02654867256637168,C204,C,0
14,0.23157894736842105,0.8780487804878049,0.6,0.7094395280235988,0.7566371681415929,0.02654867256637168,C204,C,0
15,0.23157894736842105,1.0,0.2,0.0,0.9616519174041298,0.02654867256637168,C204,C,0
16,0.21052631578947367,0.9390243902439024,0.8,0.6536873156342183,0.7008849557522124,0.02654867256637168,C204,C,0
17,0.21052631578947367,1.0,0.8,0.0,0.9613569321533924,0.02654867256637168,C204,C,0
18,0.18947368421052632,0.8780487804878049,0.4,0.0,0.9634218289085545,0.02654867256637168,C204,C,0
19,0.15789473684210525,0.8780487804878049,0.4,0.0,0.9628318584070796,0.02654867256637168,C204,C,0
20,0.15789473684210525,0.9390243902439024,0.2,0.0,0.9616519174041298,0.02654867256637168,C204,C,0
21,0.3157894736842105,0.573170731707317,0.2,0.0,0.9705014749262537,0.02654867256637168,C204,C,0
22,0.3157894736842105,0.6463414634146342,0.4,0.0,0.9699115044247788,0.02654867256637168,C204,C,0
23,0.29473684210526313,0.5975609756097561,0.4,0.0,0.9696165191740413,0.02654867256637168,C204,C,0
24,0.14736842105263157,0.7682926829268293,0.2,0.4846607669616519,0.531858407079646,0.02654867256637168,C204,C,0
25,0.2631578947368421,0.573170731707317,0.2,0.0,0.9690265486725663,0.02654867256637168,C204,C,0
26,0.23157894736842105,0.7682926829268293,0.8,0.7386430678466077,0.7858407079646018,0.02654867256637168,C204,C,0
27,0.08421052631578947,0.7195121951219512,0.2,0.0,0.9631268436578171,0.02654867256637168,C204,C,0
28,0.24210526315789474,0.5975609756097561,0.2,0.0,0.968141592920354,0.02654867256637168,C204,C,0
29,0.042105263157894736,0.6341463414634146,0.4,0.0,0.9625368731563422,0.02654867256637168,C204,C,0
30,0.21052631578947367,0.573170731707317,0.2,0.0,0.967551622418879,0.02654867256637168,C204,C,0
31,0.21052631578947367,0.6341463414634146,0.2,0.0,0.9672566371681416,0.02654867256637168,C204,C,0
32,0.10526315789473684,0.3902439024390244,0.4,0.0,0.9634218289085545,0.02654867256637168,C204,C,0
33,0.10526315789473684,0.45121951219512196,0.6,0.0,0.9640117994100295,0.02654867256637168,C204,C,0
34,0.08421052631578947,0.45121951219512196,0.8,0.0,0.9634218289085545,0.02654867256637168,C204,C,0
35,0.08421052631578947,0.5121951219512195,0.4,0.0,0.963716814159292,0.02654867256637168,C204,C,0
36,0.05263157894736842,0.3902439024390244,0.2,0.0,0.9619469026548673,0.02654867256637168,C204,C,0
37,0.05263157894736842,0.5121951219512195,0.2,0.0,0.9628318584070796,0.02654867256637168,C204,C,0
38,0.021052631578947368,0.45121951219512196,0.4,0.0,0.9616519174041298,0.02654867256637168,C204,C,0
39,0.0,0.45121951219512196,0.6,0.3135693215339233,0.3607669616519174,0.02654867256637168,C204,C,0
40,0.0,0.5121951219512195,0.4,0.0,0.9613569321533924,0.02654867256637168,C204,C,0
41,0.37894736842105264,0.18292682926829268,0.2,0.0,0.963716814159292,0.02654867256637168,C204,C,0
42,0.3684210526315789,0.35365853658536583,0.2,0.0,0.9678466076696165,0.02654867256637168,C204,C,0
43,0.3473684210526316,0.35365853658536583,0.4,0.0,0.967551622418879,0.02654867256637168,C204,C,0
44,0.3473684210526316,0.3902439024390244,0.2,0.0,0.9684365781710914,0.02654867256637168,C204,C,0
45,0.3368421052631579,0.2073170731707317,0.2,0.564306784660767,0.6115044247787611,0.02654867256637168,C204,C,0
46,0.3157894736842105,0.32926829268292684,0.2,0.0,0.9666666666666667,0.02654867256637168,C204,C,0
47,0.35789473684210527,0.2682926829268293,0.6,0.0,0.9657817109144543,0.02654867256637168,C204,C,0
48,0.3157894736842105,0.3902439024390244,0.2,0.0,0.9678466076696165,0.02654867256637168,C204,C,0
49,0.37894736842105264,0.45121951219512196,0.2,0.0,0.9702064896755163,0.02654867256637168,C204,C,0
50,0.5052631578947369,0.2073170731707317,0.2,0.0,0.9640117994100295,0.02654867256637168,C204,C,0
51,0.2736842105263158,0.35365853658536583,0.2,0.0,0.9666666666666667,0.02654867256637168,C204,C,0
52,0.2631578947368421,0.32926829268292684,0.2,0.0,0.9660766961651918,0.02654867256637168,C204,C,0
53,0.2631578947368421,0.3902439024390244,0.2,0.0,0.9669616519174041,0.02654867256637168,C204,C,0
54,0.4631578947368421,0.024390243902439025,0.4,0.3705014749262537,0.4176991150442478,0.02654867256637168,C204,C,0
55,0.4421052631578947,0.08536585365853659,0.8,0.0,0.9613569321533924,0.02654867256637168,C204,C,0
56,0.4421052631578947,0.14634146341463414,0.2,0.3141592920353982,0.3613569321533923,0.02654867256637168,C204,C,0
57,0.42105263157894735,0.024390243902439025,0.6,0.0,0.9601769911504425,0.02654867256637168,C204,C,0
58,0.4,0.14634146341463414,0.8,0.0,0.9628318584070796,0.02654867256637168,C204,C,0
59,0.4,0.024390243902439025,0.6,0.4253687315634218,0.4725663716814159,0.02654867256637168,C204,C,0
60,0.4,0.08536585365853659,0.2,0.0,0.9613569321533924,0.02654867256637168,C204,C,0
61,0.3684210526315789,0.024390243902439025,0.4,0.0,0.959882005899705,0.02654867256637168,C204,C,0
62,0.5263157894736842,0.32926829268292684,0.2,0.0,0.9666666666666667,0.02654867256637168,C204,C,0
63,0.5263157894736842,0.3902439024390244,0.4,0.035398230088495575,0.08259587020648967,0.02654867256637168,C204,C,0
64,0.5263157894736842,0.45121951219512196,1.0,0.0,0.9690265486725663,0.02654867256637168,C204,C,0
65,0.5052631578947369,0.32926829268292684,0.2,0.0,0.9669616519174041,0.02654867256637168,C204,C,0
66,0.4631578947368421,0.2682926829268293,0.2,0.0,0.9657817109144543,0.02654867256637168,C204,C,0
67,0.49473684210526314,0.3902439024390244,0.2,0.0,0.9684365781710914,0.02654867256637168,C204,C,0
68,0.49473684210526314,0.45121951219512196,0.2,0.0035398230088495575,0.05073746312684366,0.02654867256637168,C204,C,0
69,0.4421052631578947,0.32926829268292684,0.2,0.0,0.9672566371681416,0.02654867256637168,C204,C,0
70,0.47368421052631576,0.3902439024390244,0.2,0.20058997050147492,0.24778761061946902,0.02654867256637168,C204,C,0
71,1.0,0.32926829268292684,0.6,0.0,0.956047197640118,0.02654867256637168,C204,C,0
72,1.0,0.3902439024390244,0.4,0.0,0.9563421828908555,0.02654867256637168,C204,C,0
73,0.5578947368421052,0.32926829268292684,0.2,0.0,0.9663716814159292,0.02654867256637168,C204,C,0
74,0.968421052631579,0.32926829268292684,0.2,0.0,0.9569321533923304,0.02654867256637168,C204,C,0
75,0.5578947368421052,0.3902439024390244,1.0,0.06283185840707965,0.11002949852507375,0.02654867256637168,C204,C,0
76,0.47368421052631576,0.7560975609756098,0.4,0.0,0.9687315634218289,0.02654867256637168,C204,C,0
77,0.9473684210526315,0.3902439024390244,0.2,0.6286135693215339,0.675811209439528,0.02654867256637168,C204,C,0
78,0.7578947368421053,0.5121951219512195,0.2,0.855457227138643,0.9026548672566371,0.02654867256637168,C204,C,0
79,0.8210526315789474,0.45121951219512196,0.4,0.0,0.9616519174041298,0.02654867256637168,C204,C,0
80,0.9157894736842105,0.32926829268292684,0.2,0.7693215339233038,0.8165191740412979,0.02654867256637168,C204,C,0
81,0.8947368421052632,0.2682926829268293,0.2,0.0,0.9581120943952802,0.02654867256637168,C204,C,0
82,0.8947368421052632,0.3902439024390244,0.6,0.0,0.95929203539823,0.02654867256637168,C204,C,0
83,0.7894736842105263,0.6341463414634146,0.4,0.0,0.9628318584070796,0.02654867256637168,C204,C,0
84,0.7578947368421053,0.6341463414634146,0.2,0.0,0.963716814159292,0.02654867256637168,C204,C,0
85,0.7368421052631579,0.6707317073170732,0.4,0.484070796460177,0.5312684365781711,0.02654867256637168,C204,C,0
86,0.9052631578947369,0.524390243902439,0.6,0.0,0.9595870206489675,0.02654867256637168,C204,C,0
87,0.6947368421052632,0.6341463414634146,0.2,0.0,0.9654867256637168,0.02654867256637168,C204,C,0
88,0.6736842105263158,0.524390243902439,0.4,0.9135693215339233,0.9607669616519174,0.02654867256637168,C204,C,0
89,0.6842105263157895,0.6951219512195121,0.6,0.0,0.9654867256637168,0.02654867256637168,C204,C,0
90,0.5894736842105263,0.7439024390243902,0.2,0.0,0.9669616519174041,0.02654867256637168,C204,C,0
91,0.631578947368421,0.6341463414634146,0.2,0.0,0.9672566371681416,0.02654867256637168,C204,C,0
92,0.631578947368421,0.6951219512195121,0.2,0.0,0.9666666666666667,0.02654867256637168,C204,C,0
93,0.7052631578947368,1.0,0.4,0.20471976401179942,0.2519174041297935,0.02654867256637168,C204,C,0
94,0.4421052631578947,0.6707317073170732,0.8,0.0,0.9707964601769912,0.02654867256637168,C204,C,0
95,0.6842105263157895,0.9634146341463414,0.2,0.0,0.9613569321533924,0.02654867256637168,C204,C,0
96,0.6526315789473685,0.9390243902439024,0.6,0.0,0.9622418879056047,0.02654867256637168,C204,C,0
97,0.6526315789473685,0.45121951219512196,0.2,0.0,0.9660766961651918,0.02654867256637168,C204,C,0
98,0.631578947368421,1.0,0.6,0.0,0.9613569321533924,0.02654867256637168,C204,C,0
99,0.6105263157894737,0.8780487804878049,0.4,0.0,0.9643067846607669,0.02654867256637168,C204,C,0
100,0.5789473684210527,0.9390243902439024,0.2,0.1200589970501475,0.1672566371681416,0.02654867256637168,C204,C,0
101,0.5789473684210527,1.0,0.4,0.1480825958702065,0.1952802359882006,0.02654867256637168,C204,C,0
1,0.42105263157894735,0.573170731707317,0.0,0.0,1.0,0.0,C205,C,0
2,0.5473684210526316,0.8780487804878049,0.2,0.06814159292035399,0.1625368731563422,0.02654867256637168,C205,C,0
3,0.47368421052631576,0.8170731707317073,0.6,0.039233038348082595,0.1336283185840708,0.02654867256637168,C205,C,0
4,0.6526315789473685,0.8048780487804879,0.2,0.3206489675516224,0.4150442477876106,0.02654867256637168,C205,C,0
5,0.631578947368421,0.7682926829268293,0.2,0.34837758112094397,0.44277286135693217,0.02654867256637168,C205,C,0
6,0.4421052631578947,0.7560975609756098,0.2,0.004424778761061947,0.09882005899705015,0.02654867256637168,C205,C,0
7,0.16842105263157894,0.47560975609756095,0.4,0.12300884955752213,0.21740412979351031,0.02654867256637168,C205,C,0
8,0.6105263157894737,0.8170731707317073,0.4,0.2929203539823009,0.3873156342182891,0.02654867256637168,C205,C,0
9,0.35789473684210527,0.6951219512195121,0.4,0.828023598820059,0.9224188790560472,0.02654867256637168,C205,C,0
10,0.29473684210526313,0.8170731707317073,0.2,0.7436578171091446,0.8380530973451328,0.02654867256637168,C205,C,0
11,0.3684210526315789,0.7682926829268293,0.2,0.7997050147492626,0.8941002949852508,0.02654867256637168,C205,C,0
12,0.3684210526315789,0.8048780487804879,0.2,0.7722713864306785,0.8666666666666667,0.02654867256637168,C205,C,0
13,0.2631578947368421,1.0,0.4,0.6014749262536874,0.6958702064896756,0.02654867256637168,C205,C,0
14,0.23157894736842105,0.8780487804878049,0.6,0.6858407079646017,0.7802359882005899,0.02654867256637168,C205,C,0
15,0.23157894736842105,1.0,0.2,0.5740412979351033,0.6684365781710915,0.02654867256637168,C205,C,0
16,0.21052631578947367,0.9390243902439024,0.8,0.6300884955752213,0.7244837758112095,0.02654867256637168,C205,C,0
17,0.21052631578947367,1.0,0.8,0.5469026548672566,0.6412979351032448,0.02654867256637168,C205,C,0
18,0.18947368421052632,0.8780487804878049,0.4,0.6581120943952803,0.7525073746312685,0.02654867256637168,C205,C,0
19,0.15789473684210525,0.8780487804878049,0.4,0.4902654867256637,0.5846607669616519,0.02654867256637168,C205,C,0
20,0.15789473684210525,0.9390243902439024,0.2,0.5182890855457227,0.6126843657817109,0.02654867256637168,C205,C,0
21,0.3157894736842105,0.573170731707317,0.2,0.0029498525073746312,0.09734513274336283,0.02654867256637168,C205,C,0
22,0.3157894736842105,0.6463414634146342,0.4,0.8563421828908555,0.9507374631268437,0.02654867256637168,C205,C,0
23,0.29473684210526313,0.5975609756097561,0.4,0.0035398230088495575,0.09793510324483776,0.02654867256637168,C205,C,0
24,0.14736842105263157,0.7682926829268293,0.2,0.46106194690265484,0.5554572271386431,0.02654867256637168,C205,C,0
25,0.2631578947368421,0.573170731707317,0.2,0.010619469026548672,0.10501474926253687,0.02654867256637168,C205,C,0
26,0.23157894736842105,0.7682926829268293,0.8,0.7150442477876107,0.8094395280235989,0.02654867256637168,C205,C,0
27,0.08421052631578947,0.7195121951219512,0.2,0.43215339233038347,0.5265486725663717,0.02654867256637168,C205,C,0
28,0.24210526315789474,0.5975609756097561,0.2,0.03805309734513274,0.13244837758112094,0.02654867256637168,C205,C,0
29,0.042105263157894736,0.6341463414634146,0.4,0.4032448377581121,0.4976401179941003,0.02654867256637168,C205,C,0
30,0.21052631578947367,0.573170731707317,0.2,0.09380530973451327,0.1882005899705015,0.02654867256637168,C205,C,0
31,0.21052631578947367,0.6341463414634146,0.2,0.06578171091445428,0.16017699115044248,0.02654867256637168,C205,C,0
32,0.10526315789473684,0.3902439024390244,0.4,0.20678466076696164,0.30117994100294987,0.02654867256637168,C205,C,0
33,0.10526315789473684,0.45121951219512196,0.6,0.15132743362831858,0.24572271386430677,0.02654867256637168,C205,C,0
34,0.08421052631578947,0.45121951219512196,0.8,0.17846607669616518,0.2728613569321534,0.02654867256637168,C205,C,0
35,0.08421052631578947,0.5121951219512195,0.4,0.3734513274336283,0.4678466076696165,0.02654867256637168,C205,C,0
36,0.05263157894736842,0.3902439024390244,0.2,0.23480825958702065,0.3292035398230089,0.02654867256637168,C205,C,0
37,0.05263157894736842,0.5121951219512195,0.2,0.34601769911504426,0.44041297935103246,0.02654867256637168,C205,C,0
38,0.021052631578947368,0.45121951219512196,0.4,0.2628318584070796,0.3572271386430678,0.02654867256637168,C205,C,0
39,0.0,0.45121951219512196,0.6,0.28997050147492626,0.38436578171091446,0.02654867256637168,C205,C,0
40,0.0,0.5121951219512195,0.4,0.31799410029498526,0.41238938053097346,0.02654867256637168,C205,C,0
41,0.37894736842105264,0.18292682926829268,0.2,0.5129793510324484,0.6073746312684366,0.02654867256637168,C205,C,0
42,0.3684210526315789,0.35365853658536583,0.2,0.7899705014749262,0.8843657817109144,0.02654867256637168,C205,C,0
43,0.3473684210526316,0.35365853658536583,0.4,0.7628318584070797,0.8572271386430679,0.02654867256637168,C205,C,0
44,0.3473684210526316,0.3902439024390244,0.2,0.7353982300884956,0.8297935103244838,0.02654867256637168,C205,C,0
45,0.3368421052631579,0.2073170731707317,0.2,0.54070796460177,0.6351032448377582,0.02654867256637168,C205,C,0
46,0.3157894736842105,0.32926829268292684,0.2,0.5973451327433629,0.6917404129793511,0.02654867256637168,C205,C,0
47,0.35789473684210527,0.2682926829268293,0.6,0.5690265486725664,0.6634218289085546,0.02654867256637168,C205,C,0
48,0.3157894736842105,0.3902439024390244,0.2,0.7079646017699115,0.8023598820058997,0.02654867256637168,C205,C,0
49,0.37894736842105264,0.45121951219512196,0.2,0.8188790560471977,0.9132743362831859,0.02654867256637168,C205,C,0
50,0.5052631578947369,0.2073170731707317,0.2,0.2616519174041298,0.356047197640118,0.02654867256637168,C205,C,0
51,0.2736842105263158,0.35365853658536583,0.2,0.6525073746312684,0.7469026548672566,0.02654867256637168,C205,C,0
52,0.2631578947368421,0.32926829268292684,0.2,0.6253687315634219,0.7197640117994101,0.02654867256637168,C205,C,0
53,0.2631578947368421,0.3902439024390244,0.2,0.6799410029498525,0.7743362831858407,0.02654867256637168,C205,C,0
54,0.4631578947368421,0.024390243902439025,0.4,0.34690265486725663,0.44129793510324483,0.02654867256637168,C205,C,0
55,0.4421052631578947,0.08536585365853659,0.8,0.3185840707964602,0.41297935103244837,0.02654867256637168,C205,C,0
56,0.4421052631578947,0.14634146341463414,0.2,0.29056047197640117,0.38495575221238937,0.02654867256637168,C205,C,0
57,0.42105263157894735,0.024390243902439025,0.6,0.3746312684365782,0.4690265486725664,0.02654867256637168,C205,C,0
58,0.4,0.14634146341463414,0.8,0.48525073746312686,0.5796460176991151,0.02654867256637168,C205,C,0
59,0.4,0.024390243902439025,0.6,0.40176991150442476,0.49616519174041296,0.02654867256637168,C205,C,0
60,0.4,0.08536585365853659,0.2,0.45722713864306785,0.551622418879056,0.02654867256637168,C205,C,0
61,0.3684210526315789,0.024390243902439025,0.4,0.42920353982300885,0.523598820058997,0.02654867256637168,C205,C,0
62,0.5263157894736842,0.32926829268292684,0.2,0.09469026548672567,0.18908554572271385,0.02654867256637168,C205,C,0
63,0.5263157894736842,0.3902439024390244,0.4,0.011799410029498525,0.10619469026548672,0.02654867256637168,C205,C,0
64,0.5263157894736842,0.45121951219512196,1.0,0.004129793510324484,0.09852507374631268,0.02654867256637168,C205,C,0
65,0.5052631578947369,0.32926829268292684,0.2,0.12182890855457228,0.21622418879056046,0.02654867256637168,C205,C,0
66,0.4631578947368421,0.2682926829268293,0.2,0.23333333333333334,0.32772861356932154,0.02654867256637168,C205,C,0
67,0.49473684210526314,0.3902439024390244,0.2,0.14985250737463127,0.24424778761061947,0.02654867256637168,C205,C,0
68,0.49473684210526314,0.45121951219512196,0.2,0.0035398230088495575,0.09793510324483776,0.02654867256637168,C205,C,0
69,0.4421052631578947,0.32926829268292684,0.2,0.20530973451327433,0.29970501474926253,0.02654867256637168,C205,C,0
70,0.47368421052631576,0.3902439024390244,0.2,0.17699115044247787,0.2713864306784661,0.02654867256637168,C205,C,0
71,1.0,0.32926829268292684,0.6,0.6610619469026549,0.755457227138643,0.02654867256637168,C205,C,0
72,1.0,0.3902439024390244,0.4,0.6330383480825958,0.727433628318584,0.02654867256637168,C205,C,0
73,0.5578947368421052,0.32926829268292684,0.2,0.06725663716814159,0.1616519174041298,0.02654867256637168,C205,C,0
74,0.968421052631579,0.32926829268292684,0.2,0.6884955752212389,0.7828908554572271,0.02654867256637168,C205,C,0
75,0.5578947368421052,0.3902439024390244,1.0,0.039233038348082595,0.1336283185840708,0.02654867256637168,C205,C,0
76,0.47368421052631576,0.7560975609756098,0.4,0.011209439528023599,0.1056047197640118,0.02654867256637168,C205,C,0
77,0.9473684210526315,0.3902439024390244,0.2,0.6050147492625368,0.699410029498525,0.02654867256637168,C205,C,0
78,0.7578947368421053,0.5121951219512195,0.2,0.831858407079646,0.9262536873156342,0.02654867256637168,C205,C,0
79,0.8210526315789474,0.45121951219512196,0.4,0.8029498525073746,0.8973451327433628,0.02654867256637168,C205,C,0
80,0.9157894736842105,0.32926829268292684,0.2,0.7457227138643068,0.840117994100295,0.02654867256637168,C205,C,0
81,0.8947368421052632,0.2682926829268293,0.2,0.7176991150442478,0.812094395280236,0.02654867256637168,C205,C,0
82,0.8947368421052632,0.3902439024390244,0.6,0.7737463126843658,0.868141592920354,0.02654867256637168,C205,C,0
83,0.7894736842105263,0.6341463414634146,0.4,0.5442477876106194,0.6386430678466076,0.02654867256637168,C205,C,0
84,0.7578947368421053,0.6341463414634146,0.2,0.5168141592920354,0.6112094395280236,0.02654867256637168,C205,C,0
85,0.7368421052631579,0.6707317073170732,0.4,0.4604719764011799,0.5548672566371682,0.02654867256637168,C205,C,0
86,0.9052631578947369,0.524390243902439,0.6,0.5749262536873156,0.6693215339233038,0.02654867256637168,C205,C,0
87,0.6947368421052632,0.6341463414634146,0.2,0.48849557522123893,0.5828908554572272,0.02654867256637168,C205,C,0
88,0.6736842105263158,0.524390243902439,0.4,0.8716814159292036,0.9660766961651918,0.02654867256637168,C205,C,0
89,0.6842105263157895,0.6951219512195121,0.6,0.4324483775811209,0.5268436578171092,0.02654867256637168,C205,C,0
90,0.5894736842105263,0.7439024390243902,0.2,0.37610619469026546,0.47050147492625366,0.02654867256637168,C205,C,0
91,0.631578947368421,0.6341463414634146,0.2,0.8728613569321534,0.9672566371681416,0.02654867256637168,C205,C,0
92,0.631578947368421,0.6951219512195121,0.2,0.4044247787610619,0.4988200589970501,0.02654867256637168,C205,C,0
93,0.7052631578947368,1.0,0.4,0.18112094395280237,0.27551622418879057,0.02654867256637168,C205,C,0
94,0.4421052631578947,0.6707317073170732,0.8,0.002359882005899705,0.0967551622418879,0.02654867256637168,C205,C,0
95,0.6842105263157895,0.9634146341463414,0.2,0.2088495575221239,0.3032448377581121,0.02654867256637168,C205,C,0
96,0.6526315789473685,0.9390243902439024,0.6,0.23628318584070795,0.33067846607669615,0.02654867256637168,C205,C,0
97,0.6526315789473685,0.45121951219512196,0.2,0.8616519174041298,0.956047197640118,0.02654867256637168,C205,C,0
98,0.631578947368421,1.0,0.6,0.15250737463126843,0.24690265486725663,0.02654867256637168,C205,C,0
99,0.6105263157894737,0.8780487804878049,0.4,0.26489675516224187,0.35929203539823007,0.02654867256637168,C205,C,0
100,0.5789473684210527,0.9390243902439024,0.2,0.09646017699115045,0.19085545722713865,0.02654867256637168,C205,C,0
101,0.5789473684210527,1.0,0.4,0.12448377581120944,0.21887905604719765,0.02654867256637168,C205,C,0
1,0.42105263157894735,0.573170731707317,0.0,0.0,1.0,0.0,C206,C,0
2,0.5473684210526316,0.8780487804878049,0.2,0.06283185840707965,0.16755162241887905,0.02654867256637168,C206,C,0
3,0.47368421052631576,0.8170731707317073,0.6,0.006489675516224189,0.16607669616519175,0.02654867256637168,C206,C,0
4,0.6526315789473685,0.8048780487804879,0.2,0.30383480825958703,0.43156342182890856,0.02654867256637168,C206,C,0
5,0.631578947368421,0.7682926829268293,0.2,0.34041297935103243,0.4504424778761062,0.02654867256637168,C206,C,0
6,0.4421052631578947,0.7560975609756098,0.2,0.004424778761061947,0.11858407079646018,0.02654867256637168,C206,C,0
7,0.16842105263157894,0.47560975609756095,0.4,0.0976401179941003,0.2424778761061947,0.02654867256637168,C206,C,0
8,0.6105263157894737,0.8170731707317073,0.4,0.28466076696165193,0.3952802359882006,0.02654867256637168,C206,C,0
9,0.35789473684210527,0.6951219512195121,0.4,0.7825958702064897,0.967551622418879,0.02654867256637168,C206,C,0
10,0.29473684210526313,0.8170731707317073,0.2,0.7035398230088495,0.8778761061946903,0.02654867256637168,C206,C,0
11,0.3684210526315789,0.7682926829268293,0.2,0.7752212389380531,0.9182890855457227,0.02654867256637168,C206,C,0
12,0.3684210526315789,0.8048780487804879,0.2,0.7678466076696165,0.8707964601769912,0.02654867256637168,C206,C,0
13,0.2631578947368421,1.0,0.4,0.5855457227138643,0.7115044247787611,0.02654867256637168,C206,C,0
14,0.23157894736842105,0.8780487804878049,0.6,0.6814159292035398,0.7843657817109144,0.02654867256637168,C206,C,0
15,0.23157894736842105,1.0,0.2,0.5445427728613569,0.6976401179941003,0.02654867256637168,C206,C,0
16,0.21052631578947367,0.9390243902439024,0.8,0.6126843657817109,0.7415929203539823,0.02654867256637168,C206,C,0
17,0.21052631578947367,1.0,0.8,0.5200589970501475,0.6678466076696166,0.02654867256637168,C206,C,0
18,0.18947368421052632,0.8780487804878049,0.4,0.6321533923303835,0.7781710914454277,0.02654867256637168,C206,C,0
19,0.15789473684210525,0.8780487804878049,0.4,0.46017699115044247,0.6144542772861357,0.02654867256637168,C206,C,0
20,0.15789473684210525,0.9390243902439024,0.2,0.4982300884955752,0.6324483775811209,0.02654867256637168,C206,C,0
21,0.3157894736842105,0.573170731707317,0.2,0.0029498525073746312,0.1902654867256637,0.02654867256637168,C206,C,0
22,0.3157894736842105,0.6463414634146342,0.4,0.7890855457227138,0.9699115044247788,0.02654867256637168,C206,C,0
23,0.29473684210526313,0.5975609756097561,0.4,0.0035398230088495575,0.14896755162241887,0.02654867256637168,C206,C,0
24,0.14736842105263157,0.7682926829268293,0.2,0.4480825958702065,0.5681415929203539,0.02654867256637168,C206,C,0
25,0.2631578947368421,0.573170731707317,0.2,0.006784660766961652,0.10855457227138643,0.02654867256637168,C206,C,0
26,0.23157894736842105,0.7682926829268293,0.8,0.7020648967551623,0.8221238938053097,0.02654867256637168,C206,C,0
27,0.08421052631578947,0.7195121951219512,0.2,0.39233038348082594,0.5660766961651917,0.02654867256637168,C206,C,0
28,0.24210526315789474,0.5975609756097561,0.2,0.02743362831858407,0.14277286135693215,0.02654867256637168,C206,C,0
29,0.042105263157894736,0.6341463414634146,0.4,0.37404129793510327,0.5265486725663717,0.02654867256637168,C206,C,0
30,0.21052631578947367,0.573170731707317,0.2,0.049557522123893805,0.23215339233038348,0.02654867256637168,C206,C,0
31,0.21052631578947367,0.6341463414634146,0.2,0.05014749262536873,0.17551622418879056,0.02654867256637168,C206,C,0
32,0.10526315789473684,0.3902439024390244,0.4,0.17256637168141592,0.3351032448377581,0.02654867256637168,C206,C,0
33,0.10526315789473684,0.45121951219512196,0.6,0.13215339233038348,0.2646017699115044,0.02654867256637168,C206,C,0
34,0.08421052631578947,0.45121951219512196,0.8,0.1471976401179941,0.30383480825958703,0.02654867256637168,C206,C,0
35,0.08421052631578947,0.5121951219512195,0.4,0.35103244837758113,0.48997050147492627,0.02654867256637168,C206,C,0
36,0.05263157894736842,0.3902439024390244,0.2,0.19646017699115045,0.3672566371681416,0.02654867256637168,C206,C,0
37,0.05263157894736842,0.5121951219512195,0.2,0.31740412979351035,0.4687315634218289,0.02654867256637168,C206,C,0
38,0.021052631578947368,0.45121951219512196,0.4,0.22772861356932153,0.3920353982300885,0.02654867256637168,C206,C,0
39,0.0,0.45121951219512196,0.6,0.26253687315634217,0.41150442477876104,0.02654867256637168,C206,C,0
40,0.0,0.5121951219512195,0.4,0.3056047197640118,0.42448377581120944,0.02654867256637168,C206,C,0
41,0.37894736842105264,0.18292682926829268,0.2,0.4755162241887906,0.644542772861357,0.02654867256637168,C206,C,0
42,0.3684210526315789,0.35365853658536583,0.2,0.7666666666666667,0.9073746312684365,0.02654867256637168,C206,C,0
43,0.3473684210526316,0.35365853658536583,0.4,0.7460176991150442,0.8737463126843658,0.02654867256637168,C206,C,0
44,0.3473684210526316,0.3902439024390244,0.2,0.7265486725663717,0.8383480825958702,0.02654867256637168,C206,C,0
45,0.3368421052631579,0.2073170731707317,0.2,0.5147492625368731,0.6607669616519174,0.02654867256637168,C206,C,0
46,0.3157894736842105,0.32926829268292684,0.2,0.5699115044247788,0.7188790560471976,0.02654867256637168,C206,C,0
47,0.35789473684210527,0.2682926829268293,0.6,0.5557522123893806,0.6764011799410029,0.02654867256637168,C206,C,0
48,0.3157894736842105,0.3902439024390244,0.2,0.6926253687315634,0.8174041297935103,0.02654867256637168,C206,C,0
49,0.37894736842105264,0.45121951219512196,0.2,0.8008849557522124,0.9309734513274336,0.02654867256637168,C206,C,0
50,0.5052631578947369,0.2073170731707317,0.2,0.23952802359882006,0.37787610619469025,0.02654867256637168,C206,C,0
51,0.2736842105263158,0.35365853658536583,0.2,0.5952802359882006,0.803834808259587,0.02654867256637168,C206,C,0
52,0.2631578947368421,0.32926829268292684,0.2,0.5943952802359882,0.7504424778761062,0.02654867256637168,C206,C,0
53,0.2631578947368421,0.3902439024390244,0.2,0.6492625368731564,0.8047197640117995,0.02654867256637168,C206,C,0
54,0.4631578947368421,0.024390243902439025,0.4,0.31799410029498526,0.46991150442477875,0.02654867256637168,C206,C,0
55,0.4421052631578947,0.08536585365853659,0.8,0.2943952802359882,0.4368731563421829,0.02654867256637168,C206,C,0
56,0.4421052631578947,0.14634146341463414,0.2,0.2646017699115044,0.41061946902654867,0.02654867256637168,C206,C,0
57,0.42105263157894735,0.024390243902439025,0.6,0.3536873156342183,0.4896755162241888,0.02654867256637168,C206,C,0
58,0.4,0.14634146341463414,0.8,0.45781710914454277,0.6067846607669617,0.02654867256637168,C206,C,0
59,0.4,0.024390243902439025,0.6,0.37256637168141593,0.5250737463126843,0.02654867256637168,C206,C,0
60,0.4,0.08536585365853659,0.2,0.44188790560471974,0.5666666666666667,0.02654867256637168,C206,C,0
61,0.3684210526315789,0.024390243902439025,0.4,0.39085545722713866,0.5616519174041298,0.02654867256637168,C206,C,0
62,0.5263157894736842,0.32926829268292684,0.2,0.06578171091445428,0.2176991150442478,0.02654867256637168,C206,C,0
63,0.5263157894736842,0.3902439024390244,0.4,0.005309734513274336,0.13982300884955753,0.02654867256637168,C206,C,0
64,0.5263157894736842,0.45121951219512196,1.0,0.004129793510324484,0.10619469026548672,0.02654867256637168,C206,C,0
65,0.5052631578947369,0.32926829268292684,0.2,0.07256637168141593,0.2651917404129793,0.02654867256637168,C206,C,0
66,0.4631578947368421,0.2682926829268293,0.2,0.20766961651917404,0.3530973451327434,0.02654867256637168,C206,C,0
67,0.49473684210526314,0.3902439024390244,0.2,0.11592920353982301,0.2778761061946903,0.02654867256637168,C206,C,0
68,0.49473684210526314,0.45121951219512196,0.2,0.0035398230088495575,0.12507374631268436,0.02654867256637168,C206,C,0
69,0.4421052631578947,0.32926829268292684,0.2,0.18908554572271385,0.31563421828908556,0.02654867256637168,C206,C,0
70,0.47368421052631576,0.3902439024390244,0.2,0.15752212389380532,0.29056047197640117,0.02654867256637168,C206,C,0
71,1.0,0.32926829268292684,0.6,0.6250737463126844,0.7911504424778761,0.02654867256637168,C206,C,0
72,1.0,0.3902439024390244,0.4,0.6132743362831858,0.7469026548672566,0.02654867256637168,C206,C,0
73,0.5578947368421052,0.32926829268292684,0.2,0.03864306784660767,0.18997050147492625,0.02654867256637168,C206,C,0
74,0.968421052631579,0.32926829268292684,0.2,0.6398230088495576,0.8312684365781711,0.02654867256637168,C206,C,0
75,0.5578947368421052,0.3902439024390244,1.0,0.02566371681415929,0.14690265486725665,0.02654867256637168,C206,C,0
76,0.47368421052631576,0.7560975609756098,0.4,0.004424778761061947,0.17905604719764012,0.02654867256637168,C206,C,0
77,0.9473684210526315,0.3902439024390244,0.2,0.5905604719764012,0.7135693215339233,0.02654867256637168,C206,C,0
78,0.7578947368421053,0.5121951219512195,0.2,0.7967551622418879,0.9610619469026549,0.02654867256637168,C206,C,0
79,0.8210526315789474,0.45121951219512196,0.4,0.7666666666666667,0.9333333333333333,0.02654867256637168,C206,C,0
80,0.9157894736842105,0.32926829268292684,0.2,0.7389380530973452,0.8466076696165191,0.02654867256637168,C206,C,0
81,0.8947368421052632,0.2682926829268293,0.2,0.6988200589970501,0.8306784660766962,0.02654867256637168,C206,C,0
82,0.8947368421052632,0.3902439024390244,0.6,0.756047197640118,0.8855457227138643,0.02654867256637168,C206,C,0
83,0.7894736842105263,0.6341463414634146,0.4,0.5259587020648968,0.6566371681415929,0.02654867256637168,C206,C,0
84,0.7578947368421053,0.6341463414634146,0.2,0.46932153392330384,0.6584070796460177,0.02654867256637168,C206,C,0
85,0.7368421052631579,0.6707317073170732,0.4,0.4463126843657817,0.568731563421829,0.02654867256637168,C206,C,0
86,0.9052631578947369,0.524390243902439,0.6,0.53952802359882,0.7044247787610619,0.02654867256637168,C206,C,0
87,0.6947368421052632,0.6341463414634146,0.2,0.4731563421828909,0.5979351032448378,0.02654867256637168,C206,C,0
88,0.6736842105263158,0.524390243902439,0.4,0.8778761061946903,0.9660766961651918,0.02654867256637168,C206,C,0
89,0.6842105263157895,0.6951219512195121,0.6,0.39469026548672564,0.564306784660767,0.02654867256637168,C206,C,0
90,0.5894736842105263,0.7439024390243902,0.2,0.3292035398230089,0.5171091445427729,0.02654867256637168,C206,C,0
91,0.631578947368421,0.6341463414634146,0.2,0.8227138643067846,0.9672566371681416,0.02654867256637168,C206,C,0
92,0.631578947368421,0.6951219512195121,0.2,0.3979351032448378,0.5050147492625369,0.02654867256637168,C206,C,0
93,0.7052631578947368,1.0,0.4,0.1528023598820059,0.3035398230088496,0.02654867256637168,C206,C,0
94,0.4421052631578947,0.6707317073170732,0.8,0.002359882005899705,0.15014749262536872,0.02654867256637168,C206,C,0
95,0.6842105263157895,0.9634146341463414,0.2,0.16194690265486725,0.34985250737463125,0.02654867256637168,C206,C,0
96,0.6526315789473685,0.9390243902439024,0.6,0.21946902654867256,0.3471976401179941,0.02654867256637168,C206,C,0
97,0.6526315789473685,0.45121951219512196,0.2,0.8002949852507375,0.9660766961651918,0.02654867256637168,C206,C,0
98,0.631578947368421,1.0,0.6,0.11710914454277287,0.2820058997050148,0.02654867256637168,C206,C,0
99,0.6105263157894737,0.8780487804878049,0.4,0.24749262536873157,0.376401179941003,0.02654867256637168,C206,C,0
100,0.5789473684210527,0.9390243902439024,0.2,0.08023598820058997,0.20678466076696164,0.02654867256637168,C206,C,0
101,0.5789473684210527,1.0,0.4,0.11002949852507375,0.23303834808259588,0.02654867256637168,C206,C,0
1,0.42105263157894735,0.573170731707317,0.0,0.0,1.0,0.0,C207,C,0
2,0.5473684210526316,0.8780487804878049,0.2,0.08908554572271386,0.14129793510324484,0.02654867256637168,C207,C,0
3,0.47368421052631576,0.8170731707317073,0.6,0.04631268436578171,0.12625368731563422,0.02654867256637168,C207,C,0
4,0.6526315789473685,0.8048780487804879,0.2,0.335693215339233,0.3997050147492625,0.02654867256637168,C207,C,0
5,0.631578947368421,0.7682926829268293,0.2,0.3678466076696165,0.4230088495575221,0.02654867256637168,C207,C,0
6,0.4421052631578947,0.7560975609756098,0.2,0.004424778761061947,0.06135693215339233,0.02654867256637168,C207,C,0
7,0.16842105263157894,0.47560975609756095,0.4,0.06165191740412979,0.2784660766961652,0.02654867256637168,C207,C,0
8,0.6105263157894737,0.8170731707317073,0.4,0.3123893805309734,0.36755162241887906,0.02654867256637168,C207,C,0
9,0.35789473684210527,0.6951219512195121,0.4,0.6002949852507374,0.9699115044247788,0.02654867256637168,C207,C,0
10,0.29473684210526313,0.8170731707317073,0.2,0.616519174041298,0.9648967551622419,0.02654867256637168,C207,C,0
11,0.3684210526315789,0.7682926829268293,0.2,0.6817109144542773,0.9684365781710914,0.02654867256637168,C207,C,0
12,0.3684210526315789,0.8048780487804879,0.2,0.7162241887905605,0.9224188790560472,0.02654867256637168,C207,C,0
13,0.2631578947368421,1.0,0.4,0.5227138643067847,0.7743362831858407,0.02654867256637168,C207,C,0
14,0.23157894736842105,0.8780487804878049,0.6,0.6297935103244838,0.8359882005899705,0.02654867256637168,C207,C,0
15,0.23157894736842105,1.0,0.2,0.4678466076696165,0.7743362831858407,0.02654867256637168,C207,C,0
16,0.21052631578947367,0.9390243902439024,0.8,0.5480825958702065,0.8061946902654867,0.02654867256637168,C207,C,0
17,0.21052631578947367,1.0,0.8,0.44601769911504424,0.7418879056047197,0.02654867256637168,C207,C,0
18,0.18947368421052632,0.8780487804878049,0.4,0.5589970501474927,0.8513274336283185,0.02654867256637168,C207,C,0
19,0.15789473684210525,0.8780487804878049,0.4,0.3831858407079646,0.6914454277286136,0.02654867256637168,C207,C,0
20,0.15789473684210525,0.9390243902439024,0.2,0.43097345132743364,0.6997050147492625,0.02654867256637168,C207,C,0
21,0.3157894736842105,0.573170731707317,0.2,0.0029498525073746312,0.28407079646017697,0.02654867256637168,C207,C,0
22,0.3157894736842105,0.6463414634146342,0.4,0.608259587020649,0.9699115044247788,0.02654867256637168,C207,C,0
23,0.29473684210526313,0.5975609756097561,0.4,0.0035398230088495575,0.22182890855457227,0.02654867256637168,C207,C,0
24,0.14736842105263157,0.7682926829268293,0.2,0.3882005899705015,0.628023598820059,0.02654867256637168,C207,C,0
25,0.2631578947368421,0.573170731707317,0.2,0.004424778761061947,0.15693215339233038,0.02654867256637168,C207,C,0
26,0.23157894736842105,0.7682926829268293,0.8,0.6421828908554572,0.8820058997050148,0.02654867256637168,C207,C,0
27,0.08421052631578947,0.7195121951219512,0.2,0.3056047197640118,0.6528023598820059,0.02654867256637168,C207,C,0
28,0.24210526315789474,0.5975609756097561,0.2,0.005014749262536873,0.1775811209439528,0.02654867256637168,C207,C,0
29,0.042105263157894736,0.6341463414634146,0.4,0.29793510324483774,0.6026548672566372,0.02654867256637168,C207,C,0
30,0.21052631578947367,0.573170731707317,0.2,0.0058997050147492625,0.27964601769911507,0.02654867256637168,C207,C,0
31,0.21052631578947367,0.6341463414634146,0.2,0.018584070796460177,0.20707964601769913,0.02654867256637168,C207,C,0
32,0.10526315789473684,0.3902439024390244,0.4,0.09115044247787611,0.41651917404129796,0.02654867256637168,C207,C,0
33,0.10526315789473684,0.45121951219512196,0.6,0.09911504424778761,0.2976401179941003,0.02654867256637168,C207,C,0
34,0.08421052631578947,0.45121951219512196,0.8,0.06902654867256637,0.38200589970501475,0.02654867256637168,C207,C,0
35,0.08421052631578947,0.5121951219512195,0.4,0.2814159292035398,0.5595870206489676,0.02654867256637168,C207,C,0
36,0.05263157894736842,0.3902439024390244,0.2,0.1112094395280236,0.45250737463126844,0.02654867256637168,C207,C,0
37,0.05263157894736842,0.5121951219512195,0.2,0.2415929203539823,0.5445427728613569,0.02654867256637168,C207,C,0
38,0.021052631578947368,0.45121951219512196,0.4,0.1457227138643068,0.47404129793510325,0.02654867256637168,C207,C,0
39,0.0,0.45121951219512196,0.6,0.187905604719764,0.4861356932153392,0.02654867256637168,C207,C,0
40,0.0,0.5121951219512195,0.4,0.24601769911504426,0.484070796460177,0.02654867256637168,C207,C,0
41,0.37894736842105264,0.18292682926829268,0.2,0.4330383480825959,0.6870206489675517,0.02654867256637168,C207,C,0
42,0.3684210526315789,0.35365853658536583,0.2,0.7315634218289085,0.9424778761061947,0.02654867256637168,C207,C,0
43,0.3473684210526316,0.35365853658536583,0.4,0.7141592920353982,0.9056047197640118,0.02654867256637168,C207,C,0
44,0.3473684210526316,0.3902439024390244,0.2,0.6985250737463127,0.8663716814159292,0.02654867256637168,C207,C,0
45,0.3368421052631579,0.2073170731707317,0.2,0.47817109144542774,0.6973451327433628,0.02654867256637168,C207,C,0
46,0.3157894736842105,0.32926829268292684,0.2,0.532448377581121,0.7563421828908554,0.02654867256637168,C207,C,0
47,0.35789473684210527,0.2682926829268293,0.6,0.5256637168141592,0.7064896755162242,0.02654867256637168,C207,C,0
48,0.3157894736842105,0.3902439024390244,0.2,0.6613569321533923,0.8486725663716814,0.02654867256637168,C207,C,0
49,0.37894736842105264,0.45121951219512196,0.2,0.7684365781710915,0.9634218289085545,0.02654867256637168,C207,C,0
50,0.5052631578947369,0.2073170731707317,0.2,0.23952802359882006,0.37787610619469025,0.02654867256637168,C207,C,0
51,0.2736842105263158,0.35365853658536583,0.2,0.5433628318584071,0.8557522123893805,0.02654867256637168,C207,C,0
52,0.2631578947368421,0.32926829268292684,0.2,0.5554572271386431,0.7893805309734513,0.02654867256637168,C207,C,0
53,0.2631578947368421,0.3902439024390244,0.2,0.6106194690265486,0.8433628318584071,0.02654867256637168,C207,C,0
54,0.4631578947368421,0.024390243902439025,0.4,0.31799410029498526,0.46991150442477875,0.02654867256637168,C207,C,0
55,0.4421052631578947,0.08536585365853659,0.8,0.2943952802359882,0.4368731563421829,0.02654867256637168,C207,C,0
56,0.4421052631578947,0.14634146341463414,0.2,0.2646017699115044,0.41061946902654867,0.02654867256637168,C207,C,0
57,0.42105263157894735,0.024390243902439025,0.6,0.31946902654867254,0.5238938053097345,0.02654867256637168,C207,C,0
58,0.4,0.14634146341463414,0.8,0.4206489675516224,0.6439528023598821,0.02654867256637168,C207,C,0
59,0.4,0.024390243902439025,0.6,0.33421828908554574,0.5634218289085545,0.02654867256637168,C207,C,0
60,0.4,0.08536585365853659,0.2,0.41061946902654867,0.5979351032448378,0.02654867256637168,C207,C,0
61,0.3684210526315789,0.024390243902439025,0.4,0.3480825958702065,0.6044247787610619,0.02654867256637168,C207,C,0
62,0.5263157894736842,0.32926829268292684,0.2,0.06578171091445428,0.2176991150442478,0.02654867256637168,C207,C,0
63,0.5263157894736842,0.3902439024390244,0.4,0.005309734513274336,0.13982300884955753,0.02654867256637168,C207,C,0
64,0.5263157894736842,0.45121951219512196,1.0,0.004129793510324484,0.10619469026548672,0.02654867256637168,C207,C,0
65,0.5052631578947369,0.32926829268292684,0.2,0.07256637168141593,0.2651917404129793,0.02654867256637168,C207,C,0
66,0.4631578947368421,0.2682926829268293,0.2,0.20766961651917404,0.3530973451327434,0.02654867256637168,C207,C,0
67,0.49473684210526314,0.3902439024390244,0.2,0.11592920353982301,0.2778761061946903,0.02654867256637168,C207,C,0
68,0.49473684210526314,0.45121951219512196,0.2,0.0035398230088495575,0.12507374631268436,0.02654867256637168,C207,C,0
69,0.4421052631578947,0.32926829268292684,0.2,0.18908554572271385,0.31563421828908556,0.02654867256637168,C207,C,0
70,0.47368421052631576,0.3902439024390244,0.2,0.15752212389380532,0.29056047197640117,0.02654867256637168,C207,C,0
71,1.0,0.32926829268292684,0.6,0.6250737463126844,0.7911504424778761,0.02654867256637168,C207,C,0
72,1.0,0.3902439024390244,0.4,0.6466076696165192,0.7135693215339233,0.02654867256637168,C207,C,0
73,0.5578947368421052,0.32926829268292684,0.2,0.03864306784660767,0.18997050147492625,0.02654867256637168,C207,C,0
74,0.968421052631579,0.32926829268292684,0.2,0.6398230088495576,0.8312684365781711,0.02654867256637168,C207,C,0
75,0.5578947368421052,0.3902439024390244,1.0,0.02566371681415929,0.14690265486725665,0.02654867256637168,C207,C,0
76,0.47368421052631576,0.7560975609756098,0.4,0.014454277286135693,0.10206489675516224,0.02654867256637168,C207,C,0
77,0.9473684210526315,0.3902439024390244,0.2,0.6212389380530974,0.6828908554572272,0.02654867256637168,C207,C,0
78,0.7578947368421053,0.5121951219512195,0.2,0.7967551622418879,0.9610619469026549,0.02654867256637168,C207,C,0
79,0.8210526315789474,0.45121951219512196,0.4,0.7666666666666667,0.9333333333333333,0.02654867256637168,C207,C,0
80,0.9157894736842105,0.32926829268292684,0.2,0.7389380530973452,0.8466076696165191,0.02654867256637168,C207,C,0
81,0.8947368421052632,0.2682926829268293,0.2,0.6988200589970501,0.8306784660766962,0.02654867256637168,C207,C,0
82,0.8947368421052632,0.3902439024390244,0.6,0.756047197640118,0.8855457227138643,0.02654867256637168,C207,C,0
83,0.7894736842105263,0.6341463414634146,0.4,0.5587020648967551,0.6238938053097345,0.02654867256637168,C207,C,0
84,0.7578947368421053,0.6341463414634146,0.2,0.516519174041298,0.6112094395280236,0.02654867256637168,C207,C,0
85,0.7368421052631579,0.6707317073170732,0.4,0.47699115044247786,0.5380530973451327,0.02654867256637168,C207,C,0
86,0.9052631578947369,0.524390243902439,0.6,0.5808259587020649,0.6631268436578172,0.02654867256637168,C207,C,0
87,0.6947368421052632,0.6341463414634146,0.2,0.504424778761062,0.5666666666666667,0.02654867256637168,C207,C,0
88,0.6736842105263158,0.524390243902439,0.4,0.8778761061946903,0.9660766961651918,0.02654867256637168,C207,C,0
89,0.6842105263157895,0.6951219512195121,0.6,0.43716814159292033,0.5218289085545723,0.02654867256637168,C207,C,0
90,0.5894736842105263,0.7439024390243902,0.2,0.37610619469026546,0.4702064896755162,0.02654867256637168,C207,C,0
91,0.631578947368421,0.6341463414634146,0.2,0.8227138643067846,0.9672566371681416,0.02654867256637168,C207,C,0
92,0.631578947368421,0.6951219512195121,0.2,0.4247787610619469,0.47817109144542774,0.02654867256637168,C207,C,0
93,0.7052631578947368,1.0,0.4,0.1905604719764012,0.2657817109144543,0.02654867256637168,C207,C,0
94,0.4421052631578947,0.6707317073170732,0.8,0.002359882005899705,0.07610619469026549,0.02654867256637168,C207,C,0
95,0.6842105263157895,0.9634146341463414,0.2,0.2088495575221239,0.3029498525073746,0.02654867256637168,C207,C,0
96,0.6526315789473685,0.9390243902439024,0.6,0.2513274336283186,0.3153392330383481,0.02654867256637168,C207,C,0
97,0.6526315789473685,0.45121951219512196,0.2,0.8002949852507375,0.9660766961651918,0.02654867256637168,C207,C,0
98,0.631578947368421,1.0,0.6,0.1584070796460177,0.2407079646017699,0.02654867256637168,C207,C,0
99,0.6105263157894737,0.8780487804878049,0.4,0.27964601769911507,0.34424778761061947,0.02654867256637168,C207,C,0
100,0.5789473684210527,0.9390243902439024,0.2,0.11179941002949853,0.1752212389380531,0.02654867256637168,C207,C,0
101,0.5789473684210527,1.0,0.4,0.1407079646017699,0.20235988200589972,0.02654867256637168,C207,C,0
1,0.42105263157894735,0.573170731707317,0.0,0.0,1.0,0.0,C208,C,0
2,0.5473684210526316,0.8780487804878049,0.2,0.02094395280235988,0.2097345132743363,0.02654867256637168,C208,C,0
3,0.47368421052631576,0.8170731707317073,0.6,0.0058997050147492625,0.19469026548672566,0.02654867256637168,C208,C,0
4,0.6526315789473685,0.8048780487804879,0.2,0.2734513274336283,0.4622418879056047,0.02654867256637168,C208,C,0
5,0.631578947368421,0.7682926829268293,0.2,0.30117994100294987,0.48997050147492627,0.02654867256637168,C208,C,0
6,0.4421052631578947,0.7560975609756098,0.2,0.004424778761061947,0.19321533923303835,0.02654867256637168,C208,C,0
7,0.16842105263157894,0.47560975609756095,0.4,0.07581120943952803,0.2646017699115044,0.02654867256637168,C208,C,0
8,0.6105263157894737,0.8170731707317073,0.4,0.24572271386430677,0.4345132743362832,0.02654867256637168,C208,C,0
9,0.35789473684210527,0.6951219512195121,0.4,0.780825958702065,0.9696165191740413,0.02654867256637168,C208,C,0
10,0.29473684210526313,0.8170731707317073,0.2,0.6964601769911505,0.8852507374631269,0.02654867256637168,C208,C,0
11,0.3684210526315789,0.7682926829268293,0.2,0.7525073746312685,0.9412979351032449,0.02654867256637168,C208,C,0
12,0.3684210526315789,0.8048780487804879,0.2,0.7250737463126844,0.9138643067846608,0.02654867256637168,C208,C,0
13,0.2631578947368421,1.0,0.4,0.5542772861356933,0.7430678466076697,0.02654867256637168,C208,C,0
14,0.23157894736842105,0.8780487804878049,0.6,0.6386430678466076,0.827433628318584,0.02654867256637168,C208,C,0
15,0.23157894736842105,1.0,0.2,0.5268436578171092,0.7156342182890856,0.02654867256637168,C208,C,0
16,0.21052631578947367,0.9390243902439024,0.8,0.5828908554572272,0.7716814159292036,0.02654867256637168,C208,C,0
17,0.21052631578947367,1.0,0.8,0.49970501474926254,0.6884955752212389,0.02654867256637168,C208,C,0
18,0.18947368421052632,0.8780487804878049,0.4,0.6109144542772862,0.7997050147492626,0.02654867256637168,C208,C,0
19,0.15789473684210525,0.8780487804878049,0.4,0.4430678466076696,0.631858407079646,0.02654867256637168,C208,C,0
20,0.15789473684210525,0.9390243902439024,0.2,0.47109144542772863,0.659882005899705,0.02654867256637168,C208,C,0
21,0.3157894736842105,0.573170731707317,0.2,0.0029498525073746312,0.19174041297935104,0.02654867256637168,C208,C,0
22,0.3157894736842105,0.6463414634146342,0.4,0.7811209439528024,0.9699115044247788,0.02654867256637168,C208,C,0
23,0.29473684210526313,0.5975609756097561,0.4,0.0035398230088495575,0.19233038348082596,0.02654867256637168,C208,C,0
24,0.14736842105263157,0.7682926829268293,0.2,0.41386430678466074,0.6026548672566372,0.02654867256637168,C208,C,0
25,0.2631578947368421,0.573170731707317,0.2,0.004424778761061947,0.19321533923303835,0.02654867256637168,C208,C,0
26,0.23157894736842105,0.7682926829268293,0.8,0.6678466076696166,0.856637168141593,0.02654867256637168,C208,C,0
27,0.08421052631578947,0.7195121951219512,0.2,0.38495575221238937,0.5737463126843658,0.02654867256637168,C208,C,0
28,0.24210526315789474,0.5975609756097561,0.2,0.005014749262536873,0.19380530973451326,0.02654867256637168,C208,C,0
29,0.042105263157894736,0.6341463414634146,0.4,0.356047197640118,0.5448377581120945,0.02654867256637168,C208,C,0
30,0.21052631578947367,0.573170731707317,0.2,0.04660766961651917,0.23539823008849559,0.02654867256637168,C208,C,0
31,0.21052631578947367,0.6341463414634146,0.2,0.018584070796460177,0.20737463126843658,0.02654867256637168,C208,C,0
32,0.10526315789473684,0.3902439024390244,0.4,0.15958702064896754,0.34837758112094397,0.02654867256637168,C208,C,0
33,0.10526315789473684,0.45121951219512196,0.6,0.10412979351032449,0.2929203539823009,0.02654867256637168,C208,C,0
34,0.08421052631578947,0.45121951219512196,0.8,0.13126843657817108,0.3200589970501475,0.02654867256637168,C208,C,0
35,0.08421052631578947,0.5121951219512195,0.4,0.3262536873156342,0.5150442477876106,0.02654867256637168,C208,C,0
36,0.05263157894736842,0.3902439024390244,0.2,0.18761061946902655,0.376401179941003,0.02654867256637168,C208,C,0
37,0.05263157894736842,0.5121951219512195,0.2,0.29882005899705016,0.48761061946902656,0.02654867256637168,C208,C,0
38,0.021052631578947368,0.45121951219512196,0.4,0.21563421828908555,0.4044247787610619,0.02654867256637168,C208,C,0
39,0.0,0.45121951219512196,0.6,0.24277286135693216,0.43156342182890856,0.02654867256637168,C208,C,0
40,0.0,0.5121951219512195,0.4,0.27079646017699116,0.45958702064896756,0.02654867256637168,C208,C,0
41,0.37894736842105264,0.18292682926829268,0.2,0.46578171091445425,0.6545722713864307,0.02654867256637168,C208,C,0
42,0.3684210526315789,0.35365853658536583,0.2,0.7427728613569321,0.9315634218289085,0.02654867256637168,C208,C,0
43,0.3473684210526316,0.35365853658536583,0.4,0.7156342182890856,0.904424778761062,0.02654867256637168,C208,C,0
44,0.3473684210526316,0.3902439024390244,0.2,0.6882005899705015,0.8769911504424779,0.02654867256637168,C208,C,0
45,0.3368421052631579,0.2073170731707317,0.2,0.4935103244837758,0.6823008849557523,0.02654867256637168,C208,C,0
46,0.3157894736842105,0.32926829268292684,0.2,0.5501474926253688,0.7389380530973452,0.02654867256637168,C208,C,0
47,0.35789473684210527,0.2682926829268293,0.6,0.5218289085545723,0.7106194690265487,0.02654867256637168,C208,C,0
48,0.3157894736842105,0.3902439024390244,0.2,0.6607669616519174,0.8495575221238938,0.02654867256637168,C208,C,0
49,0.37894736842105264,0.45121951219512196,0.2,0.7716814159292036,0.96047197640118,0.02654867256637168,C208,C,0
50,0.5052631578947369,0.2073170731707317,0.2,0.2144542772861357,0.4032448377581121,0.02654867256637168,C208,C,0
51,0.2736842105263158,0.35365853658536583,0.2,0.6053097345132743,0.7941002949852507,0.02654867256637168,C208,C,0
52,0.2631578947368421,0.32926829268292684,0.2,0.5781710914454278,0.7669616519174042,0.02654867256637168,C208,C,0
53,0.2631578947368421,0.3902439024390244,0.2,0.6327433628318584,0.8215339233038348,0.02654867256637168,C208,C,0
54,0.4631578947368421,0.024390243902439025,0.4,0.29970501474926253,0.48849557522123893,0.02654867256637168,C208,C,0
55,0.4421052631578947,0.08536585365853659,0.8,0.2713864306784661,0.46017699115044247,0.02654867256637168,C208,C,0
56,0.4421052631578947,0.14634146341463414,0.2,0.24336283185840707,0.43215339233038347,0.02654867256637168,C208,C,0
57,0.42105263157894735,0.024390243902439025,0.6,0.3274336283185841,0.5162241887905604,0.02654867256637168,C208,C,0
58,0.4,0.14634146341463414,0.8,0.43805309734513276,0.6268436578171092,0.02654867256637168,C208,C,0
59,0.4,0.024390243902439025,0.6,0.35457227138643066,0.5433628318584071,0.02654867256637168,C208,C,0
60,0.4,0.08536585365853659,0.2,0.41002949852507375,0.5988200589970502,0.02654867256637168,C208,C,0
61,0.3684210526315789,0.024390243902439025,0.4,0.38200589970501475,0.5707964601769911,0.02654867256637168,C208,C,0
62,0.5263157894736842,0.32926829268292684,0.2,0.04749262536873156,0.23628318584070795,0.02654867256637168,C208,C,0
63,0.5263157894736842,0.3902439024390244,0.4,0.005309734513274336,0.19410029498525075,0.02654867256637168,C208,C,0
64,0.5263157894736842,0.45121951219512196,1.0,0.004129793510324484,0.1929203539823009,0.02654867256637168,C208,C,0
65,0.5052631578947369,0.32926829268292684,0.2,0.07463126843657818,0.2634218289085546,0.02654867256637168,C208,C,0
66,0.4631578947368421,0.2682926829268293,0.2,0.18613569321533924,0.37492625368731564,0.02654867256637168,C208,C,0
67,0.49473684210526314,0.3902439024390244,0.2,0.10265486725663717,0.2914454277286136,0.02654867256637168,C208,C,0
68,0.49473684210526314,0.45121951219512196,0.2,0.0035398230088495575,0.19233038348082596,0.02654867256637168,C208,C,0
69,0.4421052631578947,0.32926829268292684,0.2,0.15811209439528023,0.34690265486725663,0.02654867256637168,C208,C,0
70,0.47368421052631576,0.3902439024390244,0.2,0.12979351032448377,0.3185840707964602,0.02654867256637168,C208,C,0
71,1.0,0.32926829268292684,0.6,0.6138643067846608,0.8026548672566372,0.02654867256637168,C208,C,0
72,1.0,0.3902439024390244,0.4,0.5858407079646017,0.7746312684365781,0.02654867256637168,C208,C,0
73,0.5578947368421052,0.32926829268292684,0.2,0.020058997050147492,0.2088495575221239,0.02654867256637168,C208,C,0
74,0.968421052631579,0.32926829268292684,0.2,0.6412979351032448,0.8300884955752212,0.02654867256637168,C208,C,0
75,0.5578947368421052,0.3902439024390244,1.0,0.005604719764011799,0.1943952802359882,0.02654867256637168,C208,C,0
76,0.47368421052631576,0.7560975609756098,0.4,0.004424778761061947,0.19321533923303835,0.02654867256637168,C208,C,0
77,0.9473684210526315,0.3902439024390244,0.2,0.5578171091445427,0.7466076696165191,0.02654867256637168,C208,C,0
78,0.7578947368421053,0.5121951219512195,0.2,0.7749262536873156,0.963716814159292,0.02654867256637168,C208,C,0
79,0.8210526315789474,0.45121951219512196,0.4,0.7557522123893805,0.9445427728613569,0.02654867256637168,C208,C,0
80,0.9157894736842105,0.32926829268292684,0.2,0.6985250737463127,0.8873156342182891,0.02654867256637168,C208,C,0
81,0.8947368421052632,0.2682926829268293,0.2,0.6705014749262537,0.8592920353982301,0.02654867256637168,C208,C,0
82,0.8947368421052632,0.3902439024390244,0.6,0.7265486725663717,0.9153392330383481,0.02654867256637168,C208,C,0
83,0.7894736842105263,0.6341463414634146,0.4,0.4970501474926254,0.6858407079646017,0.02654867256637168,C208,C,0
84,0.7578947368421053,0.6341463414634146,0.2,0.4696165191740413,0.6584070796460177,0.02654867256637168,C208,C,0
85,0.7368421052631579,0.6707317073170732,0.4,0.41327433628318583,0.6020648967551623,0.02654867256637168,C208,C,0
86,0.9052631578947369,0.524390243902439,0.6,0.5277286135693215,0.716519174041298,0.02654867256637168,C208,C,0
87,0.6947368421052632,0.6341463414634146,0.2,0.44129793510324483,0.6300884955752213,0.02654867256637168,C208,C,0
88,0.6736842105263158,0.524390243902439,0.4,0.7772861356932154,0.9660766961651918,0.02654867256637168,C208,C,0
89,0.6842105263157895,0.6951219512195121,0.6,0.3852507374631268,0.5740412979351033,0.02654867256637168,C208,C,0
90,0.5894736842105263,0.7439024390243902,0.2,0.32890855457227136,0.5176991150442478,0.02654867256637168,C208,C,0
91,0.631578947368421,0.6341463414634146,0.2,0.7784660766961652,0.9672566371681416,0.02654867256637168,C208,C,0
92,0.631578947368421,0.6951219512195121,0.2,0.3572271386430678,0.5460176991150443,0.02654867256637168,C208,C,0
93,0.7052631578947368,1.0,0.4,0.13392330383480827,0.32271386430678467,0.02654867256637168,C208,C,0
94,0.4421052631578947,0.6707317073170732,0.8,0.002359882005899705,0.1911504424778761,0.02654867256637168,C208,C,0
95,0.6842105263157895,0.9634146341463414,0.2,0.1616519174041298,0.3504424778761062,0.02654867256637168,C208,C,0
96,0.6526315789473685,0.9390243902439024,0.6,0.18908554572271385,0.37787610619469025,0.02654867256637168,C208,C,0
97,0.6526315789473685,0.45121951219512196,0.2,0.7772861356932154,0.9660766961651918,0.02654867256637168,C208,C,0
98,0.631578947368421,1.0,0.6,0.10530973451327434,0.29410029498525075,0.02654867256637168,C208,C,0
99,0.6105263157894737,0.8780487804878049,0.4,0.2176991150442478,0.40648967551622417,0.02654867256637168,C208,C,0
100,0.5789473684210527,0.9390243902439024,0.2,0.04926253687315634,0.23805309734513275,0.02654867256637168,C208,C,0
101,0.5789473684210527,1.0,0.4,0.07728613569321534,0.26607669616519175,0.02654867256637168,C208,C,0
1,0.3684210526315789,0.3902439024390244,0.0,0.0,0.06784660766961652,0.0,R101,R,1
2,0.43157894736842106,0.5609756097560976,0.2,0.04749262536873156,0.050442477876106194,0.0029498525073746312,R101,R,1
3,0.3684210526315789,0.17073170731707318,0.14,0.014749262536873156,0.017699115044247787,0.0029498525073746312,R101,R,1
4,0.5789473684210527,0.5121951219512195,0.26,0.03421828908554572,0.03716814159292035,0.0029498525073746312,R101,R,1
5,0.5789473684210527,0.2073170731707317,0.38,0.043952802359882005,0.046902654867256637,0.0029498525073746312,R101,R,1
6,0.15789473684210525,0.32926829268292684,0.52,0.010029498525073746,0.012979351032448377,0.0029498525073746312,R101,R,1
7,0.2631578947368421,0.32926829268292684,0.06,0.02920353982300885,0.03215339233038348,0.0029498525073746312,R101,R,1
8,0.21052631578947367,0.573170731707317,0.1,0.023893805309734513,0.026843657817109144,0.0029498525073746312,R101,R,1
9,0.10526315789473684,0.4878048780487805,0.18,0.028023598820058997,0.030973451327433628,0.0029498525073746312,R101,R,1
10,0.5789473684210527,0.6951219512195121,0.32,0.028613569321533923,0.031563421828908554,0.0029498525073746312,R101,R,1
11,0.3157894736842105,0.6951219512195121,0.32,0.03657817109144543,0.03952802359882006,0.0029498525073746312,R101,R,1
12,0.21052631578947367,0.7560975609756098,0.24,0.01976401179941003,0.02271386430678466,0.0029498525073746312,R101,R,1
13,0.5263157894736842,0.3902439024390244,0.38,0.018584070796460177,0.021533923303834808,0.0029498525073746312,R101,R,1
14,0.3157894736842105,0.2682926829268293,0.46,0.046902654867256637,0.04985250737463127,0.0029498525073746312,R101,R,1
15,0.15789473684210525,0.08536585365853659,0.4,0.00943952802359882,0.012389380530973451,0.0029498525073746312,R101,R,1
16,0.3157894736842105,0.024390243902439025,0.16,0.01799410029498525,0.02094395280235988,0.0029498525073746312,R101,R,1
17,0.10526315789473684,0.2073170731707317,0.38,0.022123893805309734,0.025073746312684365,0.0029498525073746312,R101,R,1
18,0.05263157894736842,0.32926829268292684,0.04,0.04631268436578171,0.04926253687315634,0.0029498525073746312,R101,R,1
19,0.21052631578947367,0.45121951219512196,0.24,0.02566371681415929,0.028613569321533923,0.0029498525073746312,R101,R,1
20,0.15789473684210525,0.6951219512195121,0.34,0.022418879056047197,0.02536873156342183,0.0029498525073746312,R101,R,1
21,0.47368421052631576,0.7560975609756098,0.18,0.03716814159292035,0.040117994100294985,0.0029498525073746312,R101,R,1
22,0.47368421052631576,0.2073170731707317,0.22,0.018289085545722714,0.021238938053097345,0.0029498525073746312,R101,R,1
23,0.47368421052631576,0.08536585365853659,0.36,0.028613569321533923,0.031563421828908554,0.0029498525073746312,R101,R,1
24,0.5789473684210527,0.024390243902439025,0.58,0.020058997050147492,0.023008849557522124,0.0029498525073746312,R101,R,1
25,0.6842105263157895,0.3902439024390244,0.06,0.04513274336283186,0.04808259587020649,0.0029498525073746312,R101,R,1
26,0.6842105263157895,0.2073170731707317,0.12,0.05073746312684366,0.05368731563421829,0.0029498525073746312,R101,R,1
27,0.47368421052631576,0.32926829268292684,0.34,0.03893805309734513,0.04188790560471976,0.0029498525073746312,R101,R,1
28,0.3684210526315789,0.45121951219512196,0.32,0.010914454277286136,0.013864306784660767,0.0029498525073746312,R101,R,1
29,0.43157894736842106,0.4146341463414634,0.32,0.011504424778761062,0.014454277286135693,0.0029498525073746312,R101,R,1
30,0.6736842105263158,0.47560975609756095,0.18,0.018584070796460177,0.021533923303834808,0.0029498525073746312,R101,R,1
31,0.42105263157894735,0.6951219512195121,0.42,0.02094395280235988,0.023893805309734513,0.0029498525073746312,R101,R,1
32,0.3263157894736842,0.5975609756097561,0.54,0.014749262536873156,0.017699115044247787,0.0029498525073746312,R101,R,1
33,0.3684210526315789,0.8048780487804879,0.46,0.0415929203539823,0.04454277286135693,0.0029498525073746312,R101,R,1
34,0.5578947368421052,0.5975609756097561,0.22,0.010914454277286136,0.013864306784660767,0.0029498525073746312,R101,R,1
35,0.6842105263157895,0.6341463414634146,0.28,0.034513274336283185,0.03746312684365782,0.0029498525073746312,R101,R,1
36,0.6631578947368421,0.7560975609756098,0.16,0.04218289085545723,0.04513274336283186,0.0029498525073746312,R101,R,1
37,0.021052631578947368,0.6951219512195121,0.1,0.012094395280235988,0.01504424778761062,0.0029498525073746312,R101,R,1
38,0.21052631578947367,0.2073170731707317,0.16,0.03952802359882006,0.04247787610619469,0.0029498525073746312,R101,R,1
39,0.05263157894736842,0.024390243902439025,0.32,0.02448377581120944,0.02743362831858407,0.0029498525073746312,R101,R,1
40,0.631578947368421,0.10975609756097561,0.62,0.012979351032448377,0.01592920353982301,0.0029498525073746312,R101,R,1
41,0.42105263157894735,0.2682926829268293,0.18,0.025073746312684365,0.028023598820058997,0.0029498525073746312,R101,R,1
42,0.4421052631578947,0.04878048780487805,0.1,0.028613569321533923,0.031563421828908554,0.0029498525073746312,R101,R,1
43,0.25263157894736843,0.10975609756097561,0.1,0.009144542772861357,0.012094395280235988,0.0029498525073746312,R101,R,1
44,0.24210526315789474,0.0,0.14,0.03893805309734513,0.04188790560471976,0.0029498525073746312,R101,R,1
45,0.11578947368421053,0.13414634146341464,0.36,0.020353982300884955,0.023303834808259587,0.0029498525073746312,R101,R,1
46,0.06315789473684211,0.4268292682926829,0.32,0.00943952802359882,0.012389380530973451,0.0029498525073746312,R101,R,1
47,0.021052631578947368,0.5487804878048781,0.02,0.034513274336283185,0.03746312684365782,0.0029498525073746312,R101,R,1
48,0.08421052631578947,0.6463414634146342,0.54,0.01504424778761062,0.01799410029498525,0.0029498525073746312,R101,R,1
49,0.1368421052631579,0.5975609756097561,0.72,0.048672566371681415,0.051622418879056046,0.0029498525073746312,R101,R,1
50,0.06315789473684211,0.7926829268292683,0.6,0.03185840707964602,0.03480825958702065,0.0029498525073746312,R101,R,1
51,0.49473684210526314,0.5365853658536586,0.26,0.03657817109144543,0.03952802359882006,0.0029498525073746312,R101,R,1
52,0.5157894736842106,0.6707317073170732,0.2,0.025958702064896755,0.028908554572271386,0.0029498525073746312,R101,R,1
53,0.28421052631578947,0.4878048780487805,0.18,0.015339233038348082,0.018289085545722714,0.0029498525073746312,R101,R,1
54,0.3894736842105263,0.34146341463414637,0.28,0.028023598820058997,0.030973451327433628,0.0029498525073746312,R101,R,1
55,0.6,0.3170731707317073,0.36,0.04129793510324484,0.04424778761061947,0.0029498525073746312,R101,R,1
56,0.6631578947368421,0.24390243902439024,0.04,0.040117994100294985,0.043067846607669616,0.0029498525073746312,R101,R,1
57,0.5578947368421052,0.10975609756097561,0.12,0.038348082595870206,0.04129793510324484,0.0029498525073746312,R101,R,1
58,0.3368421052631579,0.10975609756097561,0.14,0.029793510324483775,0.03274336283185841,0.0029498525073746312,R101,R,1
59,0.37894736842105264,0.2804878048780488,0.36,0.058997050147492625,0.061946902654867256,0.0029498525073746312,R101,R,1
60,0.22105263157894736,0.25609756097560976,0.56,0.005309734513274336,0.008259587020648967,0.0029498525073746312,R101,R,1
61,0.17894736842105263,0.3780487804878049,0.06,0.047787610619469026,0.05073746312684366,0.0029498525073746312,R101,R,1
62,0.12631578947368421,0.25609756097560976,0.26,0.022418879056047197,0.02536873156342183,0.0029498525073746312,R101,R,1
63,0.25263157894736843,0.6707317073170732,0.38,0.01710914454277286,0.020058997050147492,0.0029498525073746312,R101,R,1
64,0.28421052631578947,0.8048780487804879,0.2,0.010029498525073746,0.012979351032448377,0.0029498525073746312,R101,R,1
65,0.15789473684210525,0.9024390243902439,0.18,0.021533923303834808,0.02448377581120944,0.0029498525073746312,R101,R,1
66,0.6526315789473685,0.9024390243902439,0.4,0.01504424778761062,0.01799410029498525,0.0029498525073746312,R101,R,1
67,0.5157894736842106,0.8536585365853658,0.5,0.03746312684365782,0.04041297935103245,0.0029498525073746312,R101,R,1
68,0.7052631578947368,0.024390243902439025,0.5,0.02448377581120944,0.02743362831858407,0.0029498525073746312,R101,R,1
69,0.5894736842105263,0.43902439024390244,0.72,0.04188790560471976,0.044837758112094395,0.0029498525073746312,R101,R,1
70,0.3894736842105263,0.5365853658536586,0.12,0.014749262536873156,0.017699115044247787,0.0029498525073746312,R101,R,1
71,0.3894736842105263,0.6463414634146342,0.1,0.05368731563421829,0.05663716814159292,0.0029498525073746312,R101,R,1
72,0.6,0.7926829268292683,0.3,0.02271386430678466,0.02566371681415929,0.0029498525073746312,R101,R,1
73,0.49473684210526314,0.15853658536585366,0.5,0.01032448377581121,0.01327433628318584,0.0029498525073746312,R101,R,1
74,0.4631578947368421,0.17073170731707318,0.18,0.023008849557522124,0.025958702064896755,0.0029498525073746312,R101,R,1
75,0.4842105263157895,0.12195121951219512,0.16,0.043952802359882005,0.046902654867256637,0.0029498525073746312,R101,R,1
76,0.5157894736842106,0.0975609756097561,0.36,0.020353982300884955,0.023303834808259587,0.0029498525073746312,R101,R,1
77,0.5157894736842106,0.47560975609756095,0.26,0.021533923303834808,0.02448377581120944,0.0029498525073746312,R101,R,1
78,0.5578947368421052,0.4878048780487805,0.28,0.0528023598820059,0.05575221238938053,0.0029498525073746312,R101,R,1
79,0.6421052631578947,0.5975609756097561,0.06,0.02831858407079646,0.03126843657817109,0.0029498525073746312,R101,R,1
80,0.6,0.5487804878048781,0.46,0.027138643067846607,0.03008849557522124,0.0029498525073746312,R101,R,1
81,0.5894736842105263,0.4146341463414634,0.12,0.05368731563421829,0.05663716814159292,0.0029498525073746312,R101,R,1
82,0.5789473684210527,0.6219512195121951,0.52,0.027728613569321534,0.030678466076696165,0.0029498525073746312,R101,R,1
83,0.15789473684210525,0.5365853658536586,0.32,0.016224188790560472,0.019174041297935103,0.0029498525073746312,R101,R,1
84,0.14736842105263157,0.4146341463414634,0.22,0.012979351032448377,0.01592920353982301,0.0029498525073746312,R101,R,1
85,0.11578947368421053,0.34146341463414637,0.14,0.029793510324483775,0.03274336283185841,0.0029498525073746312,R101,R,1
86,0.16842105263157894,0.23170731707317074,0.82,0.026843657817109144,0.029793510324483775,0.0029498525073746312,R101,R,1
87,0.042105263157894736,0.18292682926829268,0.7,0.027728613569321534,0.030678466076696165,0.0029498525073746312,R101,R,1
88,0.29473684210526313,0.18292682926829268,0.52,0.02743362831858407,0.0303834808259587,0.0029498525073746312,R101,R,1
89,0.2736842105263158,0.5975609756097561,0.18,0.02182890855457227,0.024778761061946902,0.0029498525073746312,R101,R,1
90,0.2736842105263158,0.3902439024390244,0.3,0.05191740412979351,0.05486725663716814,0.0029498525073746312,R101,R,1
91,0.3263157894736842,0.7804878048780488,0.06,0.028023598820058997,0.030973451327433628,0.0029498525073746312,R101,R,1
92,0.15789473684210525,0.1951219512195122,0.02,0.0471976401179941,0.05014749262536873,0.0029498525073746312,R101,R,1
93,0.23157894736842105,0.23170731707317074,0.04,0.005309734513274336,0.008259587020648967,0.0029498525073746312,R101,R,1
94,0.18947368421052632,0.25609756097560976,0.44,0.05545722713864307,0.0584070796460177,0.0029498525073746312,R101,R,1
95,0.2736842105263158,0.2926829268292683,0.54,0.029498525073746312,0.032448377581120944,0.0029498525073746312,R101,R,1
96,0.2631578947368421,0.25609756097560976,0.4,0.011504424778761062,0.014454277286135693,0.0029498525073746312,R101,R,1
97,0.23157894736842105,0.2926829268292683,0.22,0.03982300884955752,0.04277286135693215,0.0029498525073746312,R101,R,1
98,0.2631578947368421,0.21951219512195122,0.24,0.039233038348082595,0.04218289085545723,0.0029498525073746312,R101,R,1
99,0.2,0.21951219512195122,0.2,0.01710914454277286,0.020058997050147492,0.0029498525073746312,R101,R,1
100,0.21052631578947367,0.2804878048780488,0.18,0.02448377581120944,0.02743362831858407,0.0029498525073746312,R101,R,1
101,0.18947368421052632,0.18292682926829268,0.34,0.05457227138643068,0.05752212389380531,0.0029498525073746312,R101,R,1
1,0.3684210526315789,0.3902439024390244,0.0,0.0,0.06784660766961652,0.0,R102,R,1
2,0.43157894736842106,0.5609756097560976,0.2,0.0,0.06017699115044248,0.0029498525073746312,R102,R,1
3,0.3684210526315789,0.17073170731707318,0.14,0.0,0.05958702064896755,0.0029498525073746312,R102,R,1
4,0.5789473684210527,0.5121951219512195,0.26,0.0,0.058112094395280235,0.0029498525073746312,R102,R,1
5,0.5789473684210527,0.2073170731707317,0.38,0.043952802359882005,0.046902654867256637,0.0029498525073746312,R102,R,1
6,0.15789473684210525,0.32926829268292684,0.52,0.0,0.05870206489675516,0.0029498525073746312,R102,R,1
7,0.2631578947368421,0.32926829268292684,0.06,0.02920353982300885,0.03215339233038348,0.0029498525073746312,R102,R,1
8,0.21052631578947367,0.573170731707317,0.1,0.0,0.0584070796460177,0.0029498525073746312,R102,R,1
9,0.10526315789473684,0.4878048780487805,0.18,0.028023598820058997,0.030973451327433628,0.0029498525073746312,R102,R,1
10,0.5789473684210527,0.6951219512195121,0.32,0.028613569321533923,0.031563421828908554,0.0029498525073746312,R102,R,1
11,0.3157894736842105,0.6951219512195121,0.32,0.03657817109144543,0.03952802359882006,0.0029498525073746312,R102,R,1
12,0.21052631578947367,0.7560975609756098,0.24,0.01976401179941003,0.02271386430678466,0.0029498525073746312,R102,R,1
13,0.5263157894736842,0.3902439024390244,0.38,0.0,0.06047197640117994,0.0029498525073746312,R102,R,1
14,0.3157894736842105,0.2682926829268293,0.46,0.046902654867256637,0.04985250737463127,0.0029498525073746312,R102,R,1
15,0.15789473684210525,0.08536585365853659,0.4,0.00943952802359882,0.012389380530973451,0.0029498525073746312,R102,R,1
16,0.3157894736842105,0.024390243902439025,0.16,0.01799410029498525,0.02094395280235988,0.0029498525073746312,R102,R,1
17,0.10526315789473684,0.2073170731707317,0.38,0.022123893805309734,0.025073746312684365,0.0029498525073746312,R102,R,1
18,0.05263157894736842,0.32926829268292684,0.04,0.04631268436578171,0.04926253687315634,0.0029498525073746312,R102,R,1
19,0.21052631578947367,0.45121951219512196,0.24,0.02566371681415929,0.028613569321533923,0.0029498525073746312,R102,R,1
20,0.15789473684210525,0.6951219512195121,0.34,0.022418879056047197,0.02536873156342183,0.0029498525073746312,R102,R,1
21,0.47368421052631576,0.7560975609756098,0.18,0.03716814159292035,0.040117994100294985,0.0029498525073746312,R102,R,1
22,0.47368421052631576,0.2073170731707317,0.22,0.0,0.05929203539823009,0.0029498525073746312,R102,R,1
23,0.47368421052631576,0.08536585365853659,0.36,0.028613569321533923,0.031563421828908554,0.0029498525073746312,R102,R,1
24,0.5789473684210527,0.024390243902439025,0.58,0.020058997050147492,0.023008849557522124,0.0029498525073746312,R102,R,1
25,0.6842105263157895,0.3902439024390244,0.06,0.04513274336283186,0.04808259587020649,0.0029498525073746312,R102,R,1
26,0.6842105263157895,0.2073170731707317,0.12,0.05073746312684366,0.05368731563421829,0.0029498525073746312,R102,R,1
27,0.47368421052631576,0.32926829268292684,0.34,0.0,0.06135693215339233,0.0029498525073746312,R102,R,1
28,0.3684210526315789,0.45121951219512196,0.32,0.010914454277286136,0.013864306784660767,0.0029498525073746312,R102,R,1
29,0.43157894736842106,0.4146341463414634,0.32,0.011504424778761062,0.014454277286135693,0.0029498525073746312,R102,R,1
30,0.6736842105263158,0.47560975609756095,0.18,0.018584070796460177,0.021533923303834808,0.0029498525073746312,R102,R,1
31,0.42105263157894735,0.6951219512195121,0.42,0.02094395280235988,0.023893805309734513,0.0029498525073746312,R102,R,1
32,0.3263157894736842,0.5975609756097561,0.54,0.0,0.05958702064896755,0.0029498525073746312,R102,R,1
33,0.3684210526315789,0.8048780487804879,0.46,0.0415929203539823,0.04454277286135693,0.0029498525073746312,R102,R,1
34,0.5578947368421052,0.5975609756097561,0.22,0.010914454277286136,0.013864306784660767,0.0029498525073746312,R102,R,1
35,0.6842105263157895,0.6341463414634146,0.28,0.0,0.05398230088495575,0.0029498525073746312,R102,R,1
36,0.6631578947368421,0.7560975609756098,0.16,0.04218289085545723,0.04513274336283186,0.0029498525073746312,R102,R,1
37,0.021052631578947368,0.6951219512195121,0.1,0.012094395280235988,0.01504424778761062,0.0029498525073746312,R102,R,1
38,0.21052631578947367,0.2073170731707317,0.16,0.0,0.0584070796460177,0.0029498525073746312,R102,R,1
39,0.05263157894736842,0.024390243902439025,0.32,0.02448377581120944,0.02743362831858407,0.0029498525073746312,R102,R,1
40,0.631578947368421,0.10975609756097561,0.62,0.012979351032448377,0.01592920353982301,0.0029498525073746312,R102,R,1
41,0.42105263157894735,0.2682926829268293,0.18,0.025073746312684365,0.028023598820058997,0.0029498525073746312,R102,R,1
42,0.4421052631578947,0.04878048780487805,0.1,0.028613569321533923,0.031563421828908554,0.0029498525073746312,R102,R,1
43,0.25263157894736843,0.10975609756097561,0.1,0.009144542772861357,0.012094395280235988,0.0029498525073746312,R102,R,1
44,0.24210526315789474,0.0,0.14,0.03893805309734513,0.04188790560471976,0.0029498525073746312,R102,R,1
45,0.11578947368421053,0.13414634146341464,0.36,0.020353982300884955,0.023303834808259587,0.0029498525073746312,R102,R,1
46,0.06315789473684211,0.4268292682926829,0.32,0.00943952802359882,0.012389380530973451,0.0029498525073746312,R102,R,1
47,0.021052631578947368,0.5487804878048781,0.02,0.034513274336283185,0.03746312684365782,0.0029498525073746312,R102,R,1
48,0.08421052631578947,0.6463414634146342,0.54,0.01504424778761062,0.01799410029498525,0.0029498525073746312,R102,R,1
49,0.1368421052631579,0.5975609756097561,0.72,0.0,0.05663716814159292,0.0029498525073746312,R102,R,1
50,0.06315789473684211,0.7926829268292683,0.6,0.03185840707964602,0.03480825958702065,0.0029498525073746312,R102,R,1
51,0.49473684210526314,0.5365853658536586,0.26,0.0,0.059882005899705014,0.0029498525073746312,R102,R,1
52,0.5157894736842106,0.6707317073170732,0.2,0.025958702064896755,0.028908554572271386,0.0029498525073746312,R102,R,1
53,0.28421052631578947,0.4878048780487805,0.18,0.0,0.06135693215339233,0.0029498525073746312,R102,R,1
54,0.3894736842105263,0.34146341463414637,0.28,0.028023598820058997,0.030973451327433628,0.0029498525073746312,R102,R,1
55,0.6,0.3170731707317073,0.36,0.04129793510324484,0.04424778761061947,0.0029498525073746312,R102,R,1
56,0.6631578947368421,0.24390243902439024,0.04,0.040117994100294985,0.043067846607669616,0.0029498525073746312,R102,R,1
57,0.5578947368421052,0.10975609756097561,0.12,0.038348082595870206,0.04129793510324484,0.0029498525073746312,R102,R,1
58,0.3368421052631579,0.10975609756097561,0.14,0.029793510324483775,0.03274336283185841,0.0029498525073746312,R102,R,1
59,0.37894736842105264,0.2804878048780488,0.36,0.058997050147492625,0.061946902654867256,0.0029498525073746312,R102,R,1
60,0.22105263157894736,0.25609756097560976,0.56,0.0,0.05958702064896755,0.0029498525073746312,R102,R,1
61,0.17894736842105263,0.3780487804878049,0.06,0.047787610619469026,0.05073746312684366,0.0029498525073746312,R102,R,1
62,0.12631578947368421,0.25609756097560976,0.26,0.022418879056047197,0.02536873156342183,0.0029498525073746312,R102,R,1
63,0.25263157894736843,0.6707317073170732,0.38,0.01710914454277286,0.020058997050147492,0.0029498525073746312,R102,R,1
64,0.28421052631578947,0.8048780487804879,0.2,0.010029498525073746,0.012979351032448377,0.0029498525073746312,R102,R,1
65,0.15789473684210525,0.9024390243902439,0.18,0.021533923303834808,0.02448377581120944,0.0029498525073746312,R102,R,1
66,0.6526315789473685,0.9024390243902439,0.4,0.01504424778761062,0.01799410029498525,0.0029498525073746312,R102,R,1
67,0.5157894736842106,0.8536585365853658,0.5,0.03746312684365782,0.04041297935103245,0.0029498525073746312,R102,R,1
68,0.7052631578947368,0.024390243902439025,0.5,0.02448377581120944,0.02743362831858407,0.0029498525073746312,R102,R,1
69,0.5894736842105263,0.43902439024390244,0.72,0.04188790560471976,0.044837758112094395,0.0029498525073746312,R102,R,1
70,0.3894736842105263,0.5365853658536586,0.12,0.014749262536873156,0.017699115044247787,0.0029498525073746312,R102,R,1
71,0.3894736842105263,0.6463414634146342,0.1,0.05368731563421829,0.05663716814159292,0.0029498525073746312,R102,R,1
72,0.6,0.7926829268292683,0.3,0.02271386430678466,0.02566371681415929,0.0029498525073746312,R102,R,1
73,0.49473684210526314,0.15853658536585366,0.5,0.0,0.058112094395280235,0.0029498525073746312,R102,R,1
74,0.4631578947368421,0.17073170731707318,0.18,0.023008849557522124,0.025958702064896755,0.0029498525073746312,R102,R,1
75,0.4842105263157895,0.12195121951219512,0.16,0.043952802359882005,0.046902654867256637,0.0029498525073746312,R102,R,1
76,0.5157894736842106,0.0975609756097561,0.36,0.0,0.05663716814159292,0.0029498525073746312,R102,R,1
77,0.5157894736842106,0.47560975609756095,0.26,0.021533923303834808,0.02448377581120944,0.0029498525073746312,R102,R,1
78,0.5578947368421052,0.4878048780487805,0.28,0.0528023598820059,0.05575221238938053,0.0029498525073746312,R102,R,1
79,0.6421052631578947,0.5975609756097561,0.06,0.02831858407079646,0.03126843657817109,0.0029498525073746312,R102,R,1
80,0.6,0.5487804878048781,0.46,0.027138643067846607,0.03008849557522124,0.0029498525073746312,R102,R,1
81,0.5894736842105263,0.4146341463414634,0.12,0.05368731563421829,0.05663716814159292,0.0029498525073746312,R102,R,1
82,0.5789473684210527,0.6219512195121951,0.52,0.027728613569321534,0.030678466076696165,0.0029498525073746312,R102,R,1
83,0.15789473684210525,0.5365853658536586,0.32,0.0,0.05781710914454277,0.0029498525073746312,R102,R,1
84,0.14736842105263157,0.4146341463414634,0.22,0.0,0.0584070796460177,0.0029498525073746312,R102,R,1
85,0.11578947368421053,0.34146341463414637,0.14,0.029793510324483775,0.03274336283185841,0.0029498525073746312,R102,R,1
86,0.16842105263157894,0.23170731707317074,0.82,0.0,0.05781710914454277,0.0029498525073746312,R102,R,1
87,0.042105263157894736,0.18292682926829268,0.7,0.027728613569321534,0.030678466076696165,0.0029498525073746312,R102,R,1
88,0.29473684210526313,0.18292682926829268,0.52,0.02743362831858407,0.0303834808259587,0.0029498525073746312,R102,R,1
89,0.2736842105263158,0.5975609756097561,0.18,0.02182890855457227,0.024778761061946902,0.0029498525073746312,R102,R,1
90,0.2736842105263158,0.3902439024390244,0.3,0.05191740412979351,0.05486725663716814,0.0029498525073746312,R102,R,1
91,0.3263157894736842,0.7804878048780488,0.06,0.028023598820058997,0.030973451327433628,0.0029498525073746312,R102,R,1
92,0.15789473684210525,0.1951219512195122,0.02,0.0,0.057227138643067846,0.0029498525073746312,R102,R,1
93,0.23157894736842105,0.23170731707317074,0.04,0.005309734513274336,0.008259587020648967,0.0029498525073746312,R102,R,1
94,0.18947368421052632,0.25609756097560976,0.44,0.05545722713864307,0.0584070796460177,0.0029498525073746312,R102,R,1
95,0.2736842105263158,0.2926829268292683,0.54,0.0,0.061061946902654866,0.0029498525073746312,R102,R,1
96,0.2631578947368421,0.25609756097560976,0.4,0.0,0.06047197640117994,0.0029498525073746312,R102,R,1
97,0.23157894736842105,0.2926829268292683,0.22,0.0,0.06017699115044248,0.0029498525073746312,R102,R,1
98,0.2631578947368421,0.21951219512195122,0.24,0.039233038348082595,0.04218289085545723,0.0029498525073746312,R102,R,1
99,0.2,0.21951219512195122,0.2,0.0,0.0584070796460177,0.0029498525073746312,R102,R,1
100,0.21052631578947367,0.2804878048780488,0.18,0.02448377581120944,0.02743362831858407,0.0029498525073746312,R102,R,1
101,0.18947368421052632,0.18292682926829268,0.34,0.05457227138643068,0.05752212389380531,0.0029498525073746312,R102,R,1
1,0.3684210526315789,0.3902439024390244,0.0,0.0,0.06784660766961652,0.0,R103,R,1
2,0.43157894736842106,0.5609756097560976,0.2,0.0,0.06017699115044248,0.0029498525073746312,R103,R,1
3,0.3684210526315789,0.17073170731707318,0.14,0.0,0.05958702064896755,0.0029498525073746312,R103,R,1
4,0.5789473684210527,0.5121951219512195,0.26,0.0,0.058112094395280235,0.0029498525073746312,R103,R,1
5,0.5789473684210527,0.2073170731707317,0.38,0.043952802359882005,0.046902654867256637,0.0029498525073746312,R103,R,1
6,0.15789473684210525,0.32926829268292684,0.52,0.0,0.05870206489675516,0.0029498525073746312,R103,R,1
7,0.2631578947368421,0.32926829268292684,0.06,0.02920353982300885,0.03215339233038348,0.0029498525073746312,R103,R,1
8,0.21052631578947367,0.573170731707317,0.1,0.0,0.0584070796460177,0.0029498525073746312,R103,R,1
9,0.10526315789473684,0.4878048780487805,0.18,0.028023598820058997,0.030973451327433628,0.0029498525073746312,R103,R,1
10,0.5789473684210527,0.6951219512195121,0.32,0.028613569321533923,0.031563421828908554,0.0029498525073746312,R103,R,1
11,0.3157894736842105,0.6951219512195121,0.32,0.03657817109144543,0.03952802359882006,0.0029498525073746312,R103,R,1
12,0.21052631578947367,0.7560975609756098,0.24,0.01976401179941003,0.02271386430678466,0.0029498525073746312,R103,R,1
13,0.5263157894736842,0.3902439024390244,0.38,0.0,0.06047197640117994,0.0029498525073746312,R103,R,1
14,0.3157894736842105,0.2682926829268293,0.46,0.046902654867256637,0.04985250737463127,0.0029498525073746312,R103,R,1
15,0.15789473684210525,0.08536585365853659,0.4,0.0,0.055162241887905604,0.0029498525073746312,R103,R,1
16,0.3157894736842105,0.024390243902439025,0.16,0.01799410029498525,0.02094395280235988,0.0029498525073746312,R103,R,1
17,0.10526315789473684,0.2073170731707317,0.38,0.0,0.05604719764011799,0.0029498525073746312,R103,R,1
18,0.05263157894736842,0.32926829268292684,0.04,0.04631268436578171,0.04926253687315634,0.0029498525073746312,R103,R,1
19,0.21052631578947367,0.45121951219512196,0.24,0.0,0.06017699115044248,0.0029498525073746312,R103,R,1
20,0.15789473684210525,0.6951219512195121,0.34,0.0,0.055162241887905604,0.0029498525073746312,R103,R,1
21,0.47368421052631576,0.7560975609756098,0.18,0.0,0.05545722713864307,0.0029498525073746312,R103,R,1
22,0.47368421052631576,0.2073170731707317,0.22,0.0,0.05929203539823009,0.0029498525073746312,R103,R,1
23,0.47368421052631576,0.08536585365853659,0.36,0.028613569321533923,0.031563421828908554,0.0029498525073746312,R103,R,1
24,0.5789473684210527,0.024390243902439025,0.58,0.020058997050147492,0.023008849557522124,0.0029498525073746312,R103,R,1
25,0.6842105263157895,0.3902439024390244,0.06,0.0,0.05604719764011799,0.0029498525073746312,R103,R,1
26,0.6842105263157895,0.2073170731707317,0.12,0.05073746312684366,0.05368731563421829,0.0029498525073746312,R103,R,1
27,0.47368421052631576,0.32926829268292684,0.34,0.0,0.06135693215339233,0.0029498525073746312,R103,R,1
28,0.3684210526315789,0.45121951219512196,0.32,0.010914454277286136,0.013864306784660767,0.0029498525073746312,R103,R,1
29,0.43157894736842106,0.4146341463414634,0.32,0.0,0.06283185840707965,0.0029498525073746312,R103,R,1
30,0.6736842105263158,0.47560975609756095,0.18,0.0,0.05604719764011799,0.0029498525073746312,R103,R,1
31,0.42105263157894735,0.6951219512195121,0.42,0.02094395280235988,0.023893805309734513,0.0029498525073746312,R103,R,1
32,0.3263157894736842,0.5975609756097561,0.54,0.0,0.05958702064896755,0.0029498525073746312,R103,R,1
33,0.3684210526315789,0.8048780487804879,0.46,0.0,0.05486725663716814,0.0029498525073746312,R103,R,1
34,0.5578947368421052,0.5975609756097561,0.22,0.010914454277286136,0.013864306784660767,0.0029498525073746312,R103,R,1
35,0.6842105263157895,0.6341463414634146,0.28,0.0,0.05398230088495575,0.0029498525073746312,R103,R,1
36,0.6631578947368421,0.7560975609756098,0.16,0.04218289085545723,0.04513274336283186,0.0029498525073746312,R103,R,1
37,0.021052631578947368,0.6951219512195121,0.1,0.012094395280235988,0.01504424778761062,0.0029498525073746312,R103,R,1
38,0.21052631578947367,0.2073170731707317,0.16,0.0,0.0584070796460177,0.0029498525073746312,R103,R,1
39,0.05263157894736842,0.024390243902439025,0.32,0.02448377581120944,0.02743362831858407,0.0029498525073746312,R103,R,1
40,0.631578947368421,0.10975609756097561,0.62,0.012979351032448377,0.01592920353982301,0.0029498525073746312,R103,R,1
41,0.42105263157894735,0.2682926829268293,0.18,0.025073746312684365,0.028023598820058997,0.0029498525073746312,R103,R,1
42,0.4421052631578947,0.04878048780487805,0.1,0.028613569321533923,0.031563421828908554,0.0029498525073746312,R103,R,1
43,0.25263157894736843,0.10975609756097561,0.1,0.009144542772861357,0.012094395280235988,0.0029498525073746312,R103,R,1
44,0.24210526315789474,0.0,0.14,0.0,0.05457227138643068,0.0029498525073746312,R103,R,1
45,0.11578947368421053,0.13414634146341464,0.36,0.020353982300884955,0.023303834808259587,0.0029498525073746312,R103,R,1
46,0.06315789473684211,0.4268292682926829,0.32,0.00943952802359882,0.012389380530973451,0.0029498525073746312,R103,R,1
47,0.021052631578947368,0.5487804878048781,0.02,0.0,0.054277286135693215,0.0029498525073746312,R103,R,1
48,0.08421052631578947,0.6463414634146342,0.54,0.0,0.05457227138643068,0.0029498525073746312,R103,R,1
49,0.1368421052631579,0.5975609756097561,0.72,0.0,0.05663716814159292,0.0029498525073746312,R103,R,1
50,0.06315789473684211,0.7926829268292683,0.6,0.03185840707964602,0.03480825958702065,0.0029498525073746312,R103,R,1
51,0.49473684210526314,0.5365853658536586,0.26,0.0,0.059882005899705014,0.0029498525073746312,R103,R,1
52,0.5157894736842106,0.6707317073170732,0.2,0.0,0.05693215339233038,0.0029498525073746312,R103,R,1
53,0.28421052631578947,0.4878048780487805,0.18,0.0,0.06135693215339233,0.0029498525073746312,R103,R,1
54,0.3894736842105263,0.34146341463414637,0.28,0.028023598820058997,0.030973451327433628,0.0029498525073746312,R103,R,1
55,0.6,0.3170731707317073,0.36,0.0,0.058112094395280235,0.0029498525073746312,R103,R,1
56,0.6631578947368421,0.24390243902439024,0.04,0.040117994100294985,0.043067846607669616,0.0029498525073746312,R103,R,1
57,0.5578947368421052,0.10975609756097561,0.12,0.038348082595870206,0.04129793510324484,0.0029498525073746312,R103,R,1
58,0.3368421052631579,0.10975609756097561,0.14,0.0,0.05781710914454277,0.0029498525073746312,R103,R,1
59,0.37894736842105264,0.2804878048780488,0.36,0.058997050147492625,0.061946902654867256,0.0029498525073746312,R103,R,1
60,0.22105263157894736,0.25609756097560976,0.56,0.0,0.05958702064896755,0.0029498525073746312,R103,R,1
61,0.17894736842105263,0.3780487804878049,0.06,0.0,0.05929203539823009,0.0029498525073746312,R103,R,1
62,0.12631578947368421,0.25609756097560976,0.26,0.0,0.057227138643067846,0.0029498525073746312,R103,R,1
63,0.25263157894736843,0.6707317073170732,0.38,0.01710914454277286,0.020058997050147492,0.0029498525073746312,R103,R,1
64,0.28421052631578947,0.8048780487804879,0.2,0.0,0.05457227138643068,0.0029498525073746312,R103,R,1
65,0.15789473684210525,0.9024390243902439,0.18,0.021533923303834808,0.02448377581120944,0.0029498525073746312,R103,R,1
66,0.6526315789473685,0.9024390243902439,0.4,0.01504424778761062,0.01799410029498525,0.0029498525073746312,R103,R,1
67,0.5157894736842106,0.8536585365853658,0.5,0.03746312684365782,0.04041297935103245,0.0029498525073746312,R103,R,1
68,0.7052631578947368,0.024390243902439025,0.5,0.02448377581120944,0.02743362831858407,0.0029498525073746312,R103,R,1
69,0.5894736842105263,0.43902439024390244,0.72,0.04188790560471976,0.044837758112094395,0.0029498525073746312,R103,R,1
70,0.3894736842105263,0.5365853658536586,0.12,0.014749262536873156,0.017699115044247787,0.0029498525073746312,R103,R,1
71,0.3894736842105263,0.6463414634146342,0.1,0.05368731563421829,0.05663716814159292,0.0029498525073746312,R103,R,1
72,0.6,0.7926829268292683,0.3,0.0,0.05309734513274336,0.0029498525073746312,R103,R,1
73,0.49473684210526314,0.15853658536585366,0.5,0.0,0.058112094395280235,0.0029498525073746312,R103,R,1
74,0.4631578947368421,0.17073170731707318,0.18,0.0,0.05870206489675516,0.0029498525073746312,R103,R,1
75,0.4842105263157895,0.12195121951219512,0.16,0.043952802359882005,0.046902654867256637,0.0029498525073746312,R103,R,1
76,0.5157894736842106,0.0975609756097561,0.36,0.0,0.05663716814159292,0.0029498525073746312,R103,R,1
77,0.5157894736842106,0.47560975609756095,0.26,0.021533923303834808,0.02448377581120944,0.0029498525073746312,R103,R,1
78,0.5578947368421052,0.4878048780487805,0.28,0.0528023598820059,0.05575221238938053,0.0029498525073746312,R103,R,1
79,0.6421052631578947,0.5975609756097561,0.06,0.02831858407079646,0.03126843657817109,0.0029498525073746312,R103,R,1
80,0.6,0.5487804878048781,0.46,0.027138643067846607,0.03008849557522124,0.0029498525073746312,R103,R,1
81,0.5894736842105263,0.4146341463414634,0.12,0.05368731563421829,0.05663716814159292,0.0029498525073746312,R103,R,1
82,0.5789473684210527,0.6219512195121951,0.52,0.0,0.05663716814159292,0.0029498525073746312,R103,R,1
83,0.15789473684210525,0.5365853658536586,0.32,0.0,0.05781710914454277,0.0029498525073746312,R103,R,1
84,0.14736842105263157,0.4146341463414634,0.22,0.0,0.0584070796460177,0.0029498525073746312,R103,R,1
85,0.11578947368421053,0.34146341463414637,0.14,0.029793510324483775,0.03274336283185841,0.0029498525073746312,R103,R,1
86,0.16842105263157894,0.23170731707317074,0.82,0.0,0.05781710914454277,0.0029498525073746312,R103,R,1
87,0.042105263157894736,0.18292682926829268,0.7,0.0,0.054277286135693215,0.0029498525073746312,R103,R,1
88,0.29473684210526313,0.18292682926829268,0.52,0.02743362831858407,0.0303834808259587,0.0029498525073746312,R103,R,1
89,0.2736842105263158,0.5975609756097561,0.18,0.02182890855457227,0.024778761061946902,0.0029498525073746312,R103,R,1
90,0.2736842105263158,0.3902439024390244,0.3,0.0,0.06224188790560472,0.0029498525073746312,R103,R,1
91,0.3263157894736842,0.7804878048780488,0.06,0.0,0.055162241887905604,0.0029498525073746312,R103,R,1
92,0.15789473684210525,0.1951219512195122,0.02,0.0,0.057227138643067846,0.0029498525073746312,R103,R,1
93,0.23157894736842105,0.23170731707317074,0.04,0.005309734513274336,0.008259587020648967,0.0029498525073746312,R103,R,1
94,0.18947368421052632,0.25609756097560976,0.44,0.05545722713864307,0.0584070796460177,0.0029498525073746312,R103,R,1
95,0.2736842105263158,0.2926829268292683,0.54,0.0,0.061061946902654866,0.0029498525073746312,R103,R,1
96,0.2631578947368421,0.25609756097560976,0.4,0.0,0.06047197640117994,0.0029498525073746312,R103,R,1
97,0.23157894736842105,0.2926829268292683,0.22,0.0,0.06017699115044248,0.0029498525073746312,R103,R,1
98,0.2631578947368421,0.21951219512195122,0.24,0.0,0.05958702064896755,0.0029498525073746312,R103,R,1
99,0.2,0.21951219512195122,0.2,0.0,0.0584070796460177,0.0029498525073746312,R103,R,1
100,0.21052631578947367,0.2804878048780488,0.18,0.02448377581120944,0.02743362831858407,0.0029498525073746312,R103,R,1
101,0.18947368421052632,0.18292682926829268,0.34,0.05457227138643068,0.05752212389380531,0.0029498525073746312,R103,R,1
1,0.3684210526315789,0.3902439024390244,0.0,0.0,0.06784660766961652,0.0,R104,R,1
2,0.43157894736842106,0.5609756097560976,0.2,0.0,0.06017699115044248,0.0029498525073746312,R104,R,1
3,0.3684210526315789,0.17073170731707318,0.14,0.0,0.05958702064896755,0.0029498525073746312,R104,R,1
4,0.5789473684210527,0.5121951219512195,0.26,0.0,0.058112094395280235,0.0029498525073746312,R104,R,1
5,0.5789473684210527,0.2073170731707317,0.38,0.043952802359882005,0.046902654867256637,0.0029498525073746312,R104,R,1
6,0.15789473684210525,0.32926829268292684,0.52,0.0,0.05870206489675516,0.0029498525073746312,R104,R,1
7,0.2631578947368421,0.32926829268292684,0.06,0.0,0.06135693215339233,0.0029498525073746312,R104,R,1
8,0.21052631578947367,0.573170731707317,0.1,0.0,0.0584070796460177,0.0029498525073746312,R104,R,1
9,0.10526315789473684,0.4878048780487805,0.18,0.028023598820058997,0.030973451327433628,0.0029498525073746312,R104,R,1
10,0.5789473684210527,0.6951219512195121,0.32,0.028613569321533923,0.031563421828908554,0.0029498525073746312,R104,R,1
11,0.3157894736842105,0.6951219512195121,0.32,0.0,0.057227138643067846,0.0029498525073746312,R104,R,1
12,0.21052631578947367,0.7560975609756098,0.24,0.01976401179941003,0.02271386430678466,0.0029498525073746312,R104,R,1
13,0.5263157894736842,0.3902439024390244,0.38,0.0,0.06047197640117994,0.0029498525073746312,R104,R,1
14,0.3157894736842105,0.2682926829268293,0.46,0.046902654867256637,0.04985250737463127,0.0029498525073746312,R104,R,1
15,0.15789473684210525,0.08536585365853659,0.4,0.0,0.055162241887905604,0.0029498525073746312,R104,R,1
16,0.3157894736842105,0.024390243902439025,0.16,0.01799410029498525,0.02094395280235988,0.0029498525073746312,R104,R,1
17,0.10526315789473684,0.2073170731707317,0.38,0.0,0.05604719764011799,0.0029498525073746312,R104,R,1
18,0.05263157894736842,0.32926829268292684,0.04,0.0,0.05575221238938053,0.0029498525073746312,R104,R,1
19,0.21052631578947367,0.45121951219512196,0.24,0.0,0.06017699115044248,0.0029498525073746312,R104,R,1
20,0.15789473684210525,0.6951219512195121,0.34,0.0,0.055162241887905604,0.0029498525073746312,R104,R,1
21,0.47368421052631576,0.7560975609756098,0.18,0.0,0.05545722713864307,0.0029498525073746312,R104,R,1
22,0.47368421052631576,0.2073170731707317,0.22,0.0,0.05929203539823009,0.0029498525073746312,R104,R,1
23,0.47368421052631576,0.08536585365853659,0.36,0.0,0.05693215339233038,0.0029498525073746312,R104,R,1
24,0.5789473684210527,0.024390243902439025,0.58,0.020058997050147492,0.023008849557522124,0.0029498525073746312,R104,R,1
25,0.6842105263157895,0.3902439024390244,0.06,0.0,0.05604719764011799,0.0029498525073746312,R104,R,1
26,0.6842105263157895,0.2073170731707317,0.12,0.05073746312684366,0.05368731563421829,0.0029498525073746312,R104,R,1
27,0.47368421052631576,0.32926829268292684,0.34,0.0,0.06135693215339233,0.0029498525073746312,R104,R,1
28,0.3684210526315789,0.45121951219512196,0.32,0.0,0.06342182890855458,0.0029498525073746312,R104,R,1
29,0.43157894736842106,0.4146341463414634,0.32,0.0,0.06283185840707965,0.0029498525073746312,R104,R,1
30,0.6736842105263158,0.47560975609756095,0.18,0.0,0.05604719764011799,0.0029498525073746312,R104,R,1
31,0.42105263157894735,0.6951219512195121,0.42,0.0,0.057227138643067846,0.0029498525073746312,R104,R,1
32,0.3263157894736842,0.5975609756097561,0.54,0.0,0.05958702064896755,0.0029498525073746312,R104,R,1
33,0.3684210526315789,0.8048780487804879,0.46,0.0,0.05486725663716814,0.0029498525073746312,R104,R,1
34,0.5578947368421052,0.5975609756097561,0.22,0.0,0.05752212389380531,0.0029498525073746312,R104,R,1
35,0.6842105263157895,0.6341463414634146,0.28,0.0,0.05398230088495575,0.0029498525073746312,R104,R,1
36,0.6631578947368421,0.7560975609756098,0.16,0.0,0.052507374631268436,0.0029498525073746312,R104,R,1
37,0.021052631578947368,0.6951219512195121,0.1,0.0,0.052507374631268436,0.0029498525073746312,R104,R,1
38,0.21052631578947367,0.2073170731707317,0.16,0.0,0.0584070796460177,0.0029498525073746312,R104,R,1
39,0.05263157894736842,0.024390243902439025,0.32,0.02448377581120944,0.02743362831858407,0.0029498525073746312,R104,R,1
40,0.631578947368421,0.10975609756097561,0.62,0.0,0.05486725663716814,0.0029498525073746312,R104,R,1
41,0.42105263157894735,0.2682926829268293,0.18,0.0,0.06135693215339233,0.0029498525073746312,R104,R,1
42,0.4421052631578947,0.04878048780487805,0.1,0.0,0.056342182890855456,0.0029498525073746312,R104,R,1
43,0.25263157894736843,0.10975609756097561,0.1,0.0,0.057227138643067846,0.0029498525073746312,R104,R,1
44,0.24210526315789474,0.0,0.14,0.0,0.05457227138643068,0.0029498525073746312,R104,R,1
45,0.11578947368421053,0.13414634146341464,0.36,0.020353982300884955,0.023303834808259587,0.0029498525073746312,R104,R,1
46,0.06315789473684211,0.4268292682926829,0.32,0.0,0.05604719764011799,0.0029498525073746312,R104,R,1
47,0.021052631578947368,0.5487804878048781,0.02,0.0,0.054277286135693215,0.0029498525073746312,R104,R,1
48,0.08421052631578947,0.6463414634146342,0.54,0.0,0.05457227138643068,0.0029498525073746312,R104,R,1
49,0.1368421052631579,0.5975609756097561,0.72,0.0,0.05663716814159292,0.0029498525073746312,R104,R,1
50,0.06315789473684211,0.7926829268292683,0.6,0.0,0.05191740412979351,0.0029498525073746312,R104,R,1
51,0.49473684210526314,0.5365853658536586,0.26,0.0,0.059882005899705014,0.0029498525073746312,R104,R,1
52,0.5157894736842106,0.6707317073170732,0.2,0.0,0.05693215339233038,0.0029498525073746312,R104,R,1
53,0.28421052631578947,0.4878048780487805,0.18,0.0,0.06135693215339233,0.0029498525073746312,R104,R,1
54,0.3894736842105263,0.34146341463414637,0.28,0.028023598820058997,0.030973451327433628,0.0029498525073746312,R104,R,1
55,0.6,0.3170731707317073,0.36,0.0,0.058112094395280235,0.0029498525073746312,R104,R,1
56,0.6631578947368421,0.24390243902439024,0.04,0.040117994100294985,0.043067846607669616,0.0029498525073746312,R104,R,1
57,0.5578947368421052,0.10975609756097561,0.12,0.0,0.05604719764011799,0.0029498525073746312,R104,R,1
58,0.3368421052631579,0.10975609756097561,0.14,0.0,0.05781710914454277,0.0029498525073746312,R104,R,1
59,0.37894736842105264,0.2804878048780488,0.36,0.058997050147492625,0.061946902654867256,0.0029498525073746312,R104,R,1
60,0.22105263157894736,0.25609756097560976,0.56,0.0,0.05958702064896755,0.0029498525073746312,R104,R,1
61,0.17894736842105263,0.3780487804878049,0.06,0.0,0.05929203539823009,0.0029498525073746312,R104,R,1
62,0.12631578947368421,0.25609756097560976,0.26,0.0,0.057227138643067846,0.0029498525073746312,R104,R,1
63,0.25263157894736843,0.6707317073170732,0.38,0.01710914454277286,0.020058997050147492,0.0029498525073746312,R104,R,1
64,0.28421052631578947,0.8048780487804879,0.2,0.0,0.05457227138643068,0.0029498525073746312,R104,R,1
65,0.15789473684210525,0.9024390243902439,0.18,0.0,0.05103244837758112,0.0029498525073746312,R104,R,1
66,0.6526315789473685,0.9024390243902439,0.4,0.0,0.05014749262536873,0.0029498525073746312,R104,R,1
67,0.5157894736842106,0.8536585365853658,0.5,0.0,0.0528023598820059,0.0029498525073746312,R104,R,1
68,0.7052631578947368,0.024390243902439025,0.5,0.02448377581120944,0.02743362831858407,0.0029498525073746312,R104,R,1
69,0.5894736842105263,0.43902439024390244,0.72,0.0,0.0584070796460177,0.0029498525073746312,R104,R,1
70,0.3894736842105263,0.5365853658536586,0.12,0.014749262536873156,0.017699115044247787,0.0029498525073746312,R104,R,1
71,0.3894736842105263,0.6463414634146342,0.1,0.0,0.0584070796460177,0.0029498525073746312,R104,R,1
72,0.6,0.7926829268292683,0.3,0.0,0.05309734513274336,0.0029498525073746312,R104,R,1
73,0.49473684210526314,0.15853658536585366,0.5,0.0,0.058112094395280235,0.0029498525073746312,R104,R,1
74,0.4631578947368421,0.17073170731707318,0.18,0.0,0.05870206489675516,0.0029498525073746312,R104,R,1
75,0.4842105263157895,0.12195121951219512,0.16,0.043952802359882005,0.046902654867256637,0.0029498525073746312,R104,R,1
76,0.5157894736842106,0.0975609756097561,0.36,0.0,0.05663716814159292,0.0029498525073746312,R104,R,1
77,0.5157894736842106,0.47560975609756095,0.26,0.021533923303834808,0.02448377581120944,0.0029498525073746312,R104,R,1
78,0.5578947368421052,0.4878048780487805,0.28,0.0528023598820059,0.05575221238938053,0.0029498525073746312,R104,R,1
79,0.6421052631578947,0.5975609756097561,0.06,0.0,0.05545722713864307,0.0029498525073746312,R104,R,1
80,0.6,0.5487804878048781,0.46,0.027138643067846607,0.03008849557522124,0.0029498525073746312,R104,R,1
81,0.5894736842105263,0.4146341463414634,0.12,0.0,0.0584070796460177,0.0029498525073746312,R104,R,1
82,0.5789473684210527,0.6219512195121951,0.52,0.0,0.05663716814159292,0.0029498525073746312,R104,R,1
83,0.15789473684210525,0.5365853658536586,0.32,0.0,0.05781710914454277,0.0029498525073746312,R104,R,1
84,0.14736842105263157,0.4146341463414634,0.22,0.0,0.0584070796460177,0.0029498525073746312,R104,R,1
85,0.11578947368421053,0.34146341463414637,0.14,0.029793510324483775,0.03274336283185841,0.0029498525073746312,R104,R,1
86,0.16842105263157894,0.23170731707317074,0.82,0.0,0.05781710914454277,0.0029498525073746312,R104,R,1
87,0.042105263157894736,0.18292682926829268,0.7,0.0,0.054277286135693215,0.0029498525073746312,R104,R,1
88,0.29473684210526313,0.18292682926829268,0.52,0.02743362831858407,0.0303834808259587,0.0029498525073746312,R104,R,1
89,0.2736842105263158,0.5975609756097561,0.18,0.0,0.058997050147492625,0.0029498525073746312,R104,R,1
90,0.2736842105263158,0.3902439024390244,0.3,0.0,0.06224188790560472,0.0029498525073746312,R104,R,1
91,0.3263157894736842,0.7804878048780488,0.06,0.0,0.055162241887905604,0.0029498525073746312,R104,R,1
92,0.15789473684210525,0.1951219512195122,0.02,0.0,0.057227138643067846,0.0029498525073746312,R104,R,1
93,0.23157894736842105,0.23170731707317074,0.04,0.005309734513274336,0.008259587020648967,0.0029498525073746312,R104,R,1
94,0.18947368421052632,0.25609756097560976,0.44,0.0,0.05870206489675516,0.0029498525073746312,R104,R,1
95,0.2736842105263158,0.2926829268292683,0.54,0.0,0.061061946902654866,0.0029498525073746312,R104,R,1
96,0.2631578947368421,0.25609756097560976,0.4,0.0,0.06047197640117994,0.0029498525073746312,R104,R,1
97,0.23157894736842105,0.2926829268292683,0.22,0.0,0.06017699115044248,0.0029498525073746312,R104,R,1
98,0.2631578947368421,0.21951219512195122,0.24,0.0,0.05958702064896755,0.0029498525073746312,R104,R,1
99,0.2,0.21951219512195122,0.2,0.0,0.0584070796460177,0.0029498525073746312,R104,R,1
100,0.21052631578947367,0.2804878048780488,0.18,0.02448377581120944,0.02743362831858407,0.0029498525073746312,R104,R,1
101,0.18947368421052632,0.18292682926829268,0.34,0.05457227138643068,0.05752212389380531,0.0029498525073746312,R104,R,1
1,0.3684210526315789,0.3902439024390244,0.0,0.0,0.06784660766961652,0.0,R105,R,1
2,0.43157894736842106,0.5609756097560976,0.2,0.04454277286135693,0.053392330383480825,0.0029498525073746312,R105,R,1
3,0.3684210526315789,0.17073170731707318,0.14,0.011799410029498525,0.02064896755162242,0.0029498525073746312,R105,R,1
4,0.5789473684210527,0.5121951219512195,0.26,0.03126843657817109,0.040117994100294985,0.0029498525073746312,R105,R,1
5,0.5789473684210527,0.2073170731707317,0.38,0.041002949852507374,0.04985250737463127,0.0029498525073746312,R105,R,1
6,0.15789473684210525,0.32926829268292684,0.52,0.007079646017699115,0.01592920353982301,0.0029498525073746312,R105,R,1
7,0.2631578947368421,0.32926829268292684,0.06,0.026253687315634218,0.03510324483775811,0.0029498525073746312,R105,R,1
8,0.21052631578947367,0.573170731707317,0.1,0.02094395280235988,0.029793510324483775,0.0029498525073746312,R105,R,1
9,0.10526315789473684,0.4878048780487805,0.18,0.025073746312684365,0.03392330383480826,0.0029498525073746312,R105,R,1
10,0.5789473684210527,0.6951219512195121,0.32,0.02566371681415929,0.034513274336283185,0.0029498525073746312,R105,R,1
11,0.3157894736842105,0.6951219512195121,0.32,0.033628318584070796,0.04247787610619469,0.0029498525073746312,R105,R,1
12,0.21052631578947367,0.7560975609756098,0.24,0.016814159292035398,0.02566371681415929,0.0029498525073746312,R105,R,1
13,0.5263157894736842,0.3902439024390244,0.38,0.015634218289085546,0.02448377581120944,0.0029498525073746312,R105,R,1
14,0.3157894736842105,0.2682926829268293,0.46,0.043952802359882005,0.0528023598820059,0.0029498525073746312,R105,R,1
15,0.15789473684210525,0.08536585365853659,0.4,0.00943952802359882,0.018289085545722714,0.0029498525073746312,R105,R,1
16,0.3157894736842105,0.024390243902439025,0.16,0.01504424778761062,0.023893805309734513,0.0029498525073746312,R105,R,1
17,0.10526315789473684,0.2073170731707317,0.38,0.019174041297935103,0.028023598820058997,0.0029498525073746312,R105,R,1
18,0.05263157894736842,0.32926829268292684,0.04,0.04336283185840708,0.05221238938053097,0.0029498525073746312,R105,R,1
19,0.21052631578947367,0.45121951219512196,0.24,0.02271386430678466,0.031563421828908554,0.0029498525073746312,R105,R,1
20,0.15789473684210525,0.6951219512195121,0.34,0.019469026548672566,0.02831858407079646,0.0029498525073746312,R105,R,1
21,0.47368421052631576,0.7560975609756098,0.18,0.03421828908554572,0.043067846607669616,0.0029498525073746312,R105,R,1
22,0.47368421052631576,0.2073170731707317,0.22,0.015339233038348082,0.024188790560471976,0.0029498525073746312,R105,R,1
23,0.47368421052631576,0.08536585365853659,0.36,0.02566371681415929,0.034513274336283185,0.0029498525073746312,R105,R,1
24,0.5789473684210527,0.024390243902439025,0.58,0.01710914454277286,0.025958702064896755,0.0029498525073746312,R105,R,1
25,0.6842105263157895,0.3902439024390244,0.06,0.04218289085545723,0.05103244837758112,0.0029498525073746312,R105,R,1
26,0.6842105263157895,0.2073170731707317,0.12,0.04601769911504425,0.05486725663716814,0.0029498525073746312,R105,R,1
27,0.47368421052631576,0.32926829268292684,0.34,0.0359882005899705,0.044837758112094395,0.0029498525073746312,R105,R,1
28,0.3684210526315789,0.45121951219512196,0.32,0.007964601769911504,0.016814159292035398,0.0029498525073746312,R105,R,1
29,0.43157894736842106,0.4146341463414634,0.32,0.00855457227138643,0.017404129793510324,0.0029498525073746312,R105,R,1
30,0.6736842105263158,0.47560975609756095,0.18,0.015634218289085546,0.02448377581120944,0.0029498525073746312,R105,R,1
31,0.42105263157894735,0.6951219512195121,0.42,0.01799410029498525,0.026843657817109144,0.0029498525073746312,R105,R,1
32,0.3263157894736842,0.5975609756097561,0.54,0.011799410029498525,0.02064896755162242,0.0029498525073746312,R105,R,1
33,0.3684210526315789,0.8048780487804879,0.46,0.03864306784660767,0.04749262536873156,0.0029498525073746312,R105,R,1
34,0.5578947368421052,0.5975609756097561,0.22,0.007964601769911504,0.016814159292035398,0.0029498525073746312,R105,R,1
35,0.6842105263157895,0.6341463414634146,0.28,0.031563421828908554,0.04041297935103245,0.0029498525073746312,R105,R,1
36,0.6631578947368421,0.7560975609756098,0.16,0.039233038348082595,0.04808259587020649,0.0029498525073746312,R105,R,1
37,0.021052631578947368,0.6951219512195121,0.1,0.012094395280235988,0.02094395280235988,0.0029498525073746312,R105,R,1
38,0.21052631578947367,0.2073170731707317,0.16,0.03657817109144543,0.04542772861356932,0.0029498525073746312,R105,R,1
39,0.05263157894736842,0.024390243902439025,0.32,0.021533923303834808,0.0303834808259587,0.0029498525073746312,R105,R,1
40,0.631578947368421,0.10975609756097561,0.62,0.010029498525073746,0.01887905604719764,0.0029498525073746312,R105,R,1
41,0.42105263157894735,0.2682926829268293,0.18,0.022123893805309734,0.030973451327433628,0.0029498525073746312,R105,R,1
42,0.4421052631578947,0.04878048780487805,0.1,0.02566371681415929,0.034513274336283185,0.0029498525073746312,R105,R,1
43,0.25263157894736843,0.10975609756097561,0.1,0.007374631268436578,0.016224188790560472,0.0029498525073746312,R105,R,1
44,0.24210526315789474,0.0,0.14,0.0359882005899705,0.044837758112094395,0.0029498525073746312,R105,R,1
45,0.11578947368421053,0.13414634146341464,0.36,0.017404129793510324,0.026253687315634218,0.0029498525073746312,R105,R,1
46,0.06315789473684211,0.4268292682926829,0.32,0.00855457227138643,0.017404129793510324,0.0029498525073746312,R105,R,1
47,0.021052631578947368,0.5487804878048781,0.02,0.031563421828908554,0.04041297935103245,0.0029498525073746312,R105,R,1
48,0.08421052631578947,0.6463414634146342,0.54,0.012094395280235988,0.02094395280235988,0.0029498525073746312,R105,R,1
49,0.1368421052631579,0.5975609756097561,0.72,0.045722713864306784,0.05457227138643068,0.0029498525073746312,R105,R,1
50,0.06315789473684211,0.7926829268292683,0.6,0.028908554572271386,0.03775811209439528,0.0029498525073746312,R105,R,1
51,0.49473684210526314,0.5365853658536586,0.26,0.033628318584070796,0.04247787610619469,0.0029498525073746312,R105,R,1
52,0.5157894736842106,0.6707317073170732,0.2,0.023008849557522124,0.03185840707964602,0.0029498525073746312,R105,R,1
53,0.28421052631578947,0.4878048780487805,0.18,0.012389380530973451,0.021238938053097345,0.0029498525073746312,R105,R,1
54,0.3894736842105263,0.34146341463414637,0.28,0.025073746312684365,0.03392330383480826,0.0029498525073746312,R105,R,1
55,0.6,0.3170731707317073,0.36,0.038348082595870206,0.0471976401179941,0.0029498525073746312,R105,R,1
56,0.6631578947368421,0.24390243902439024,0.04,0.03716814159292035,0.04601769911504425,0.0029498525073746312,R105,R,1
57,0.5578947368421052,0.10975609756097561,0.12,0.035398230088495575,0.04424778761061947,0.0029498525073746312,R105,R,1
58,0.3368421052631579,0.10975609756097561,0.14,0.026843657817109144,0.03569321533923304,0.0029498525073746312,R105,R,1
59,0.37894736842105264,0.2804878048780488,0.36,0.05309734513274336,0.061946902654867256,0.0029498525073746312,R105,R,1
60,0.22105263157894736,0.25609756097560976,0.56,0.005014749262536873,0.013864306784660767,0.0029498525073746312,R105,R,1
61,0.17894736842105263,0.3780487804878049,0.06,0.044837758112094395,0.05368731563421829,0.0029498525073746312,R105,R,1
62,0.12631578947368421,0.25609756097560976,0.26,0.019469026548672566,0.02831858407079646,0.0029498525073746312,R105,R,1
63,0.25263157894736843,0.6707317073170732,0.38,0.01415929203539823,0.023008849557522124,0.0029498525073746312,R105,R,1
64,0.28421052631578947,0.8048780487804879,0.2,0.010029498525073746,0.01887905604719764,0.0029498525073746312,R105,R,1
65,0.15789473684210525,0.9024390243902439,0.18,0.018584070796460177,0.02743362831858407,0.0029498525073746312,R105,R,1
66,0.6526315789473685,0.9024390243902439,0.4,0.014454277286135693,0.023303834808259587,0.0029498525073746312,R105,R,1
67,0.5157894736842106,0.8536585365853658,0.5,0.034513274336283185,0.04336283185840708,0.0029498525073746312,R105,R,1
68,0.7052631578947368,0.024390243902439025,0.5,0.021533923303834808,0.0303834808259587,0.0029498525073746312,R105,R,1
69,0.5894736842105263,0.43902439024390244,0.72,0.03893805309734513,0.047787610619469026,0.0029498525073746312,R105,R,1
70,0.3894736842105263,0.5365853658536586,0.12,0.011799410029498525,0.02064896755162242,0.0029498525073746312,R105,R,1
71,0.3894736842105263,0.6463414634146342,0.1,0.049557522123893805,0.0584070796460177,0.0029498525073746312,R105,R,1
72,0.6,0.7926829268292683,0.3,0.01976401179941003,0.028613569321533923,0.0029498525073746312,R105,R,1
73,0.49473684210526314,0.15853658536585366,0.5,0.007374631268436578,0.016224188790560472,0.0029498525073746312,R105,R,1
74,0.4631578947368421,0.17073170731707318,0.18,0.020058997050147492,0.028908554572271386,0.0029498525073746312,R105,R,1
75,0.4842105263157895,0.12195121951219512,0.16,0.041002949852507374,0.04985250737463127,0.0029498525073746312,R105,R,1
76,0.5157894736842106,0.0975609756097561,0.36,0.017404129793510324,0.026253687315634218,0.0029498525073746312,R105,R,1
77,0.5157894736842106,0.47560975609756095,0.26,0.018584070796460177,0.02743362831858407,0.0029498525073746312,R105,R,1
78,0.5578947368421052,0.4878048780487805,0.28,0.04985250737463127,0.05870206489675516,0.0029498525073746312,R105,R,1
79,0.6421052631578947,0.5975609756097561,0.06,0.02536873156342183,0.03421828908554572,0.0029498525073746312,R105,R,1
80,0.6,0.5487804878048781,0.46,0.024188790560471976,0.03303834808259587,0.0029498525073746312,R105,R,1
81,0.5894736842105263,0.4146341463414634,0.12,0.049557522123893805,0.0584070796460177,0.0029498525073746312,R105,R,1
82,0.5789473684210527,0.6219512195121951,0.52,0.024778761061946902,0.033628318584070796,0.0029498525073746312,R105,R,1
83,0.15789473684210525,0.5365853658536586,0.32,0.01327433628318584,0.022123893805309734,0.0029498525073746312,R105,R,1
84,0.14736842105263157,0.4146341463414634,0.22,0.010029498525073746,0.01887905604719764,0.0029498525073746312,R105,R,1
85,0.11578947368421053,0.34146341463414637,0.14,0.026843657817109144,0.03569321533923304,0.0029498525073746312,R105,R,1
86,0.16842105263157894,0.23170731707317074,0.82,0.023893805309734513,0.03274336283185841,0.0029498525073746312,R105,R,1
87,0.042105263157894736,0.18292682926829268,0.7,0.024778761061946902,0.033628318584070796,0.0029498525073746312,R105,R,1
88,0.29473684210526313,0.18292682926829268,0.52,0.02448377581120944,0.03333333333333333,0.0029498525073746312,R105,R,1
89,0.2736842105263158,0.5975609756097561,0.18,0.01887905604719764,0.027728613569321534,0.0029498525073746312,R105,R,1
90,0.2736842105263158,0.3902439024390244,0.3,0.04896755162241888,0.05781710914454277,0.0029498525073746312,R105,R,1
91,0.3263157894736842,0.7804878048780488,0.06,0.025073746312684365,0.03392330383480826,0.0029498525073746312,R105,R,1
92,0.15789473684210525,0.1951219512195122,0.02,0.04424778761061947,0.05309734513274336,0.0029498525073746312,R105,R,1
93,0.23157894736842105,0.23170731707317074,0.04,0.005309734513274336,0.01415929203539823,0.0029498525073746312,R105,R,1
94,0.18947368421052632,0.25609756097560976,0.44,0.04985250737463127,0.05870206489675516,0.0029498525073746312,R105,R,1
95,0.2736842105263158,0.2926829268292683,0.54,0.02654867256637168,0.035398230088495575,0.0029498525073746312,R105,R,1
96,0.2631578947368421,0.25609756097560976,0.4,0.00855457227138643,0.017404129793510324,0.0029498525073746312,R105,R,1
97,0.23157894736842105,0.2926829268292683,0.22,0.03687315634218289,0.045722713864306784,0.0029498525073746312,R105,R,1
98,0.2631578947368421,0.21951219512195122,0.24,0.036283185840707964,0.04513274336283186,0.0029498525073746312,R105,R,1
99,0.2,0.21951219512195122,0.2,0.01415929203539823,0.023008849557522124,0.0029498525073746312,R105,R,1
100,0.21052631578947367,0.2804878048780488,0.18,0.021533923303834808,0.0303834808259587,0.0029498525073746312,R105,R,1
101,0.18947368421052632,0.18292682926829268,0.34,0.048672566371681415,0.05752212389380531,0.0029498525073746312,R105,R,1
1,0.3684210526315789,0.3902439024390244,0.0,0.0,0.06784660766961652,0.0,R106,R,1
2,0.43157894736842106,0.5609756097560976,0.2,0.0,0.06017699115044248,0.0029498525073746312,R106,R,1
3,0.3684210526315789,0.17073170731707318,0.14,0.0,0.05958702064896755,0.0029498525073746312,R106,R,1
4,0.5789473684210527,0.5121951219512195,0.26,0.0,0.058112094395280235,0.0029498525073746312,R106,R,1
5,0.5789473684210527,0.2073170731707317,0.38,0.041002949852507374,0.04985250737463127,0.0029498525073746312,R106,R,1
6,0.15789473684210525,0.32926829268292684,0.52,0.0,0.05870206489675516,0.0029498525073746312,R106,R,1
7,0.2631578947368421,0.32926829268292684,0.06,0.026253687315634218,0.03510324483775811,0.0029498525073746312,R106,R,1
8,0.21052631578947367,0.573170731707317,0.1,0.0,0.0584070796460177,0.0029498525073746312,R106,R,1
9,0.10526315789473684,0.4878048780487805,0.18,0.025073746312684365,0.03392330383480826,0.0029498525073746312,R106,R,1
10,0.5789473684210527,0.6951219512195121,0.32,0.02566371681415929,0.034513274336283185,0.0029498525073746312,R106,R,1
11,0.3157894736842105,0.6951219512195121,0.32,0.033628318584070796,0.04247787610619469,0.0029498525073746312,R106,R,1
12,0.21052631578947367,0.7560975609756098,0.24,0.016814159292035398,0.02566371681415929,0.0029498525073746312,R106,R,1
13,0.5263157894736842,0.3902439024390244,0.38,0.0,0.06047197640117994,0.0029498525073746312,R106,R,1
14,0.3157894736842105,0.2682926829268293,0.46,0.043952802359882005,0.0528023598820059,0.0029498525073746312,R106,R,1
15,0.15789473684210525,0.08536585365853659,0.4,0.00943952802359882,0.018289085545722714,0.0029498525073746312,R106,R,1
16,0.3157894736842105,0.024390243902439025,0.16,0.01504424778761062,0.023893805309734513,0.0029498525073746312,R106,R,1
17,0.10526315789473684,0.2073170731707317,0.38,0.019174041297935103,0.028023598820058997,0.0029498525073746312,R106,R,1
18,0.05263157894736842,0.32926829268292684,0.04,0.04336283185840708,0.05221238938053097,0.0029498525073746312,R106,R,1
19,0.21052631578947367,0.45121951219512196,0.24,0.02271386430678466,0.031563421828908554,0.0029498525073746312,R106,R,1
20,0.15789473684210525,0.6951219512195121,0.34,0.019469026548672566,0.02831858407079646,0.0029498525073746312,R106,R,1
21,0.47368421052631576,0.7560975609756098,0.18,0.03421828908554572,0.043067846607669616,0.0029498525073746312,R106,R,1
22,0.47368421052631576,0.2073170731707317,0.22,0.0,0.05929203539823009,0.0029498525073746312,R106,R,1
23,0.47368421052631576,0.08536585365853659,0.36,0.02566371681415929,0.034513274336283185,0.0029498525073746312,R106,R,1
24,0.5789473684210527,0.024390243902439025,0.58,0.01710914454277286,0.025958702064896755,0.0029498525073746312,R106,R,1
25,0.6842105263157895,0.3902439024390244,0.06,0.04218289085545723,0.05103244837758112,0.0029498525073746312,R106,R,1
26,0.6842105263157895,0.2073170731707317,0.12,0.04601769911504425,0.05486725663716814,0.0029498525073746312,R106,R,1
27,0.47368421052631576,0.32926829268292684,0.34,0.0,0.06135693215339233,0.0029498525073746312,R106,R,1
28,0.3684210526315789,0.45121951219512196,0.32,0.007964601769911504,0.016814159292035398,0.0029498525073746312,R106,R,1
29,0.43157894736842106,0.4146341463414634,0.32,0.00855457227138643,0.017404129793510324,0.0029498525073746312,R106,R,1
30,0.6736842105263158,0.47560975609756095,0.18,0.015634218289085546,0.02448377581120944,0.0029498525073746312,R106,R,1
31,0.42105263157894735,0.6951219512195121,0.42,0.01799410029498525,0.026843657817109144,0.0029498525073746312,R106,R,1
32,0.3263157894736842,0.5975609756097561,0.54,0.0,0.05958702064896755,0.0029498525073746312,R106,R,1
33,0.3684210526315789,0.8048780487804879,0.46,0.03864306784660767,0.04749262536873156,0.0029498525073746312,R106,R,1
34,0.5578947368421052,0.5975609756097561,0.22,0.007964601769911504,0.016814159292035398,0.0029498525073746312,R106,R,1
35,0.6842105263157895,0.6341463414634146,0.28,0.0,0.05398230088495575,0.0029498525073746312,R106,R,1
36,0.6631578947368421,0.7560975609756098,0.16,0.039233038348082595,0.04808259587020649,0.0029498525073746312,R106,R,1
37,0.021052631578947368,0.6951219512195121,0.1,0.012094395280235988,0.02094395280235988,0.0029498525073746312,R106,R,1
38,0.21052631578947367,0.2073170731707317,0.16,0.0,0.0584070796460177,0.0029498525073746312,R106,R,1
39,0.05263157894736842,0.024390243902439025,0.32,0.021533923303834808,0.0303834808259587,0.0029498525073746312,R106,R,1
40,0.631578947368421,0.10975609756097561,0.62,0.010029498525073746,0.01887905604719764,0.0029498525073746312,R106,R,1
41,0.42105263157894735,0.2682926829268293,0.18,0.022123893805309734,0.030973451327433628,0.0029498525073746312,R106,R,1
42,0.4421052631578947,0.04878048780487805,0.1,0.02566371681415929,0.034513274336283185,0.0029498525073746312,R106,R,1
43,0.25263157894736843,0.10975609756097561,0.1,0.007374631268436578,0.016224188790560472,0.0029498525073746312,R106,R,1
44,0.24210526315789474,0.0,0.14,0.0359882005899705,0.044837758112094395,0.0029498525073746312,R106,R,1
45,0.11578947368421053,0.13414634146341464,0.36,0.017404129793510324,0.026253687315634218,0.0029498525073746312,R106,R,1
46,0.06315789473684211,0.4268292682926829,0.32,0.00855457227138643,0.017404129793510324,0.0029498525073746312,R106,R,1
47,0.021052631578947368,0.5487804878048781,0.02,0.031563421828908554,0.04041297935103245,0.0029498525073746312,R106,R,1
48,0.08421052631578947,0.6463414634146342,0.54,0.012094395280235988,0.02094395280235988,0.0029498525073746312,R106,R,1
49,0.1368421052631579,0.5975609756097561,0.72,0.0,0.05663716814159292,0.0029498525073746312,R106,R,1
50,0.06315789473684211,0.7926829268292683,0.6,0.028908554572271386,0.03775811209439528,0.0029498525073746312,R106,R,1
51,0.49473684210526314,0.5365853658536586,0.26,0.0,0.059882005899705014,0.0029498525073746312,R106,R,1
52,0.5157894736842106,0.6707317073170732,0.2,0.023008849557522124,0.03185840707964602,0.0029498525073746312,R106,R,1
53,0.28421052631578947,0.4878048780487805,0.18,0.0,0.06135693215339233,0.0029498525073746312,R106,R,1
54,0.3894736842105263,0.34146341463414637,0.28,0.025073746312684365,0.03392330383480826,0.0029498525073746312,R106,R,1
55,0.6,0.3170731707317073,0.36,0.038348082595870206,0.0471976401179941,0.0029498525073746312,R106,R,1
56,0.6631578947368421,0.24390243902439024,0.04,0.03716814159292035,0.04601769911504425,0.0029498525073746312,R106,R,1
57,0.5578947368421052,0.10975609756097561,0.12,0.035398230088495575,0.04424778761061947,0.0029498525073746312,R106,R,1
58,0.3368421052631579,0.10975609756097561,0.14,0.026843657817109144,0.03569321533923304,0.0029498525073746312,R106,R,1
59,0.37894736842105264,0.2804878048780488,0.36,0.05309734513274336,0.061946902654867256,0.0029498525073746312,R106,R,1
60,0.22105263157894736,0.25609756097560976,0.56,0.0,0.05958702064896755,0.0029498525073746312,R106,R,1
61,0.17894736842105263,0.3780487804878049,0.06,0.044837758112094395,0.05368731563421829,0.0029498525073746312,R106,R,1
62,0.12631578947368421,0.25609756097560976,0.26,0.019469026548672566,0.02831858407079646,0.0029498525073746312,R106,R,1
63,0.25263157894736843,0.6707317073170732,0.38,0.01415929203539823,0.023008849557522124,0.0029498525073746312,R106,R,1
64,0.28421052631578947,0.8048780487804879,0.2,0.010029498525073746,0.01887905604719764,0.0029498525073746312,R106,R,1
65,0.15789473684210525,0.9024390243902439,0.18,0.018584070796460177,0.02743362831858407,0.0029498525073746312,R106,R,1
66,0.6526315789473685,0.9024390243902439,0.4,0.014454277286135693,0.023303834808259587,0.0029498525073746312,R106,R,1
67,0.5157894736842106,0.8536585365853658,0.5,0.034513274336283185,0.04336283185840708,0.0029498525073746312,R106,R,1
68,0.7052631578947368,0.024390243902439025,0.5,0.021533923303834808,0.0303834808259587,0.0029498525073746312,R106,R,1
69,0.5894736842105263,0.43902439024390244,0.72,0.03893805309734513,0.047787610619469026,0.0029498525073746312,R106,R,1
70,0.3894736842105263,0.5365853658536586,0.12,0.011799410029498525,0.02064896755162242,0.0029498525073746312,R106,R,1
71,0.3894736842105263,0.6463414634146342,0.1,0.049557522123893805,0.0584070796460177,0.0029498525073746312,R106,R,1
72,0.6,0.7926829268292683,0.3,0.01976401179941003,0.028613569321533923,0.0029498525073746312,R106,R,1
73,0.49473684210526314,0.15853658536585366,0.5,0.0,0.058112094395280235,0.0029498525073746312,R106,R,1
74,0.4631578947368421,0.17073170731707318,0.18,0.020058997050147492,0.028908554572271386,0.0029498525073746312,R106,R,1
75,0.4842105263157895,0.12195121951219512,0.16,0.041002949852507374,0.04985250737463127,0.0029498525073746312,R106,R,1
76,0.5157894736842106,0.0975609756097561,0.36,0.0,0.05663716814159292,0.0029498525073746312,R106,R,1
77,0.5157894736842106,0.47560975609756095,0.26,0.018584070796460177,0.02743362831858407,0.0029498525073746312,R106,R,1
78,0.5578947368421052,0.4878048780487805,0.28,0.04985250737463127,0.05870206489675516,0.0029498525073746312,R106,R,1
79,0.6421052631578947,0.5975609756097561,0.06,0.02536873156342183,0.03421828908554572,0.0029498525073746312,R106,R,1
80,0.6,0.5487804878048781,0.46,0.024188790560471976,0.03303834808259587,0.0029498525073746312,R106,R,1
81,0.5894736842105263,0.4146341463414634,0.12,0.049557522123893805,0.0584070796460177,0.0029498525073746312,R106,R,1
82,0.5789473684210527,0.6219512195121951,0.52,0.024778761061946902,0.033628318584070796,0.0029498525073746312,R106,R,1
83,0.15789473684210525,0.5365853658536586,0.32,0.0,0.05781710914454277,0.0029498525073746312,R106,R,1
84,0.14736842105263157,0.4146341463414634,0.22,0.0,0.0584070796460177,0.0029498525073746312,R106,R,1
85,0.11578947368421053,0.34146341463414637,0.14,0.026843657817109144,0.03569321533923304,0.0029498525073746312,R106,R,1
86,0.16842105263157894,0.23170731707317074,0.82,0.0,0.05781710914454277,0.0029498525073746312,R106,R,1
87,0.042105263157894736,0.18292682926829268,0.7,0.024778761061946902,0.033628318584070796,0.0029498525073746312,R106,R,1
88,0.29473684210526313,0.18292682926829268,0.52,0.02448377581120944,0.03333333333333333,0.0029498525073746312,R106,R,1
89,0.2736842105263158,0.5975609756097561,0.18,0.01887905604719764,0.027728613569321534,0.0029498525073746312,R106,R,1
90,0.2736842105263158,0.3902439024390244,0.3,0.04896755162241888,0.05781710914454277,0.0029498525073746312,R106,R,1
91,0.3263157894736842,0.7804878048780488,0.06,0.025073746312684365,0.03392330383480826,0.0029498525073746312,R106,R,1
92,0.15789473684210525,0.1951219512195122,0.02,0.0,0.057227138643067846,0.0029498525073746312,R106,R,1
93,0.23157894736842105,0.23170731707317074,0.04,0.005309734513274336,0.01415929203539823,0.0029498525073746312,R106,R,1
94,0.18947368421052632,0.25609756097560976,0.44,0.04985250737463127,0.05870206489675516,0.0029498525073746312,R106,R,1
95,0.2736842105263158,0.2926829268292683,0.54,0.0,0.061061946902654866,0.0029498525073746312,R106,R,1
96,0.2631578947368421,0.25609756097560976,0.4,0.0,0.06047197640117994,0.0029498525073746312,R106,R,1
97,0.23157894736842105,0.2926829268292683,0.22,0.0,0.06017699115044248,0.0029498525073746312,R106,R,1
98,0.2631578947368421,0.21951219512195122,0.24,0.036283185840707964,0.04513274336283186,0.0029498525073746312,R106,R,1
99,0.2,0.21951219512195122,0.2,0.0,0.0584070796460177,0.0029498525073746312,R106,R,1
100,0.21052631578947367,0.2804878048780488,0.18,0.021533923303834808,0.0303834808259587,0.0029498525073746312,R106,R,1
101,0.18947368421052632,0.18292682926829268,0.34,0.048672566371681415,0.05752212389380531,0.0029498525073746312,R106,R,1
1,0.3684210526315789,0.3902439024390244,0.0,0.0,0.06784660766961652,0.0,R107,R,1
2,0.43157894736842106,0.5609756097560976,0.2,0.0,0.06017699115044248,0.0029498525073746312,R107,R,1
3,0.3684210526315789,0.17073170731707318,0.14,0.0,0.05958702064896755,0.0029498525073746312,R107,R,1
4,0.5789473684210527,0.5121951219512195,0.26,0.0,0.058112094395280235,0.0029498525073746312,R107,R,1
5,0.5789473684210527,0.2073170731707317,0.38,0.041002949852507374,0.04985250737463127,0.0029498525073746312,R107,R,1
6,0.15789473684210525,0.32926829268292684,0.52,0.0,0.05870206489675516,0.0029498525073746312,R107,R,1
7,0.2631578947368421,0.32926829268292684,0.06,0.026253687315634218,0.03510324483775811,0.0029498525073746312,R107,R,1
8,0.21052631578947367,0.573170731707317,0.1,0.0,0.0584070796460177,0.0029498525073746312,R107,R,1
9,0.10526315789473684,0.4878048780487805,0.18,0.025073746312684365,0.03392330383480826,0.0029498525073746312,R107,R,1
10,0.5789473684210527,0.6951219512195121,0.32,0.02566371681415929,0.034513274336283185,0.0029498525073746312,R107,R,1
11,0.3157894736842105,0.6951219512195121,0.32,0.033628318584070796,0.04247787610619469,0.0029498525073746312,R107,R,1
12,0.21052631578947367,0.7560975609756098,0.24,0.016814159292035398,0.02566371681415929,0.0029498525073746312,R107,R,1
13,0.5263157894736842,0.3902439024390244,0.38,0.0,0.06047197640117994,0.0029498525073746312,R107,R,1
14,0.3157894736842105,0.2682926829268293,0.46,0.043952802359882005,0.0528023598820059,0.0029498525073746312,R107,R,1
15,0.15789473684210525,0.08536585365853659,0.4,0.0,0.055162241887905604,0.0029498525073746312,R107,R,1
16,0.3157894736842105,0.024390243902439025,0.16,0.01504424778761062,0.023893805309734513,0.0029498525073746312,R107,R,1
17,0.10526315789473684,0.2073170731707317,0.38,0.0,0.05604719764011799,0.0029498525073746312,R107,R,1
18,0.05263157894736842,0.32926829268292684,0.04,0.04336283185840708,0.05221238938053097,0.0029498525073746312,R107,R,1
19,0.21052631578947367,0.45121951219512196,0.24,0.0,0.06017699115044248,0.0029498525073746312,R107,R,1
20,0.15789473684210525,0.6951219512195121,0.34,0.0,0.055162241887905604,0.0029498525073746312,R107,R,1
21,0.47368421052631576,0.7560975609756098,0.18,0.0,0.05545722713864307,0.0029498525073746312,R107,R,1
22,0.47368421052631576,0.2073170731707317,0.22,0.0,0.05929203539823009,0.0029498525073746312,R107,R,1
23,0.47368421052631576,0.08536585365853659,0.36,0.02566371681415929,0.034513274336283185,0.0029498525073746312,R107,R,1
24,0.5789473684210527,0.024390243902439025,0.58,0.01710914454277286,0.025958702064896755,0.0029498525073746312,R107,R,1
25,0.6842105263157895,0.3902439024390244,0.06,0.0,0.05604719764011799,0.0029498525073746312,R107,R,1
26,0.6842105263157895,0.2073170731707317,0.12,0.04601769911504425,0.05486725663716814,0.0029498525073746312,R107,R,1
27,0.47368421052631576,0.32926829268292684,0.34,0.0,0.06135693215339233,0.0029498525073746312,R107,R,1
28,0.3684210526315789,0.45121951219512196,0.32,0.007964601769911504,0.016814159292035398,0.0029498525073746312,R107,R,1
29,0.43157894736842106,0.4146341463414634,0.32,0.0,0.06283185840707965,0.0029498525073746312,R107,R,1
30,0.6736842105263158,0.47560975609756095,0.18,0.0,0.05604719764011799,0.0029498525073746312,R107,R,1
31,0.42105263157894735,0.6951219512195121,0.42,0.01799410029498525,0.026843657817109144,0.0029498525073746312,R107,R,1
32,0.3263157894736842,0.5975609756097561,0.54,0.0,0.05958702064896755,0.0029498525073746312,R107,R,1
33,0.3684210526315789,0.8048780487804879,0.46,0.0,0.05486725663716814,0.0029498525073746312,R107,R,1
34,0.5578947368421052,0.5975609756097561,0.22,0.007964601769911504,0.016814159292035398,0.0029498525073746312,R107,R,1
35,0.6842105263157895,0.6341463414634146,0.28,0.0,0.05398230088495575,0.0029498525073746312,R107,R,1
36,0.6631578947368421,0.7560975609756098,0.16,0.039233038348082595,0.04808259587020649,0.0029498525073746312,R107,R,1
37,0.021052631578947368,0.6951219512195121,0.1,0.012094395280235988,0.02094395280235988,0.0029498525073746312,R107,R,1
38,0.21052631578947367,0.2073170731707317,0.16,0.0,0.0584070796460177,0.0029498525073746312,R107,R,1
39,0.05263157894736842,0.024390243902439025,0.32,0.021533923303834808,0.0303834808259587,0.0029498525073746312,R107,R,1
40,0.631578947368421,0.10975609756097561,0.62,0.010029498525073746,0.01887905604719764,0.0029498525073746312,R107,R,1
41,0.42105263157894735,0.2682926829268293,0.18,0.022123893805309734,0.030973451327433628,0.0029498525073746312,R107,R,1
42,0.4421052631578947,0.04878048780487805,0.1,0.02566371681415929,0.034513274336283185,0.0029498525073746312,R107,R,1
43,0.25263157894736843,0.10975609756097561,0.1,0.007374631268436578,0.016224188790560472,0.0029498525073746312,R107,R,1
44,0.24210526315789474,0.0,0.14,0.0,0.05457227138643068,0.0029498525073746312,R107,R,1
45,0.11578947368421053,0.13414634146341464,0.36,0.017404129793510324,0.026253687315634218,0.0029498525073746312,R107,R,1
46,0.06315789473684211,0.4268292682926829,0.32,0.00855457227138643,0.017404129793510324,0.0029498525073746312,R107,R,1
47,0.021052631578947368,0.5487804878048781,0.02,0.0,0.054277286135693215,0.0029498525073746312,R107,R,1
48,0.08421052631578947,0.6463414634146342,0.54,0.0,0.05457227138643068,0.0029498525073746312,R107,R,1
49,0.1368421052631579,0.5975609756097561,0.72,0.0,0.05663716814159292,0.0029498525073746312,R107,R,1
50,0.06315789473684211,0.7926829268292683,0.6,0.028908554572271386,0.03775811209439528,0.0029498525073746312,R107,R,1
51,0.49473684210526314,0.5365853658536586,0.26,0.0,0.059882005899705014,0.0029498525073746312,R107,R,1
52,0.5157894736842106,0.6707317073170732,0.2,0.0,0.05693215339233038,0.0029498525073746312,R107,R,1
53,0.28421052631578947,0.4878048780487805,0.18,0.0,0.06135693215339233,0.0029498525073746312,R107,R,1
54,0.3894736842105263,0.34146341463414637,0.28,0.025073746312684365,0.03392330383480826,0.0029498525073746312,R107,R,1
55,0.6,0.3170731707317073,0.36,0.0,0.058112094395280235,0.0029498525073746312,R107,R,1
56,0.6631578947368421,0.24390243902439024,0.04,0.03716814159292035,0.04601769911504425,0.0029498525073746312,R107,R,1
57,0.5578947368421052,0.10975609756097561,0.12,0.035398230088495575,0.04424778761061947,0.0029498525073746312,R107,R,1
58,0.3368421052631579,0.10975609756097561,0.14,0.0,0.05781710914454277,0.0029498525073746312,R107,R,1
59,0.37894736842105264,0.2804878048780488,0.36,0.05309734513274336,0.061946902654867256,0.0029498525073746312,R107,R,1
60,0.22105263157894736,0.25609756097560976,0.56,0.0,0.05958702064896755,0.0029498525073746312,R107,R,1
61,0.17894736842105263,0.3780487804878049,0.06,0.0,0.05929203539823009,0.0029498525073746312,R107,R,1
62,0.12631578947368421,0.25609756097560976,0.26,0.0,0.057227138643067846,0.0029498525073746312,R107,R,1
63,0.25263157894736843,0.6707317073170732,0.38,0.01415929203539823,0.023008849557522124,0.0029498525073746312,R107,R,1
64,0.28421052631578947,0.8048780487804879,0.2,0.0,0.05457227138643068,0.0029498525073746312,R107,R,1
65,0.15789473684210525,0.9024390243902439,0.18,0.018584070796460177,0.02743362831858407,0.0029498525073746312,R107,R,1
66,0.6526315789473685,0.9024390243902439,0.4,0.014454277286135693,0.023303834808259587,0.0029498525073746312,R107,R,1
67,0.5157894736842106,0.8536585365853658,0.5,0.034513274336283185,0.04336283185840708,0.0029498525073746312,R107,R,1
68,0.7052631578947368,0.024390243902439025,0.5,0.021533923303834808,0.0303834808259587,0.0029498525073746312,R107,R,1
69,0.5894736842105263,0.43902439024390244,0.72,0.03893805309734513,0.047787610619469026,0.0029498525073746312,R107,R,1
70,0.3894736842105263,0.5365853658536586,0.12,0.011799410029498525,0.02064896755162242,0.0029498525073746312,R107,R,1
71,0.3894736842105263,0.6463414634146342,0.1,0.049557522123893805,0.0584070796460177,0.0029498525073746312,R107,R,1
72,0.6,0.7926829268292683,0.3,0.0,0.05309734513274336,0.0029498525073746312,R107,R,1
73,0.49473684210526314,0.15853658536585366,0.5,0.0,0.058112094395280235,0.0029498525073746312,R107,R,1
74,0.4631578947368421,0.17073170731707318,0.18,0.0,0.05870206489675516,0.0029498525073746312,R107,R,1
75,0.4842105263157895,0.12195121951219512,0.16,0.041002949852507374,0.04985250737463127,0.0029498525073746312,R107,R,1
76,0.5157894736842106,0.0975609756097561,0.36,0.0,0.05663716814159292,0.0029498525073746312,R107,R,1
77,0.5157894736842106,0.47560975609756095,0.26,0.018584070796460177,0.02743362831858407,0.0029498525073746312,R107,R,1
78,0.5578947368421052,0.4878048780487805,0.28,0.04985250737463127,0.05870206489675516,0.0029498525073746312,R107,R,1
79,0.6421052631578947,0.5975609756097561,0.06,0.02536873156342183,0.03421828908554572,0.0029498525073746312,R107,R,1
80,0.6,0.5487804878048781,0.46,0.024188790560471976,0.03303834808259587,0.0029498525073746312,R107,R,1
81,0.5894736842105263,0.4146341463414634,0.12,0.049557522123893805,0.0584070796460177,0.0029498525073746312,R107,R,1
82,0.5789473684210527,0.6219512195121951,0.52,0.0,0.05663716814159292,0.0029498525073746312,R107,R,1
83,0.15789473684210525,0.5365853658536586,0.32,0.0,0.05781710914454277,0.0029498525073746312,R107,R,1
84,0.14736842105263157,0.4146341463414634,0.22,0.0,0.0584070796460177,0.0029498525073746312,R107,R,1
85,0.11578947368421053,0.34146341463414637,0.14,0.026843657817109144,0.03569321533923304,0.0029498525073746312,R107,R,1
86,0.16842105263157894,0.23170731707317074,0.82,0.0,0.05781710914454277,0.0029498525073746312,R107,R,1
87,0.042105263157894736,0.18292682926829268,0.7,0.0,0.054277286135693215,0.0029498525073746312,R107,R,1
88,0.29473684210526313,0.18292682926829268,0.52,0.02448377581120944,0.03333333333333333,0.0029498525073746312,R107,R,1
89,0.2736842105263158,0.5975609756097561,0.18,0.01887905604719764,0.027728613569321534,0.0029498525073746312,R107,R,1
90,0.2736842105263158,0.3902439024390244,0.3,0.0,0.06224188790560472,0.0029498525073746312,R107,R,1
91,0.3263157894736842,0.7804878048780488,0.06,0.0,0.055162241887905604,0.0029498525073746312,R107,R,1
92,0.15789473684210525,0.1951219512195122,0.02,0.0,0.057227138643067846,0.0029498525073746312,R107,R,1
93,0.23157894736842105,0.23170731707317074,0.04,0.005309734513274336,0.01415929203539823,0.0029498525073746312,R107,R,1
94,0.18947368421052632,0.25609756097560976,0.44,0.04985250737463127,0.05870206489675516,0.0029498525073746312,R107,R,1
95,0.2736842105263158,0.2926829268292683,0.54,0.0,0.061061946902654866,0.0029498525073746312,R107,R,1
96,0.2631578947368421,0.25609756097560976,0.4,0.0,0.06047197640117994,0.0029498525073746312,R107,R,1
97,0.23157894736842105,0.2926829268292683,0.22,0.0,0.06017699115044248,0.0029498525073746312,R107,R,1
98,0.2631578947368421,0.21951219512195122,0.24,0.0,0.05958702064896755,0.0029498525073746312,R107,R,1
99,0.2,0.21951219512195122,0.2,0.0,0.0584070796460177,0.0029498525073746312,R107,R,1
100,0.21052631578947367,0.2804878048780488,0.18,0.021533923303834808,0.0303834808259587,0.0029498525073746312,R107,R,1
101,0.18947368421052632,0.18292682926829268,0.34,0.048672566371681415,0.05752212389380531,0.0029498525073746312,R107,R,1
1,0.3684210526315789,0.3902439024390244,0.0,0.0,0.06784660766961652,0.0,R108,R,1
2,0.43157894736842106,0.5609756097560976,0.2,0.0,0.06017699115044248,0.0029498525073746312,R108,R,1
3,0.3684210526315789,0.17073170731707318,0.14,0.0,0.05958702064896755,0.0029498525073746312,R108,R,1
4,0.5789473684210527,0.5121951219512195,0.26,0.0,0.058112094395280235,0.0029498525073746312,R108,R,1
5,0.5789473684210527,0.2073170731707317,0.38,0.041002949852507374,0.04985250737463127,0.0029498525073746312,R108,R,1
6,0.15789473684210525,0.32926829268292684,0.52,0.0,0.05870206489675516,0.0029498525073746312,R108,R,1
7,0.2631578947368421,0.32926829268292684,0.06,0.0,0.06135693215339233,0.0029498525073746312,R108,R,1
8,0.21052631578947367,0.573170731707317,0.1,0.0,0.0584070796460177,0.0029498525073746312,R108,R,1
9,0.10526315789473684,0.4878048780487805,0.18,0.025073746312684365,0.03392330383480826,0.0029498525073746312,R108,R,1
10,0.5789473684210527,0.6951219512195121,0.32,0.02566371681415929,0.034513274336283185,0.0029498525073746312,R108,R,1
11,0.3157894736842105,0.6951219512195121,0.32,0.0,0.057227138643067846,0.0029498525073746312,R108,R,1
12,0.21052631578947367,0.7560975609756098,0.24,0.016814159292035398,0.02566371681415929,0.0029498525073746312,R108,R,1
13,0.5263157894736842,0.3902439024390244,0.38,0.0,0.06047197640117994,0.0029498525073746312,R108,R,1
14,0.3157894736842105,0.2682926829268293,0.46,0.043952802359882005,0.0528023598820059,0.0029498525073746312,R108,R,1
15,0.15789473684210525,0.08536585365853659,0.4,0.0,0.055162241887905604,0.0029498525073746312,R108,R,1
16,0.3157894736842105,0.024390243902439025,0.16,0.01504424778761062,0.023893805309734513,0.0029498525073746312,R108,R,1
17,0.10526315789473684,0.2073170731707317,0.38,0.0,0.05604719764011799,0.0029498525073746312,R108,R,1
18,0.05263157894736842,0.32926829268292684,0.04,0.0,0.05575221238938053,0.0029498525073746312,R108,R,1
19,0.21052631578947367,0.45121951219512196,0.24,0.0,0.06017699115044248,0.0029498525073746312,R108,R,1
20,0.15789473684210525,0.6951219512195121,0.34,0.0,0.055162241887905604,0.0029498525073746312,R108,R,1
21,0.47368421052631576,0.7560975609756098,0.18,0.0,0.05545722713864307,0.0029498525073746312,R108,R,1
22,0.47368421052631576,0.2073170731707317,0.22,0.0,0.05929203539823009,0.0029498525073746312,R108,R,1
23,0.47368421052631576,0.08536585365853659,0.36,0.0,0.05693215339233038,0.0029498525073746312,R108,R,1
24,0.5789473684210527,0.024390243902439025,0.58,0.01710914454277286,0.025958702064896755,0.0029498525073746312,R108,R,1
25,0.6842105263157895,0.3902439024390244,0.06,0.0,0.05604719764011799,0.0029498525073746312,R108,R,1
26,0.6842105263157895,0.2073170731707317,0.12,0.04601769911504425,0.05486725663716814,0.0029498525073746312,R108,R,1
27,0.47368421052631576,0.32926829268292684,0.34,0.0,0.06135693215339233,0.0029498525073746312,R108,R,1
28,0.3684210526315789,0.45121951219512196,0.32,0.0,0.06342182890855458,0.0029498525073746312,R108,R,1
29,0.43157894736842106,0.4146341463414634,0.32,0.0,0.06283185840707965,0.0029498525073746312,R108,R,1
30,0.6736842105263158,0.47560975609756095,0.18,0.0,0.05604719764011799,0.0029498525073746312,R108,R,1
31,0.42105263157894735,0.6951219512195121,0.42,0.0,0.057227138643067846,0.0029498525073746312,R108,R,1
32,0.3263157894736842,0.5975609756097561,0.54,0.0,0.05958702064896755,0.0029498525073746312,R108,R,1
33,0.3684210526315789,0.8048780487804879,0.46,0.0,0.05486725663716814,0.0029498525073746312,R108,R,1
34,0.5578947368421052,0.5975609756097561,0.22,0.0,0.05752212389380531,0.0029498525073746312,R108,R,1
35,0.6842105263157895,0.6341463414634146,0.28,0.0,0.05398230088495575,0.0029498525073746312,R108,R,1
36,0.6631578947368421,0.7560975609756098,0.16,0.0,0.052507374631268436,0.0029498525073746312,R108,R,1
37,0.021052631578947368,0.6951219512195121,0.1,0.0,0.052507374631268436,0.0029498525073746312,R108,R,1
38,0.21052631578947367,0.2073170731707317,0.16,0.0,0.0584070796460177,0.0029498525073746312,R108,R,1
39,0.05263157894736842,0.024390243902439025,0.32,0.021533923303834808,0.0303834808259587,0.0029498525073746312,R108,R,1
40,0.631578947368421,0.10975609756097561,0.62,0.0,0.05486725663716814,0.0029498525073746312,R108,R,1
41,0.42105263157894735,0.2682926829268293,0.18,0.0,0.06135693215339233,0.0029498525073746312,R108,R,1
42,0.4421052631578947,0.04878048780487805,0.1,0.0,0.056342182890855456,0.0029498525073746312,R108,R,1
43,0.25263157894736843,0.10975609756097561,0.1,0.0,0.057227138643067846,0.0029498525073746312,R108,R,1
44,0.24210526315789474,0.0,0.14,0.0,0.05457227138643068,0.0029498525073746312,R108,R,1
45,0.11578947368421053,0.13414634146341464,0.36,0.017404129793510324,0.026253687315634218,0.0029498525073746312,R108,R,1
46,0.06315789473684211,0.4268292682926829,0.32,0.0,0.05604719764011799,0.0029498525073746312,R108,R,1
47,0.021052631578947368,0.5487804878048781,0.02,0.0,0.054277286135693215,0.0029498525073746312,R108,R,1
48,0.08421052631578947,0.6463414634146342,0.54,0.0,0.05457227138643068,0.0029498525073746312,R108,R,1
49,0.1368421052631579,0.5975609756097561,0.72,0.0,0.05663716814159292,0.0029498525073746312,R108,R,1
50,0.06315789473684211,0.7926829268292683,0.6,0.0,0.05191740412979351,0.0029498525073746312,R108,R,1
51,0.49473684210526314,0.5365853658536586,0.26,0.0,0.059882005899705014,0.0029498525073746312,R108,R,1
52,0.5157894736842106,0.6707317073170732,0.2,0.0,0.05693215339233038,0.0029498525073746312,R108,R,1
53,0.28421052631578947,0.4878048780487805,0.18,0.0,0.06135693215339233,0.0029498525073746312,R108,R,1
54,0.3894736842105263,0.34146341463414637,0.28,0.025073746312684365,0.03392330383480826,0.0029498525073746312,R108,R,1
55,0.6,0.3170731707317073,0.36,0.0,0.058112094395280235,0.0029498525073746312,R108,R,1
56,0.6631578947368421,0.24390243902439024,0.04,0.03716814159292035,0.04601769911504425,0.0029498525073746312,R108,R,1
57,0.5578947368421052,0.10975609756097561,0.12,0.0,0.05604719764011799,0.0029498525073746312,R108,R,1
58,0.3368421052631579,0.10975609756097561,0.14,0.0,0.05781710914454277,0.0029498525073746312,R108,R,1
59,0.37894736842105264,0.2804878048780488,0.36,0.05309734513274336,0.061946902654867256,0.0029498525073746312,R108,R,1
60,0.22105263157894736,0.25609756097560976,0.56,0.0,0.05958702064896755,0.0029498525073746312,R108,R,1
61,0.17894736842105263,0.3780487804878049,0.06,0.0,0.05929203539823009,0.0029498525073746312,R108,R,1
62,0.12631578947368421,0.25609756097560976,0.26,0.0,0.057227138643067846,0.0029498525073746312,R108,R,1
63,0.25263157894736843,0.6707317073170732,0.38,0.01415929203539823,0.023008849557522124,0.0029498525073746312,R108,R,1
64,0.28421052631578947,0.8048780487804879,0.2,0.0,0.05457227138643068,0.0029498525073746312,R108,R,1
65,0.15789473684210525,0.9024390243902439,0.18,0.0,0.05103244837758112,0.0029498525073746312,R108,R,1
66,0.6526315789473685,0.9024390243902439,0.4,0.0,0.05014749262536873,0.0029498525073746312,R108,R,1
67,0.5157894736842106,0.8536585365853658,0.5,0.0,0.0528023598820059,0.0029498525073746312,R108,R,1
68,0.7052631578947368,0.024390243902439025,0.5,0.021533923303834808,0.0303834808259587,0.0029498525073746312,R108,R,1
69,0.5894736842105263,0.43902439024390244,0.72,0.0,0.0584070796460177,0.0029498525073746312,R108,R,1
70,0.3894736842105263,0.5365853658536586,0.12,0.011799410029498525,0.02064896755162242,0.0029498525073746312,R108,R,1
71,0.3894736842105263,0.6463414634146342,0.1,0.0,0.0584070796460177,0.0029498525073746312,R108,R,1
72,0.6,0.7926829268292683,0.3,0.0,0.05309734513274336,0.0029498525073746312,R108,R,1
73,0.49473684210526314,0.15853658536585366,0.5,0.0,0.058112094395280235,0.0029498525073746312,R108,R,1
74,0.4631578947368421,0.17073170731707318,0.18,0.0,0.05870206489675516,0.0029498525073746312,R108,R,1
75,0.4842105263157895,0.12195121951219512,0.16,0.041002949852507374,0.04985250737463127,0.0029498525073746312,R108,R,1
76,0.5157894736842106,0.0975609756097561,0.36,0.0,0.05663716814159292,0.0029498525073746312,R108,R,1
77,0.5157894736842106,0.47560975609756095,0.26,0.018584070796460177,0.02743362831858407,0.0029498525073746312,R108,R,1
78,0.5578947368421052,0.4878048780487805,0.28,0.04985250737463127,0.05870206489675516,0.0029498525073746312,R108,R,1
79,0.6421052631578947,0.5975609756097561,0.06,0.0,0.05545722713864307,0.0029498525073746312,R108,R,1
80,0.6,0.5487804878048781,0.46,0.024188790560471976,0.03303834808259587,0.0029498525073746312,R108,R,1
81,0.5894736842105263,0.4146341463414634,0.12,0.0,0.0584070796460177,0.0029498525073746312,R108,R,1
82,0.5789473684210527,0.6219512195121951,0.52,0.0,0.05663716814159292,0.0029498525073746312,R108,R,1
83,0.15789473684210525,0.5365853658536586,0.32,0.0,0.05781710914454277,0.0029498525073746312,R108,R,1
84,0.14736842105263157,0.4146341463414634,0.22,0.0,0.0584070796460177,0.0029498525073746312,R108,R,1
85,0.11578947368421053,0.34146341463414637,0.14,0.026843657817109144,0.03569321533923304,0.0029498525073746312,R108,R,1
86,0.16842105263157894,0.23170731707317074,0.82,0.0,0.05781710914454277,0.0029498525073746312,R108,R,1
87,0.042105263157894736,0.18292682926829268,0.7,0.0,0.054277286135693215,0.0029498525073746312,R108,R,1
88,0.29473684210526313,0.18292682926829268,0.52,0.02448377581120944,0.03333333333333333,0.0029498525073746312,R108,R,1
89,0.2736842105263158,0.5975609756097561,0.18,0.0,0.058997050147492625,0.0029498525073746312,R108,R,1
90,0.2736842105263158,0.3902439024390244,0.3,0.0,0.06224188790560472,0.0029498525073746312,R108,R,1
91,0.3263157894736842,0.7804878048780488,0.06,0.0,0.055162241887905604,0.0029498525073746312,R108,R,1
92,0.15789473684210525,0.1951219512195122,0.02,0.0,0.057227138643067846,0.0029498525073746312,R108,R,1
93,0.23157894736842105,0.23170731707317074,0.04,0.005309734513274336,0.01415929203539823,0.0029498525073746312,R108,R,1
94,0.18947368421052632,0.25609756097560976,0.44,0.0,0.05870206489675516,0.0029498525073746312,R108,R,1
95,0.2736842105263158,0.2926829268292683,0.54,0.0,0.061061946902654866,0.0029498525073746312,R108,R,1
96,0.2631578947368421,0.25609756097560976,0.4,0.0,0.06047197640117994,0.0029498525073746312,R108,R,1
97,0.23157894736842105,0.2926829268292683,0.22,0.0,0.06017699115044248,0.0029498525073746312,R108,R,1
98,0.2631578947368421,0.21951219512195122,0.24,0.0,0.05958702064896755,0.0029498525073746312,R108,R,1
99,0.2,0.21951219512195122,0.2,0.0,0.0584070796460177,0.0029498525073746312,R108,R,1
100,0.21052631578947367,0.2804878048780488,0.18,0.021533923303834808,0.0303834808259587,0.0029498525073746312,R108,R,1
101,0.18947368421052632,0.18292682926829268,0.34,0.048672566371681415,0.05752212389380531,0.0029498525073746312,R108,R,1
1,0.3684210526315789,0.3902439024390244,0.0,0.0,0.06784660766961652,0.0,R109,R,1
2,0.43157894736842106,0.5609756097560976,0.2,0.039233038348082595,0.0584070796460177,0.0029498525073746312,R109,R,1
3,0.3684210526315789,0.17073170731707318,0.14,0.006489675516224189,0.02566371681415929,0.0029498525073746312,R109,R,1
4,0.5789473684210527,0.5121951219512195,0.26,0.028908554572271386,0.04218289085545723,0.0029498525073746312,R109,R,1
5,0.5789473684210527,0.2073170731707317,0.38,0.036283185840707964,0.054277286135693215,0.0029498525073746312,R109,R,1
6,0.15789473684210525,0.32926829268292684,0.52,0.0058997050147492625,0.02743362831858407,0.0029498525073746312,R109,R,1
7,0.2631578947368421,0.32926829268292684,0.06,0.022418879056047197,0.03864306784660767,0.0029498525073746312,R109,R,1
8,0.21052631578947367,0.573170731707317,0.1,0.01799410029498525,0.032448377581120944,0.0029498525073746312,R109,R,1
9,0.10526315789473684,0.4878048780487805,0.18,0.022123893805309734,0.03657817109144543,0.0029498525073746312,R109,R,1
10,0.5789473684210527,0.6951219512195121,0.32,0.02182890855457227,0.03805309734513274,0.0029498525073746312,R109,R,1
11,0.3157894736842105,0.6951219512195121,0.32,0.031563421828908554,0.04424778761061947,0.0029498525073746312,R109,R,1
12,0.21052631578947367,0.7560975609756098,0.24,0.012389380530973451,0.029793510324483775,0.0029498525073746312,R109,R,1
13,0.5263157894736842,0.3902439024390244,0.38,0.011209439528023599,0.028613569321533923,0.0029498525073746312,R109,R,1
14,0.3157894736842105,0.2682926829268293,0.46,0.03864306784660767,0.05781710914454277,0.0029498525073746312,R109,R,1
15,0.15789473684210525,0.08536585365853659,0.4,0.00943952802359882,0.033628318584070796,0.0029498525073746312,R109,R,1
16,0.3157894736842105,0.024390243902439025,0.16,0.01032448377581121,0.02831858407079646,0.0029498525073746312,R109,R,1
17,0.10526315789473684,0.2073170731707317,0.38,0.015339233038348082,0.031563421828908554,0.0029498525073746312,R109,R,1
18,0.05263157894736842,0.32926829268292684,0.04,0.03657817109144543,0.05575221238938053,0.0029498525073746312,R109,R,1
19,0.21052631578947367,0.45121951219512196,0.24,0.020353982300884955,0.033628318584070796,0.0029498525073746312,R109,R,1
20,0.15789473684210525,0.6951219512195121,0.34,0.015339233038348082,0.03215339233038348,0.0029498525073746312,R109,R,1
21,0.47368421052631576,0.7560975609756098,0.18,0.030973451327433628,0.04601769911504425,0.0029498525073746312,R109,R,1
22,0.47368421052631576,0.2073170731707317,0.22,0.010914454277286136,0.02831858407079646,0.0029498525073746312,R109,R,1
23,0.47368421052631576,0.08536585365853659,0.36,0.022418879056047197,0.03746312684365782,0.0029498525073746312,R109,R,1
24,0.5789473684210527,0.024390243902439025,0.58,0.012684365781710914,0.03008849557522124,0.0029498525073746312,R109,R,1
25,0.6842105263157895,0.3902439024390244,0.06,0.03657817109144543,0.05604719764011799,0.0029498525073746312,R109,R,1
26,0.6842105263157895,0.2073170731707317,0.12,0.03569321533923304,0.05486725663716814,0.0029498525073746312,R109,R,1
27,0.47368421052631576,0.32926829268292684,0.34,0.03303834808259587,0.04749262536873156,0.0029498525073746312,R109,R,1
28,0.3684210526315789,0.45121951219512196,0.32,0.002359882005899705,0.022123893805309734,0.0029498525073746312,R109,R,1
29,0.43157894736842106,0.4146341463414634,0.32,0.0032448377581120944,0.022418879056047197,0.0029498525073746312,R109,R,1
30,0.6736842105263158,0.47560975609756095,0.18,0.010914454277286136,0.028908554572271386,0.0029498525073746312,R109,R,1
31,0.42105263157894735,0.6951219512195121,0.42,0.014454277286135693,0.03008849557522124,0.0029498525073746312,R109,R,1
32,0.3263157894736842,0.5975609756097561,0.54,0.007079646017699115,0.025073746312684365,0.0029498525073746312,R109,R,1
33,0.3684210526315789,0.8048780487804879,0.46,0.03421828908554572,0.051622418879056046,0.0029498525073746312,R109,R,1
34,0.5578947368421052,0.5975609756097561,0.22,0.007079646017699115,0.027138643067846607,0.0029498525073746312,R109,R,1
35,0.6842105263157895,0.6341463414634146,0.28,0.02831858407079646,0.04336283185840708,0.0029498525073746312,R109,R,1
36,0.6631578947368421,0.7560975609756098,0.16,0.03421828908554572,0.052507374631268436,0.0029498525073746312,R109,R,1
37,0.021052631578947368,0.6951219512195121,0.1,0.012094395280235988,0.03303834808259587,0.0029498525073746312,R109,R,1
38,0.21052631578947367,0.2073170731707317,0.16,0.03333333333333333,0.04837758112094395,0.0029498525073746312,R109,R,1
39,0.05263157894736842,0.024390243902439025,0.32,0.017699115044247787,0.03392330383480826,0.0029498525073746312,R109,R,1
40,0.631578947368421,0.10975609756097561,0.62,0.009734513274336283,0.032448377581120944,0.0029498525073746312,R109,R,1
41,0.42105263157894735,0.2682926829268293,0.18,0.019174041297935103,0.033628318584070796,0.0029498525073746312,R109,R,1
42,0.4421052631578947,0.04878048780487805,0.1,0.021238938053097345,0.03864306784660767,0.0029498525073746312,R109,R,1
43,0.25263157894736843,0.10975609756097561,0.1,0.007374631268436578,0.026843657817109144,0.0029498525073746312,R109,R,1
44,0.24210526315789474,0.0,0.14,0.03274336283185841,0.047787610619469026,0.0029498525073746312,R109,R,1
45,0.11578947368421053,0.13414634146341464,0.36,0.01327433628318584,0.03008849557522124,0.0029498525073746312,R109,R,1
46,0.06315789473684211,0.4268292682926829,0.32,0.00855457227138643,0.02920353982300885,0.0029498525073746312,R109,R,1
47,0.021052631578947368,0.5487804878048781,0.02,0.027138643067846607,0.04454277286135693,0.0029498525073746312,R109,R,1
48,0.08421052631578947,0.6463414634146342,0.54,0.010029498525073746,0.030973451327433628,0.0029498525073746312,R109,R,1
49,0.1368421052631579,0.5975609756097561,0.72,0.03775811209439528,0.05663716814159292,0.0029498525073746312,R109,R,1
50,0.06315789473684211,0.7926829268292683,0.6,0.02743362831858407,0.03893805309734513,0.0029498525073746312,R109,R,1
51,0.49473684210526314,0.5365853658536586,0.26,0.03008849557522124,0.045722713864306784,0.0029498525073746312,R109,R,1
52,0.5157894736842106,0.6707317073170732,0.2,0.01887905604719764,0.03569321533923304,0.0029498525073746312,R109,R,1
53,0.28421052631578947,0.4878048780487805,0.18,0.007669616519174041,0.02566371681415929,0.0029498525073746312,R109,R,1
54,0.3894736842105263,0.34146341463414637,0.28,0.022123893805309734,0.03657817109144543,0.0029498525073746312,R109,R,1
55,0.6,0.3170731707317073,0.36,0.03480825958702065,0.050442477876106194,0.0029498525073746312,R109,R,1
56,0.6631578947368421,0.24390243902439024,0.04,0.03274336283185841,0.05014749262536873,0.0029498525073746312,R109,R,1
57,0.5578947368421052,0.10975609756097561,0.12,0.03126843657817109,0.04808259587020649,0.0029498525073746312,R109,R,1
58,0.3368421052631579,0.10975609756097561,0.14,0.02271386430678466,0.03952802359882006,0.0029498525073746312,R109,R,1
59,0.37894736842105264,0.2804878048780488,0.36,0.04336283185840708,0.061946902654867256,0.0029498525073746312,R109,R,1
60,0.22105263157894736,0.25609756097560976,0.56,0.005014749262536873,0.029498525073746312,0.0029498525073746312,R109,R,1
61,0.17894736842105263,0.3780487804878049,0.06,0.03952802359882006,0.05870206489675516,0.0029498525073746312,R109,R,1
62,0.12631578947368421,0.25609756097560976,0.26,0.016224188790560472,0.03126843657817109,0.0029498525073746312,R109,R,1
63,0.25263157894736843,0.6707317073170732,0.38,0.008849557522123894,0.028023598820058997,0.0029498525073746312,R109,R,1
64,0.28421052631578947,0.8048780487804879,0.2,0.010029498525073746,0.0303834808259587,0.0029498525073746312,R109,R,1
65,0.15789473684210525,0.9024390243902439,0.18,0.01415929203539823,0.031563421828908554,0.0029498525073746312,R109,R,1
66,0.6526315789473685,0.9024390243902439,0.4,0.014454277286135693,0.03333333333333333,0.0029498525073746312,R109,R,1
67,0.5157894736842106,0.8536585365853658,0.5,0.030678466076696165,0.046902654867256637,0.0029498525073746312,R109,R,1
68,0.7052631578947368,0.024390243902439025,0.5,0.017404129793510324,0.03421828908554572,0.0029498525073746312,R109,R,1
69,0.5894736842105263,0.43902439024390244,0.72,0.034513274336283185,0.05191740412979351,0.0029498525073746312,R109,R,1
70,0.3894736842105263,0.5365853658536586,0.12,0.006784660766961652,0.02536873156342183,0.0029498525073746312,R109,R,1
71,0.3894736842105263,0.6463414634146342,0.1,0.036283185840707964,0.0584070796460177,0.0029498525073746312,R109,R,1
72,0.6,0.7926829268292683,0.3,0.01592920353982301,0.03215339233038348,0.0029498525073746312,R109,R,1
73,0.49473684210526314,0.15853658536585366,0.5,0.006489675516224189,0.02831858407079646,0.0029498525073746312,R109,R,1
74,0.4631578947368421,0.17073170731707318,0.18,0.016519174041297935,0.03215339233038348,0.0029498525073746312,R109,R,1
75,0.4842105263157895,0.12195121951219512,0.16,0.036283185840707964,0.054277286135693215,0.0029498525073746312,R109,R,1
76,0.5157894736842106,0.0975609756097561,0.36,0.01327433628318584,0.03008849557522124,0.0029498525073746312,R109,R,1
77,0.5157894736842106,0.47560975609756095,0.26,0.015339233038348082,0.0303834808259587,0.0029498525073746312,R109,R,1
78,0.5578947368421052,0.4878048780487805,0.28,0.040117994100294985,0.058997050147492625,0.0029498525073746312,R109,R,1
79,0.6421052631578947,0.5975609756097561,0.06,0.02094395280235988,0.038348082595870206,0.0029498525073746312,R109,R,1
80,0.6,0.5487804878048781,0.46,0.021238938053097345,0.03569321533923304,0.0029498525073746312,R109,R,1
81,0.5894736842105263,0.4146341463414634,0.12,0.03982300884955752,0.0584070796460177,0.0029498525073746312,R109,R,1
82,0.5789473684210527,0.6219512195121951,0.52,0.023008849557522124,0.03510324483775811,0.0029498525073746312,R109,R,1
83,0.15789473684210525,0.5365853658536586,0.32,0.00855457227138643,0.02654867256637168,0.0029498525073746312,R109,R,1
84,0.14736842105263157,0.4146341463414634,0.22,0.006194690265486726,0.026253687315634218,0.0029498525073746312,R109,R,1
85,0.11578947368421053,0.34146341463414637,0.14,0.023893805309734513,0.038348082595870206,0.0029498525073746312,R109,R,1
86,0.16842105263157894,0.23170731707317074,0.82,0.02064896755162242,0.03569321533923304,0.0029498525073746312,R109,R,1
87,0.042105263157894736,0.18292682926829268,0.7,0.02182890855457227,0.036283185840707964,0.0029498525073746312,R109,R,1
88,0.29473684210526313,0.18292682926829268,0.52,0.023303834808259587,0.03421828908554572,0.0029498525073746312,R109,R,1
89,0.2736842105263158,0.5975609756097561,0.18,0.014749262536873156,0.031563421828908554,0.0029498525073746312,R109,R,1
90,0.2736842105263158,0.3902439024390244,0.3,0.041002949852507374,0.06224188790560472,0.0029498525073746312,R109,R,1
91,0.3263157894736842,0.7804878048780488,0.06,0.021533923303834808,0.03716814159292035,0.0029498525073746312,R109,R,1
92,0.15789473684210525,0.1951219512195122,0.02,0.03893805309734513,0.057227138643067846,0.0029498525073746312,R109,R,1
93,0.23157894736842105,0.23170731707317074,0.04,0.005309734513274336,0.025958702064896755,0.0029498525073746312,R109,R,1
94,0.18947368421052632,0.25609756097560976,0.44,0.03805309734513274,0.05870206489675516,0.0029498525073746312,R109,R,1
95,0.2736842105263158,0.2926829268292683,0.54,0.023893805309734513,0.03775811209439528,0.0029498525073746312,R109,R,1
96,0.2631578947368421,0.25609756097560976,0.4,0.004129793510324484,0.023008849557522124,0.0029498525073746312,R109,R,1
97,0.23157894736842105,0.2926829268292683,0.22,0.033628318584070796,0.048672566371681415,0.0029498525073746312,R109,R,1
98,0.2631578947368421,0.21951219512195122,0.24,0.03392330383480826,0.0471976401179941,0.0029498525073746312,R109,R,1
99,0.2,0.21951219512195122,0.2,0.00943952802359882,0.02743362831858407,0.0029498525073746312,R109,R,1
100,0.21052631578947367,0.2804878048780488,0.18,0.017699115044247787,0.03392330383480826,0.0029498525073746312,R109,R,1
101,0.18947368421052632,0.18292682926829268,0.34,0.036283185840707964,0.05752212389380531,0.0029498525073746312,R109,R,1
1,0.3684210526315789,0.3902439024390244,0.0,0.0,0.06784660766961652,0.0,R110,R,1
2,0.43157894736842106,0.5609756097560976,0.2,0.038348082595870206,0.05929203539823009,0.0029498525073746312,R110,R,1
3,0.3684210526315789,0.17073170731707318,0.14,0.0058997050147492625,0.026253687315634218,0.0029498525073746312,R110,R,1
4,0.5789473684210527,0.5121951219512195,0.26,0.03126843657817109,0.03982300884955752,0.0029498525073746312,R110,R,1
5,0.5789473684210527,0.2073170731707317,0.38,0.02094395280235988,0.05752212389380531,0.0029498525073746312,R110,R,1
6,0.15789473684210525,0.32926829268292684,0.52,0.0058997050147492625,0.031563421828908554,0.0029498525073746312,R110,R,1
7,0.2631578947368421,0.32926829268292684,0.06,0.01592920353982301,0.04513274336283186,0.0029498525073746312,R110,R,1
8,0.21052631578947367,0.573170731707317,0.1,0.019469026548672566,0.030973451327433628,0.0029498525073746312,R110,R,1
9,0.10526315789473684,0.4878048780487805,0.18,0.01799410029498525,0.04070796460176991,0.0029498525073746312,R110,R,1
10,0.5789473684210527,0.6951219512195121,0.32,0.015634218289085546,0.04424778761061947,0.0029498525073746312,R110,R,1
11,0.3157894736842105,0.6951219512195121,0.32,0.029793510324483775,0.04601769911504425,0.0029498525073746312,R110,R,1
12,0.21052631578947367,0.7560975609756098,0.24,0.009734513274336283,0.044837758112094395,0.0029498525073746312,R110,R,1
13,0.5263157894736842,0.3902439024390244,0.38,0.011209439528023599,0.028613569321533923,0.0029498525073746312,R110,R,1
14,0.3157894736842105,0.2682926829268293,0.46,0.02064896755162242,0.06135693215339233,0.0029498525073746312,R110,R,1
15,0.15789473684210525,0.08536585365853659,0.4,0.00943952802359882,0.04041297935103245,0.0029498525073746312,R110,R,1
16,0.3157894736842105,0.024390243902439025,0.16,0.008849557522123894,0.04542772861356932,0.0029498525073746312,R110,R,1
17,0.10526315789473684,0.2073170731707317,0.38,0.01592920353982301,0.030973451327433628,0.0029498525073746312,R110,R,1
18,0.05263157894736842,0.32926829268292684,0.04,0.01504424778761062,0.05575221238938053,0.0029498525073746312,R110,R,1
19,0.21052631578947367,0.45121951219512196,0.24,0.02271386430678466,0.03126843657817109,0.0029498525073746312,R110,R,1
20,0.15789473684210525,0.6951219512195121,0.34,0.015634218289085546,0.03185840707964602,0.0029498525073746312,R110,R,1
21,0.47368421052631576,0.7560975609756098,0.18,0.03215339233038348,0.044837758112094395,0.0029498525073746312,R110,R,1
22,0.47368421052631576,0.2073170731707317,0.22,0.010914454277286136,0.02831858407079646,0.0029498525073746312,R110,R,1
23,0.47368421052631576,0.08536585365853659,0.36,0.017404129793510324,0.04247787610619469,0.0029498525073746312,R110,R,1
24,0.5789473684210527,0.024390243902439025,0.58,0.010619469026548672,0.045722713864306784,0.0029498525073746312,R110,R,1
25,0.6842105263157895,0.3902439024390244,0.06,0.03480825958702065,0.05604719764011799,0.0029498525073746312,R110,R,1
26,0.6842105263157895,0.2073170731707317,0.12,0.013864306784660767,0.05486725663716814,0.0029498525073746312,R110,R,1
27,0.47368421052631576,0.32926829268292684,0.34,0.034513274336283185,0.04601769911504425,0.0029498525073746312,R110,R,1
28,0.3684210526315789,0.45121951219512196,0.32,0.0014749262536873156,0.04601769911504425,0.0029498525073746312,R110,R,1
29,0.43157894736842106,0.4146341463414634,0.32,0.002359882005899705,0.023303834808259587,0.0029498525073746312,R110,R,1
30,0.6736842105263158,0.47560975609756095,0.18,0.010914454277286136,0.028908554572271386,0.0029498525073746312,R110,R,1
31,0.42105263157894735,0.6951219512195121,0.42,0.008259587020648967,0.036283185840707964,0.0029498525073746312,R110,R,1
32,0.3263157894736842,0.5975609756097561,0.54,0.007079646017699115,0.025073746312684365,0.0029498525073746312,R110,R,1
33,0.3684210526315789,0.8048780487804879,0.46,0.03421828908554572,0.051622418879056046,0.0029498525073746312,R110,R,1
34,0.5578947368421052,0.5975609756097561,0.22,0.007079646017699115,0.0528023598820059,0.0029498525073746312,R110,R,1
35,0.6842105263157895,0.6341463414634146,0.28,0.029498525073746312,0.04218289085545723,0.0029498525073746312,R110,R,1
36,0.6631578947368421,0.7560975609756098,0.16,0.014749262536873156,0.052507374631268436,0.0029498525073746312,R110,R,1
37,0.021052631578947368,0.6951219512195121,0.1,0.012094395280235988,0.052507374631268436,0.0029498525073746312,R110,R,1
38,0.21052631578947367,0.2073170731707317,0.16,0.034513274336283185,0.0471976401179941,0.0029498525073746312,R110,R,1
39,0.05263157894736842,0.024390243902439025,0.32,0.012389380530973451,0.04277286135693215,0.0029498525073746312,R110,R,1
40,0.631578947368421,0.10975609756097561,0.62,0.009734513274336283,0.05486725663716814,0.0029498525073746312,R110,R,1
41,0.42105263157894735,0.2682926829268293,0.18,0.01504424778761062,0.03775811209439528,0.0029498525073746312,R110,R,1
42,0.4421052631578947,0.04878048780487805,0.1,0.012979351032448377,0.046902654867256637,0.0029498525073746312,R110,R,1
43,0.25263157894736843,0.10975609756097561,0.1,0.007374631268436578,0.05073746312684366,0.0029498525073746312,R110,R,1
44,0.24210526315789474,0.0,0.14,0.03392330383480826,0.04660766961651917,0.0029498525073746312,R110,R,1
45,0.11578947368421053,0.13414634146341464,0.36,0.009144542772861357,0.04070796460176991,0.0029498525073746312,R110,R,1
46,0.06315789473684211,0.4268292682926829,0.32,0.00855457227138643,0.05575221238938053,0.0029498525073746312,R110,R,1
47,0.021052631578947368,0.5487804878048781,0.02,0.02743362831858407,0.04424778761061947,0.0029498525073746312,R110,R,1
48,0.08421052631578947,0.6463414634146342,0.54,0.010029498525073746,0.03421828908554572,0.0029498525073746312,R110,R,1
49,0.1368421052631579,0.5975609756097561,0.72,0.03687315634218289,0.05663716814159292,0.0029498525073746312,R110,R,1
50,0.06315789473684211,0.7926829268292683,0.6,0.02743362831858407,0.03893805309734513,0.0029498525073746312,R110,R,1
51,0.49473684210526314,0.5365853658536586,0.26,0.030973451327433628,0.044837758112094395,0.0029498525073746312,R110,R,1
52,0.5157894736842106,0.6707317073170732,0.2,0.019469026548672566,0.03510324483775811,0.0029498525073746312,R110,R,1
53,0.28421052631578947,0.4878048780487805,0.18,0.007374631268436578,0.025958702064896755,0.0029498525073746312,R110,R,1
54,0.3894736842105263,0.34146341463414637,0.28,0.018289085545722714,0.04041297935103245,0.0029498525073746312,R110,R,1
55,0.6,0.3170731707317073,0.36,0.03569321533923304,0.049557522123893805,0.0029498525073746312,R110,R,1
56,0.6631578947368421,0.24390243902439024,0.04,0.02064896755162242,0.05575221238938053,0.0029498525073746312,R110,R,1
57,0.5578947368421052,0.10975609756097561,0.12,0.023893805309734513,0.05545722713864307,0.0029498525073746312,R110,R,1
58,0.3368421052631579,0.10975609756097561,0.14,0.023008849557522124,0.039233038348082595,0.0029498525073746312,R110,R,1
59,0.37894736842105264,0.2804878048780488,0.36,0.023303834808259587,0.061946902654867256,0.0029498525073746312,R110,R,1
60,0.22105263157894736,0.25609756097560976,0.56,0.005014749262536873,0.036283185840707964,0.0029498525073746312,R110,R,1
61,0.17894736842105263,0.3780487804878049,0.06,0.038348082595870206,0.05929203539823009,0.0029498525073746312,R110,R,1
62,0.12631578947368421,0.25609756097560976,0.26,0.017404129793510324,0.03008849557522124,0.0029498525073746312,R110,R,1
63,0.25263157894736843,0.6707317073170732,0.38,0.007374631268436578,0.04837758112094395,0.0029498525073746312,R110,R,1
64,0.28421052631578947,0.8048780487804879,0.2,0.010029498525073746,0.03303834808259587,0.0029498525073746312,R110,R,1
65,0.15789473684210525,0.9024390243902439,0.18,0.013569321533923304,0.048672566371681415,0.0029498525073746312,R110,R,1
66,0.6526315789473685,0.9024390243902439,0.4,0.014454277286135693,0.05014749262536873,0.0029498525073746312,R110,R,1
67,0.5157894736842106,0.8536585365853658,0.5,0.02271386430678466,0.0528023598820059,0.0029498525073746312,R110,R,1
68,0.7052631578947368,0.024390243902439025,0.5,0.012684365781710914,0.04424778761061947,0.0029498525073746312,R110,R,1
69,0.5894736842105263,0.43902439024390244,0.72,0.024188790560471976,0.0584070796460177,0.0029498525073746312,R110,R,1
70,0.3894736842105263,0.5365853658536586,0.12,0.0035398230088495575,0.04188790560471976,0.0029498525073746312,R110,R,1
71,0.3894736842105263,0.6463414634146342,0.1,0.006194690265486726,0.0584070796460177,0.0029498525073746312,R110,R,1
72,0.6,0.7926829268292683,0.3,0.016814159292035398,0.03126843657817109,0.0029498525073746312,R110,R,1
73,0.49473684210526314,0.15853658536585366,0.5,0.006489675516224189,0.032448377581120944,0.0029498525073746312,R110,R,1
74,0.4631578947368421,0.17073170731707318,0.18,0.017699115044247787,0.030973451327433628,0.0029498525073746312,R110,R,1
75,0.4842105263157895,0.12195121951219512,0.16,0.021533923303834808,0.05752212389380531,0.0029498525073746312,R110,R,1
76,0.5157894736842106,0.0975609756097561,0.36,0.013569321533923304,0.029793510324483775,0.0029498525073746312,R110,R,1
77,0.5157894736842106,0.47560975609756095,0.26,0.010619469026548672,0.03510324483775811,0.0029498525073746312,R110,R,1
78,0.5578947368421052,0.4878048780487805,0.28,0.019174041297935103,0.058997050147492625,0.0029498525073746312,R110,R,1
79,0.6421052631578947,0.5975609756097561,0.06,0.012684365781710914,0.04660766961651917,0.0029498525073746312,R110,R,1
80,0.6,0.5487804878048781,0.46,0.01710914454277286,0.03982300884955752,0.0029498525073746312,R110,R,1
81,0.5894736842105263,0.4146341463414634,0.12,0.020353982300884955,0.0584070796460177,0.0029498525073746312,R110,R,1
82,0.5789473684210527,0.6219512195121951,0.52,0.02566371681415929,0.032448377581120944,0.0029498525073746312,R110,R,1
83,0.15789473684210525,0.5365853658536586,0.32,0.008259587020648967,0.026843657817109144,0.0029498525073746312,R110,R,1
84,0.14736842105263157,0.4146341463414634,0.22,0.006194690265486726,0.028613569321533923,0.0029498525073746312,R110,R,1
85,0.11578947368421053,0.34146341463414637,0.14,0.020058997050147492,0.04218289085545723,0.0029498525073746312,R110,R,1
86,0.16842105263157894,0.23170731707317074,0.82,0.02182890855457227,0.034513274336283185,0.0029498525073746312,R110,R,1
87,0.042105263157894736,0.18292682926829268,0.7,0.023303834808259587,0.03480825958702065,0.0029498525073746312,R110,R,1
88,0.29473684210526313,0.18292682926829268,0.52,0.024778761061946902,0.03274336283185841,0.0029498525073746312,R110,R,1
89,0.2736842105263158,0.5975609756097561,0.18,0.007079646017699115,0.039233038348082595,0.0029498525073746312,R110,R,1
90,0.2736842105263158,0.3902439024390244,0.3,0.03775811209439528,0.06224188790560472,0.0029498525073746312,R110,R,1
91,0.3263157894736842,0.7804878048780488,0.06,0.022418879056047197,0.036283185840707964,0.0029498525073746312,R110,R,1
92,0.15789473684210525,0.1951219512195122,0.02,0.038348082595870206,0.057227138643067846,0.0029498525073746312,R110,R,1
93,0.23157894736842105,0.23170731707317074,0.04,0.005309734513274336,0.053392330383480825,0.0029498525073746312,R110,R,1
94,0.18947368421052632,0.25609756097560976,0.44,0.012094395280235988,0.05870206489675516,0.0029498525073746312,R110,R,1
95,0.2736842105263158,0.2926829268292683,0.54,0.025958702064896755,0.03569321533923304,0.0029498525073746312,R110,R,1
96,0.2631578947368421,0.25609756097560976,0.4,0.004129793510324484,0.02448377581120944,0.0029498525073746312,R110,R,1
97,0.23157894736842105,0.2926829268292683,0.22,0.03510324483775811,0.0471976401179941,0.0029498525073746312,R110,R,1
98,0.2631578947368421,0.21951219512195122,0.24,0.0359882005899705,0.04513274336283186,0.0029498525073746312,R110,R,1
99,0.2,0.21951219512195122,0.2,0.00943952802359882,0.02743362831858407,0.0029498525073746312,R110,R,1
100,0.21052631578947367,0.2804878048780488,0.18,0.011209439528023599,0.04041297935103245,0.0029498525073746312,R110,R,1
101,0.18947368421052632,0.18292682926829268,0.34,0.008259587020648967,0.05752212389380531,0.0029498525073746312,R110,R,1
1,0.3684210526315789,0.3902439024390244,0.0,0.0,0.06784660766961652,0.0,R111,R,1
2,0.43157894736842106,0.5609756097560976,0.2,0.004424778761061947,0.06017699115044248,0.0029498525073746312,R111,R,1
3,0.3684210526315789,0.17073170731707318,0.14,0.005309734513274336,0.05958702064896755,0.0029498525073746312,R111,R,1
4,0.5789473684210527,0.5121951219512195,0.26,0.01592920353982301,0.055162241887905604,0.0029498525073746312,R111,R,1
5,0.5789473684210527,0.2073170731707317,0.38,0.04070796460176991,0.04985250737463127,0.0029498525073746312,R111,R,1
6,0.15789473684210525,0.32926829268292684,0.52,0.0058997050147492625,0.05870206489675516,0.0029498525073746312,R111,R,1
7,0.2631578947368421,0.32926829268292684,0.06,0.022418879056047197,0.03864306784660767,0.0029498525073746312,R111,R,1
8,0.21052631578947367,0.573170731707317,0.1,0.006194690265486726,0.05014749262536873,0.0029498525073746312,R111,R,1
9,0.10526315789473684,0.4878048780487805,0.18,0.02566371681415929,0.03303834808259587,0.0029498525073746312,R111,R,1
10,0.5789473684210527,0.6951219512195121,0.32,0.025958702064896755,0.03392330383480826,0.0029498525073746312,R111,R,1
11,0.3157894736842105,0.6951219512195121,0.32,0.031563421828908554,0.04424778761061947,0.0029498525073746312,R111,R,1
12,0.21052631578947367,0.7560975609756098,0.24,0.016814159292035398,0.02536873156342183,0.0029498525073746312,R111,R,1
13,0.5263157894736842,0.3902439024390244,0.38,0.004424778761061947,0.05663716814159292,0.0029498525073746312,R111,R,1
14,0.3157894736842105,0.2682926829268293,0.46,0.04336283185840708,0.05309734513274336,0.0029498525073746312,R111,R,1
15,0.15789473684210525,0.08536585365853659,0.4,0.00943952802359882,0.055162241887905604,0.0029498525073746312,R111,R,1
16,0.3157894736842105,0.024390243902439025,0.16,0.014749262536873156,0.023893805309734513,0.0029498525073746312,R111,R,1
17,0.10526315789473684,0.2073170731707317,0.38,0.00855457227138643,0.041002949852507374,0.0029498525073746312,R111,R,1
18,0.05263157894736842,0.32926829268292684,0.04,0.03657817109144543,0.05575221238938053,0.0029498525073746312,R111,R,1
19,0.21052631578947367,0.45121951219512196,0.24,0.013864306784660767,0.040117994100294985,0.0029498525073746312,R111,R,1
20,0.15789473684210525,0.6951219512195121,0.34,0.00943952802359882,0.043067846607669616,0.0029498525073746312,R111,R,1
21,0.47368421052631576,0.7560975609756098,0.18,0.023303834808259587,0.05368731563421829,0.0029498525073746312,R111,R,1
22,0.47368421052631576,0.2073170731707317,0.22,0.005309734513274336,0.05752212389380531,0.0029498525073746312,R111,R,1
23,0.47368421052631576,0.08536585365853659,0.36,0.022418879056047197,0.03746312684365782,0.0029498525073746312,R111,R,1
24,0.5789473684210527,0.024390243902439025,0.58,0.01710914454277286,0.02566371681415929,0.0029498525073746312,R111,R,1
25,0.6842105263157895,0.3902439024390244,0.06,0.01710914454277286,0.05604719764011799,0.0029498525073746312,R111,R,1
26,0.6842105263157895,0.2073170731707317,0.12,0.04513274336283186,0.05486725663716814,0.0029498525073746312,R111,R,1
27,0.47368421052631576,0.32926829268292684,0.34,0.01710914454277286,0.06135693215339233,0.0029498525073746312,R111,R,1
28,0.3684210526315789,0.45121951219512196,0.32,0.002359882005899705,0.022123893805309734,0.0029498525073746312,R111,R,1
29,0.43157894736842106,0.4146341463414634,0.32,0.0017699115044247787,0.040117994100294985,0.0029498525073746312,R111,R,1
30,0.6736842105263158,0.47560975609756095,0.18,0.00855457227138643,0.04424778761061947,0.0029498525073746312,R111,R,1
31,0.42105263157894735,0.6951219512195121,0.42,0.014454277286135693,0.03008849557522124,0.0029498525073746312,R111,R,1
32,0.3263157894736842,0.5975609756097561,0.54,0.005014749262536873,0.0584070796460177,0.0029498525073746312,R111,R,1
33,0.3684210526315789,0.8048780487804879,0.46,0.01976401179941003,0.05486725663716814,0.0029498525073746312,R111,R,1
34,0.5578947368421052,0.5975609756097561,0.22,0.007079646017699115,0.027138643067846607,0.0029498525073746312,R111,R,1
35,0.6842105263157895,0.6341463414634146,0.28,0.010619469026548672,0.05398230088495575,0.0029498525073746312,R111,R,1
36,0.6631578947368421,0.7560975609756098,0.16,0.03421828908554572,0.052507374631268436,0.0029498525073746312,R111,R,1
37,0.021052631578947368,0.6951219512195121,0.1,0.012094395280235988,0.03303834808259587,0.0029498525073746312,R111,R,1
38,0.21052631578947367,0.2073170731707317,0.16,0.012389380530973451,0.0584070796460177,0.0029498525073746312,R111,R,1
39,0.05263157894736842,0.024390243902439025,0.32,0.02182890855457227,0.029793510324483775,0.0029498525073746312,R111,R,1
40,0.631578947368421,0.10975609756097561,0.62,0.009734513274336283,0.032448377581120944,0.0029498525073746312,R111,R,1
41,0.42105263157894735,0.2682926829268293,0.18,0.019174041297935103,0.033628318584070796,0.0029498525073746312,R111,R,1
42,0.4421052631578947,0.04878048780487805,0.1,0.021238938053097345,0.03864306784660767,0.0029498525073746312,R111,R,1
43,0.25263157894736843,0.10975609756097561,0.1,0.007374631268436578,0.026843657817109144,0.0029498525073746312,R111,R,1
44,0.24210526315789474,0.0,0.14,0.024188790560471976,0.05457227138643068,0.0029498525073746312,R111,R,1
45,0.11578947368421053,0.13414634146341464,0.36,0.017404129793510324,0.025958702064896755,0.0029498525073746312,R111,R,1
46,0.06315789473684211,0.4268292682926829,0.32,0.00855457227138643,0.02920353982300885,0.0029498525073746312,R111,R,1
47,0.021052631578947368,0.5487804878048781,0.02,0.018584070796460177,0.05309734513274336,0.0029498525073746312,R111,R,1
48,0.08421052631578947,0.6463414634146342,0.54,0.010029498525073746,0.05191740412979351,0.0029498525073746312,R111,R,1
49,0.1368421052631579,0.5975609756097561,0.72,0.007964601769911504,0.05663716814159292,0.0029498525073746312,R111,R,1
50,0.06315789473684211,0.7926829268292683,0.6,0.02743362831858407,0.03893805309734513,0.0029498525073746312,R111,R,1
51,0.49473684210526314,0.5365853658536586,0.26,0.012094395280235988,0.059882005899705014,0.0029498525073746312,R111,R,1
52,0.5157894736842106,0.6707317073170732,0.2,0.010619469026548672,0.043952802359882005,0.0029498525073746312,R111,R,1
53,0.28421052631578947,0.4878048780487805,0.18,0.0032448377581120944,0.05752212389380531,0.0029498525073746312,R111,R,1
54,0.3894736842105263,0.34146341463414637,0.28,0.02566371681415929,0.03303834808259587,0.0029498525073746312,R111,R,1
55,0.6,0.3170731707317073,0.36,0.02654867256637168,0.058112094395280235,0.0029498525073746312,R111,R,1
56,0.6631578947368421,0.24390243902439024,0.04,0.03716814159292035,0.045722713864306784,0.0029498525073746312,R111,R,1
57,0.5578947368421052,0.10975609756097561,0.12,0.03126843657817109,0.04808259587020649,0.0029498525073746312,R111,R,1
58,0.3368421052631579,0.10975609756097561,0.14,0.01415929203539823,0.04808259587020649,0.0029498525073746312,R111,R,1
59,0.37894736842105264,0.2804878048780488,0.36,0.052507374631268436,0.061946902654867256,0.0029498525073746312,R111,R,1
60,0.22105263157894736,0.25609756097560976,0.56,0.005014749262536873,0.05958702064896755,0.0029498525073746312,R111,R,1
61,0.17894736842105263,0.3780487804878049,0.06,0.02064896755162242,0.05929203539823009,0.0029498525073746312,R111,R,1
62,0.12631578947368421,0.25609756097560976,0.26,0.00855457227138643,0.03893805309734513,0.0029498525073746312,R111,R,1
63,0.25263157894736843,0.6707317073170732,0.38,0.013569321533923304,0.023303834808259587,0.0029498525073746312,R111,R,1
64,0.28421052631578947,0.8048780487804879,0.2,0.010029498525073746,0.05073746312684366,0.0029498525073746312,R111,R,1
65,0.15789473684210525,0.9024390243902439,0.18,0.01415929203539823,0.031563421828908554,0.0029498525073746312,R111,R,1
66,0.6526315789473685,0.9024390243902439,0.4,0.014454277286135693,0.03333333333333333,0.0029498525073746312,R111,R,1
67,0.5157894736842106,0.8536585365853658,0.5,0.030678466076696165,0.046902654867256637,0.0029498525073746312,R111,R,1
68,0.7052631578947368,0.024390243902439025,0.5,0.021533923303834808,0.03008849557522124,0.0029498525073746312,R111,R,1
69,0.5894736842105263,0.43902439024390244,0.72,0.034513274336283185,0.05191740412979351,0.0029498525073746312,R111,R,1
70,0.3894736842105263,0.5365853658536586,0.12,0.011504424778761062,0.02064896755162242,0.0029498525073746312,R111,R,1
71,0.3894736842105263,0.6463414634146342,0.1,0.036283185840707964,0.0584070796460177,0.0029498525073746312,R111,R,1
72,0.6,0.7926829268292683,0.3,0.011504424778761062,0.04365781710914454,0.0029498525073746312,R111,R,1
73,0.49473684210526314,0.15853658536585366,0.5,0.006489675516224189,0.058112094395280235,0.0029498525073746312,R111,R,1
74,0.4631578947368421,0.17073170731707318,0.18,0.008849557522123894,0.03982300884955752,0.0029498525073746312,R111,R,1
75,0.4842105263157895,0.12195121951219512,0.16,0.04070796460176991,0.04985250737463127,0.0029498525073746312,R111,R,1
76,0.5157894736842106,0.0975609756097561,0.36,0.007964601769911504,0.05663716814159292,0.0029498525073746312,R111,R,1
77,0.5157894736842106,0.47560975609756095,0.26,0.019174041297935103,0.02654867256637168,0.0029498525073746312,R111,R,1
78,0.5578947368421052,0.4878048780487805,0.28,0.049557522123893805,0.05870206489675516,0.0029498525073746312,R111,R,1
79,0.6421052631578947,0.5975609756097561,0.06,0.02094395280235988,0.038348082595870206,0.0029498525073746312,R111,R,1
80,0.6,0.5487804878048781,0.46,0.024778761061946902,0.03215339233038348,0.0029498525073746312,R111,R,1
81,0.5894736842105263,0.4146341463414634,0.12,0.03982300884955752,0.0584070796460177,0.0029498525073746312,R111,R,1
82,0.5789473684210527,0.6219512195121951,0.52,0.016814159292035398,0.04129793510324484,0.0029498525073746312,R111,R,1
83,0.15789473684210525,0.5365853658536586,0.32,0.006784660766961652,0.05781710914454277,0.0029498525073746312,R111,R,1
84,0.14736842105263157,0.4146341463414634,0.22,0.006194690265486726,0.0584070796460177,0.0029498525073746312,R111,R,1
85,0.11578947368421053,0.34146341463414637,0.14,0.02743362831858407,0.03480825958702065,0.0029498525073746312,R111,R,1
86,0.16842105263157894,0.23170731707317074,0.82,0.006784660766961652,0.05221238938053097,0.0029498525073746312,R111,R,1
87,0.042105263157894736,0.18292682926829268,0.7,0.014454277286135693,0.04365781710914454,0.0029498525073746312,R111,R,1
88,0.29473684210526313,0.18292682926829268,0.52,0.025958702064896755,0.031563421828908554,0.0029498525073746312,R111,R,1
89,0.2736842105263158,0.5975609756097561,0.18,0.014749262536873156,0.031563421828908554,0.0029498525073746312,R111,R,1
90,0.2736842105263158,0.3902439024390244,0.3,0.020058997050147492,0.06224188790560472,0.0029498525073746312,R111,R,1
91,0.3263157894736842,0.7804878048780488,0.06,0.013569321533923304,0.04513274336283186,0.0029498525073746312,R111,R,1
92,0.15789473684210525,0.1951219512195122,0.02,0.007374631268436578,0.057227138643067846,0.0029498525073746312,R111,R,1
93,0.23157894736842105,0.23170731707317074,0.04,0.005309734513274336,0.015634218289085546,0.0029498525073746312,R111,R,1
94,0.18947368421052632,0.25609756097560976,0.44,0.03805309734513274,0.05870206489675516,0.0029498525073746312,R111,R,1
95,0.2736842105263158,0.2926829268292683,0.54,0.01032448377581121,0.05132743362831858,0.0029498525073746312,R111,R,1
96,0.2631578947368421,0.25609756097560976,0.4,0.004129793510324484,0.06047197640117994,0.0029498525073746312,R111,R,1
97,0.23157894736842105,0.2926829268292683,0.22,0.01504424778761062,0.06017699115044248,0.0029498525073746312,R111,R,1
98,0.2631578947368421,0.21951219512195122,0.24,0.027138643067846607,0.05398230088495575,0.0029498525073746312,R111,R,1
99,0.2,0.21951219512195122,0.2,0.006194690265486726,0.0584070796460177,0.0029498525073746312,R111,R,1
100,0.21052631578947367,0.2804878048780488,0.18,0.02182890855457227,0.029793510324483775,0.0029498525073746312,R111,R,1
101,0.18947368421052632,0.18292682926829268,0.34,0.046902654867256637,0.05752212389380531,0.0029498525073746312,R111,R,1
1,0.3684210526315789,0.3902439024390244,0.0,0.0,0.06784660766961652,0.0,R112,R,1
2,0.43157894736842106,0.5609756097560976,0.2,0.021533923303834808,0.06017699115044248,0.0029498525073746312,R112,R,1
3,0.3684210526315789,0.17073170731707318,0.14,0.005309734513274336,0.04336283185840708,0.0029498525073746312,R112,R,1
4,0.5789473684210527,0.5121951219512195,0.26,0.022418879056047197,0.048672566371681415,0.0029498525073746312,R112,R,1
5,0.5789473684210527,0.2073170731707317,0.38,0.021533923303834808,0.05752212389380531,0.0029498525073746312,R112,R,1
6,0.15789473684210525,0.32926829268292684,0.52,0.0058997050147492625,0.04926253687315634,0.0029498525073746312,R112,R,1
7,0.2631578947368421,0.32926829268292684,0.06,0.014454277286135693,0.04660766961651917,0.0029498525073746312,R112,R,1
8,0.21052631578947367,0.573170731707317,0.1,0.010619469026548672,0.03982300884955752,0.0029498525073746312,R112,R,1
9,0.10526315789473684,0.4878048780487805,0.18,0.014749262536873156,0.043952802359882005,0.0029498525073746312,R112,R,1
10,0.5789473684210527,0.6951219512195121,0.32,0.013864306784660767,0.04601769911504425,0.0029498525073746312,R112,R,1
11,0.3157894736842105,0.6951219512195121,0.32,0.025073746312684365,0.05073746312684366,0.0029498525073746312,R112,R,1
12,0.21052631578947367,0.7560975609756098,0.24,0.009734513274336283,0.044837758112094395,0.0029498525073746312,R112,R,1
13,0.5263157894736842,0.3902439024390244,0.38,0.004424778761061947,0.039233038348082595,0.0029498525073746312,R112,R,1
14,0.3157894736842105,0.2682926829268293,0.46,0.023303834808259587,0.06135693215339233,0.0029498525073746312,R112,R,1
15,0.15789473684210525,0.08536585365853659,0.4,0.00943952802359882,0.055162241887905604,0.0029498525073746312,R112,R,1
16,0.3157894736842105,0.024390243902439025,0.16,0.008849557522123894,0.044837758112094395,0.0029498525073746312,R112,R,1
17,0.10526315789473684,0.2073170731707317,0.38,0.00855457227138643,0.041002949852507374,0.0029498525073746312,R112,R,1
18,0.05263157894736842,0.32926829268292684,0.04,0.017699115044247787,0.05575221238938053,0.0029498525073746312,R112,R,1
19,0.21052631578947367,0.45121951219512196,0.24,0.013864306784660767,0.040117994100294985,0.0029498525073746312,R112,R,1
20,0.15789473684210525,0.6951219512195121,0.34,0.00943952802359882,0.043067846607669616,0.0029498525073746312,R112,R,1
21,0.47368421052631576,0.7560975609756098,0.18,0.023303834808259587,0.05368731563421829,0.0029498525073746312,R112,R,1
22,0.47368421052631576,0.2073170731707317,0.22,0.005309734513274336,0.040117994100294985,0.0029498525073746312,R112,R,1
23,0.47368421052631576,0.08536585365853659,0.36,0.014749262536873156,0.04513274336283186,0.0029498525073746312,R112,R,1
24,0.5789473684210527,0.024390243902439025,0.58,0.010619469026548672,0.045722713864306784,0.0029498525073746312,R112,R,1
25,0.6842105263157895,0.3902439024390244,0.06,0.01710914454277286,0.05604719764011799,0.0029498525073746312,R112,R,1
26,0.6842105263157895,0.2073170731707317,0.12,0.016519174041297935,0.05486725663716814,0.0029498525073746312,R112,R,1
27,0.47368421052631576,0.32926829268292684,0.34,0.02566371681415929,0.05486725663716814,0.0029498525073746312,R112,R,1
28,0.3684210526315789,0.45121951219512196,0.32,0.0014749262536873156,0.04129793510324484,0.0029498525073746312,R112,R,1
29,0.43157894736842106,0.4146341463414634,0.32,0.0017699115044247787,0.040117994100294985,0.0029498525073746312,R112,R,1
30,0.6736842105263158,0.47560975609756095,0.18,0.00855457227138643,0.04424778761061947,0.0029498525073746312,R112,R,1
31,0.42105263157894735,0.6951219512195121,0.42,0.007374631268436578,0.03893805309734513,0.0029498525073746312,R112,R,1
32,0.3263157894736842,0.5975609756097561,0.54,0.005014749262536873,0.04070796460176991,0.0029498525073746312,R112,R,1
33,0.3684210526315789,0.8048780487804879,0.46,0.01976401179941003,0.05486725663716814,0.0029498525073746312,R112,R,1
34,0.5578947368421052,0.5975609756097561,0.22,0.007079646017699115,0.04749262536873156,0.0029498525073746312,R112,R,1
35,0.6842105263157895,0.6341463414634146,0.28,0.02064896755162242,0.05103244837758112,0.0029498525073746312,R112,R,1
36,0.6631578947368421,0.7560975609756098,0.16,0.01592920353982301,0.052507374631268436,0.0029498525073746312,R112,R,1
37,0.021052631578947368,0.6951219512195121,0.1,0.012094395280235988,0.052507374631268436,0.0029498525073746312,R112,R,1
38,0.21052631578947367,0.2073170731707317,0.16,0.02566371681415929,0.05604719764011799,0.0029498525073746312,R112,R,1
39,0.05263157894736842,0.024390243902439025,0.32,0.012389380530973451,0.04513274336283186,0.0029498525073746312,R112,R,1
40,0.631578947368421,0.10975609756097561,0.62,0.009734513274336283,0.05486725663716814,0.0029498525073746312,R112,R,1
41,0.42105263157894735,0.2682926829268293,0.18,0.011799410029498525,0.041002949852507374,0.0029498525073746312,R112,R,1
42,0.4421052631578947,0.04878048780487805,0.1,0.012684365781710914,0.0471976401179941,0.0029498525073746312,R112,R,1
43,0.25263157894736843,0.10975609756097561,0.1,0.007374631268436578,0.04660766961651917,0.0029498525073746312,R112,R,1
44,0.24210526315789474,0.0,0.14,0.024188790560471976,0.05457227138643068,0.0029498525073746312,R112,R,1
45,0.11578947368421053,0.13414634146341464,0.36,0.009144542772861357,0.04247787610619469,0.0029498525073746312,R112,R,1
46,0.06315789473684211,0.4268292682926829,0.32,0.00855457227138643,0.04985250737463127,0.0029498525073746312,R112,R,1
47,0.021052631578947368,0.5487804878048781,0.02,0.018584070796460177,0.05309734513274336,0.0029498525073746312,R112,R,1
48,0.08421052631578947,0.6463414634146342,0.54,0.010029498525073746,0.05191740412979351,0.0029498525073746312,R112,R,1
49,0.1368421052631579,0.5975609756097561,0.72,0.019174041297935103,0.05663716814159292,0.0029498525073746312,R112,R,1
50,0.06315789473684211,0.7926829268292683,0.6,0.021533923303834808,0.044837758112094395,0.0029498525073746312,R112,R,1
51,0.49473684210526314,0.5365853658536586,0.26,0.022123893805309734,0.05368731563421829,0.0029498525073746312,R112,R,1
52,0.5157894736842106,0.6707317073170732,0.2,0.010619469026548672,0.043952802359882005,0.0029498525073746312,R112,R,1
53,0.28421052631578947,0.4878048780487805,0.18,0.0032448377581120944,0.039233038348082595,0.0029498525073746312,R112,R,1
54,0.3894736842105263,0.34146341463414637,0.28,0.01504424778761062,0.04365781710914454,0.0029498525073746312,R112,R,1
55,0.6,0.3170731707317073,0.36,0.02654867256637168,0.058112094395280235,0.0029498525073746312,R112,R,1
56,0.6631578947368421,0.24390243902439024,0.04,0.020353982300884955,0.05575221238938053,0.0029498525073746312,R112,R,1
57,0.5578947368421052,0.10975609756097561,0.12,0.022418879056047197,0.05604719764011799,0.0029498525073746312,R112,R,1
58,0.3368421052631579,0.10975609756097561,0.14,0.01415929203539823,0.04808259587020649,0.0029498525073746312,R112,R,1
59,0.37894736842105264,0.2804878048780488,0.36,0.024778761061946902,0.061946902654867256,0.0029498525073746312,R112,R,1
60,0.22105263157894736,0.25609756097560976,0.56,0.005014749262536873,0.05398230088495575,0.0029498525073746312,R112,R,1
61,0.17894736842105263,0.3780487804878049,0.06,0.02064896755162242,0.05929203539823009,0.0029498525073746312,R112,R,1
62,0.12631578947368421,0.25609756097560976,0.26,0.00855457227138643,0.03893805309734513,0.0029498525073746312,R112,R,1
63,0.25263157894736843,0.6707317073170732,0.38,0.007374631268436578,0.04542772861356932,0.0029498525073746312,R112,R,1
64,0.28421052631578947,0.8048780487804879,0.2,0.010029498525073746,0.05073746312684366,0.0029498525073746312,R112,R,1
65,0.15789473684210525,0.9024390243902439,0.18,0.013569321533923304,0.048672566371681415,0.0029498525073746312,R112,R,1
66,0.6526315789473685,0.9024390243902439,0.4,0.014454277286135693,0.05014749262536873,0.0029498525073746312,R112,R,1
67,0.5157894736842106,0.8536585365853658,0.5,0.020058997050147492,0.0528023598820059,0.0029498525073746312,R112,R,1
68,0.7052631578947368,0.024390243902439025,0.5,0.012684365781710914,0.04601769911504425,0.0029498525073746312,R112,R,1
69,0.5894736842105263,0.43902439024390244,0.72,0.02359882005899705,0.0584070796460177,0.0029498525073746312,R112,R,1
70,0.3894736842105263,0.5365853658536586,0.12,0.0035398230088495575,0.04041297935103245,0.0029498525073746312,R112,R,1
71,0.3894736842105263,0.6463414634146342,0.1,0.01415929203539823,0.0584070796460177,0.0029498525073746312,R112,R,1
72,0.6,0.7926829268292683,0.3,0.011504424778761062,0.04365781710914454,0.0029498525073746312,R112,R,1
73,0.49473684210526314,0.15853658536585366,0.5,0.006489675516224189,0.05014749262536873,0.0029498525073746312,R112,R,1
74,0.4631578947368421,0.17073170731707318,0.18,0.008849557522123894,0.03982300884955752,0.0029498525073746312,R112,R,1
75,0.4842105263157895,0.12195121951219512,0.16,0.02182890855457227,0.05752212389380531,0.0029498525073746312,R112,R,1
76,0.5157894736842106,0.0975609756097561,0.36,0.007964601769911504,0.0415929203539823,0.0029498525073746312,R112,R,1
77,0.5157894736842106,0.47560975609756095,0.26,0.007964601769911504,0.03775811209439528,0.0029498525073746312,R112,R,1
78,0.5578947368421052,0.4878048780487805,0.28,0.021238938053097345,0.058997050147492625,0.0029498525073746312,R112,R,1
79,0.6421052631578947,0.5975609756097561,0.06,0.012389380530973451,0.046902654867256637,0.0029498525073746312,R112,R,1
80,0.6,0.5487804878048781,0.46,0.013864306784660767,0.043067846607669616,0.0029498525073746312,R112,R,1
81,0.5894736842105263,0.4146341463414634,0.12,0.021533923303834808,0.0584070796460177,0.0029498525073746312,R112,R,1
82,0.5789473684210527,0.6219512195121951,0.52,0.016814159292035398,0.04129793510324484,0.0029498525073746312,R112,R,1
83,0.15789473684210525,0.5365853658536586,0.32,0.006784660766961652,0.043067846607669616,0.0029498525073746312,R112,R,1
84,0.14736842105263157,0.4146341463414634,0.22,0.006194690265486726,0.04631268436578171,0.0029498525073746312,R112,R,1
85,0.11578947368421053,0.34146341463414637,0.14,0.016814159292035398,0.04542772861356932,0.0029498525073746312,R112,R,1
86,0.16842105263157894,0.23170731707317074,0.82,0.012979351032448377,0.04336283185840708,0.0029498525073746312,R112,R,1
87,0.042105263157894736,0.18292682926829268,0.7,0.014454277286135693,0.04365781710914454,0.0029498525073746312,R112,R,1
88,0.29473684210526313,0.18292682926829268,0.52,0.01799410029498525,0.03952802359882006,0.0029498525073746312,R112,R,1
89,0.2736842105263158,0.5975609756097561,0.18,0.006194690265486726,0.040117994100294985,0.0029498525073746312,R112,R,1
90,0.2736842105263158,0.3902439024390244,0.3,0.020058997050147492,0.06224188790560472,0.0029498525073746312,R112,R,1
91,0.3263157894736842,0.7804878048780488,0.06,0.013569321533923304,0.04513274336283186,0.0029498525073746312,R112,R,1
92,0.15789473684210525,0.1951219512195122,0.02,0.02064896755162242,0.057227138643067846,0.0029498525073746312,R112,R,1
93,0.23157894736842105,0.23170731707317074,0.04,0.005309734513274336,0.046902654867256637,0.0029498525073746312,R112,R,1
94,0.18947368421052632,0.25609756097560976,0.44,0.017699115044247787,0.05870206489675516,0.0029498525073746312,R112,R,1
95,0.2736842105263158,0.2926829268292683,0.54,0.01710914454277286,0.04454277286135693,0.0029498525073746312,R112,R,1
96,0.2631578947368421,0.25609756097560976,0.4,0.004129793510324484,0.04218289085545723,0.0029498525073746312,R112,R,1
97,0.23157894736842105,0.2926829268292683,0.22,0.026253687315634218,0.05604719764011799,0.0029498525073746312,R112,R,1
98,0.2631578947368421,0.21951219512195122,0.24,0.027138643067846607,0.05398230088495575,0.0029498525073746312,R112,R,1
99,0.2,0.21951219512195122,0.2,0.006194690265486726,0.04188790560471976,0.0029498525073746312,R112,R,1
100,0.21052631578947367,0.2804878048780488,0.18,0.009734513274336283,0.04188790560471976,0.0029498525073746312,R112,R,1
101,0.18947368421052632,0.18292682926829268,0.34,0.01504424778761062,0.05752212389380531,0.0029498525073746312,R112,R,1
1,0.3684210526315789,0.3902439024390244,0.0,0.0,0.2949852507374631,0.0,R201,R,1
2,0.43157894736842106,0.5609756097560976,0.2,0.20855457227138643,0.25014749262536873,0.0029498525073746312,R201,R,1
3,0.3684210526315789,0.17073170731707318,0.14,0.04218289085545723,0.0831858407079646,0.0029498525073746312,R201,R,1
4,0.5789473684210527,0.5121951219512195,0.26,0.15545722713864307,0.17227138643067846,0.0029498525073746312,R201,R,1
5,0.5789473684210527,0.2073170731707317,0.38,0.2,0.23628318584070795,0.0029498525073746312,R201,R,1
6,0.15789473684210525,0.32926829268292684,0.52,0.010029498525073746,0.06165191740412979,0.0029498525073746312,R201,R,1
7,0.2631578947368421,0.32926829268292684,0.06,0.1224188790560472,0.15162241887905606,0.0029498525073746312,R201,R,1
8,0.21052631578947367,0.573170731707317,0.1,0.0976401179941003,0.12094395280235988,0.0029498525073746312,R201,R,1
9,0.10526315789473684,0.4878048780487805,0.18,0.1191740412979351,0.14188790560471976,0.0029498525073746312,R201,R,1
10,0.5789473684210527,0.6951219512195121,0.32,0.11799410029498525,0.14660766961651917,0.0029498525073746312,R201,R,1
11,0.3157894736842105,0.6951219512195121,0.32,0.17020648967551621,0.1864306784660767,0.0029498525073746312,R201,R,1
12,0.21052631578947367,0.7560975609756098,0.24,0.0607669616519174,0.09587020648967552,0.0029498525073746312,R201,R,1
13,0.5263157894736842,0.3902439024390244,0.38,0.06725663716814159,0.10176991150442478,0.0029498525073746312,R201,R,1
14,0.3157894736842105,0.2682926829268293,0.46,0.20353982300884957,0.243952802359882,0.0029498525073746312,R201,R,1
15,0.15789473684210525,0.08536585365853659,0.4,0.00943952802359882,0.07168141592920355,0.0029498525073746312,R201,R,1
16,0.3157894736842105,0.024390243902439025,0.16,0.051622418879056046,0.08849557522123894,0.0029498525073746312,R201,R,1
17,0.10526315789473684,0.2073170731707317,0.38,0.08023598820058997,0.11002949852507375,0.0029498525073746312,R201,R,1
18,0.05263157894736842,0.32926829268292684,0.04,0.21622418879056046,0.25663716814159293,0.0029498525073746312,R201,R,1
19,0.21052631578947367,0.45121951219512196,0.24,0.1112094395280236,0.128023598820059,0.0029498525073746312,R201,R,1
20,0.15789473684210525,0.6951219512195121,0.34,0.07935103244837759,0.11150442477876106,0.0029498525073746312,R201,R,1
21,0.47368421052631576,0.7560975609756098,0.18,0.17138643067846607,0.19646017699115045,0.0029498525073746312,R201,R,1
22,0.47368421052631576,0.2073170731707317,0.22,0.06312684365781711,0.0976401179941003,0.0029498525073746312,R201,R,1
23,0.47368421052631576,0.08536585365853659,0.36,0.12064896755162242,0.1457227138643068,0.0029498525073746312,R201,R,1
24,0.5789473684210527,0.024390243902439025,0.58,0.0607669616519174,0.09587020648967552,0.0029498525073746312,R201,R,1
25,0.6842105263157895,0.3902439024390244,0.06,0.20766961651917404,0.24985250737463127,0.0029498525073746312,R201,R,1
26,0.6842105263157895,0.2073170731707317,0.12,0.24100294985250736,0.2820058997050148,0.0029498525073746312,R201,R,1
27,0.47368421052631576,0.32926829268292684,0.34,0.17345132743362832,0.1967551622418879,0.0029498525073746312,R201,R,1
28,0.3684210526315789,0.45121951219512196,0.32,0.030678466076696165,0.0752212389380531,0.0029498525073746312,R201,R,1
29,0.43157894736842106,0.4146341463414634,0.32,0.033628318584070796,0.0752212389380531,0.0029498525073746312,R201,R,1
30,0.6736842105263158,0.47560975609756095,0.18,0.05604719764011799,0.09233038348082596,0.0029498525073746312,R201,R,1
31,0.42105263157894735,0.6951219512195121,0.42,0.07640117994100296,0.10442477876106195,0.0029498525073746312,R201,R,1
32,0.3263157894736842,0.5975609756097561,0.54,0.044837758112094395,0.08112094395280237,0.0029498525073746312,R201,R,1
33,0.3684210526315789,0.8048780487804879,0.46,0.19469026548672566,0.22920353982300884,0.0029498525073746312,R201,R,1
34,0.5578947368421052,0.5975609756097561,0.22,0.01327433628318584,0.058997050147492625,0.0029498525073746312,R201,R,1
35,0.6842105263157895,0.6341463414634146,0.28,0.15604719764011798,0.18112094395280237,0.0029498525073746312,R201,R,1
36,0.6631578947368421,0.7560975609756098,0.16,0.20235988200589972,0.2398230088495575,0.0029498525073746312,R201,R,1
37,0.021052631578947368,0.6951219512195121,0.1,0.012094395280235988,0.06135693215339233,0.0029498525073746312,R201,R,1
38,0.21052631578947367,0.2073170731707317,0.16,0.17876106194690267,0.20442477876106194,0.0029498525073746312,R201,R,1
39,0.05263157894736842,0.024390243902439025,0.32,0.08908554572271386,0.11946902654867257,0.0029498525073746312,R201,R,1
40,0.631578947368421,0.10975609756097561,0.62,0.009734513274336283,0.06607669616519174,0.0029498525073746312,R201,R,1
41,0.42105263157894735,0.2682926829268293,0.18,0.10619469026548672,0.12890855457227138,0.0029498525073746312,R201,R,1
42,0.4421052631578947,0.04878048780487805,0.1,0.1168141592920354,0.15073746312684366,0.0029498525073746312,R201,R,1
43,0.25263157894736843,0.10975609756097561,0.1,0.007374631268436578,0.05073746312684366,0.0029498525073746312,R201,R,1
44,0.24210526315789474,0.0,0.14,0.18289085545722714,0.2079646017699115,0.0029498525073746312,R201,R,1
45,0.11578947368421053,0.13414634146341464,0.36,0.06873156342182891,0.10029498525073746,0.0029498525073746312,R201,R,1
46,0.06315789473684211,0.4268292682926829,0.32,0.00855457227138643,0.05575221238938053,0.0029498525073746312,R201,R,1
47,0.021052631578947368,0.5487804878048781,0.02,0.15191740412979352,0.18525073746312684,0.0029498525073746312,R201,R,1
48,0.08421052631578947,0.6463414634146342,0.54,0.025073746312684365,0.07374631268436578,0.0029498525073746312,R201,R,1
49,0.1368421052631579,0.5975609756097561,0.72,0.228023598820059,0.2672566371681416,0.0029498525073746312,R201,R,1
50,0.06315789473684211,0.7926829268292683,0.6,0.14778761061946902,0.1592920353982301,0.0029498525073746312,R201,R,1
51,0.49473684210526314,0.5365853658536586,0.26,0.16135693215339234,0.18938053097345134,0.0029498525073746312,R201,R,1
52,0.5157894736842106,0.6707317073170732,0.2,0.10265486725663717,0.1336283185840708,0.0029498525073746312,R201,R,1
53,0.28421052631578947,0.4878048780487805,0.18,0.05132743362831858,0.08820058997050148,0.0029498525073746312,R201,R,1
54,0.3894736842105263,0.34146341463414637,0.28,0.12212389380530973,0.14424778761061946,0.0029498525073746312,R201,R,1
55,0.6,0.3170731707317073,0.36,0.18908554572271385,0.21651917404129795,0.0029498525073746312,R201,R,1
56,0.6631578947368421,0.24390243902439024,0.04,0.18289085545722714,0.21799410029498525,0.0029498525073746312,R201,R,1
57,0.5578947368421052,0.10975609756097561,0.12,0.17256637168141592,0.20412979351032448,0.0029498525073746312,R201,R,1
58,0.3368421052631579,0.10975609756097561,0.14,0.12418879056047198,0.15634218289085547,0.0029498525073746312,R201,R,1
59,0.37894736842105264,0.2804878048780488,0.36,0.2504424778761062,0.2890855457227139,0.0029498525073746312,R201,R,1
60,0.22105263157894736,0.25609756097560976,0.56,0.005014749262536873,0.06755162241887906,0.0029498525073746312,R201,R,1
61,0.17894736842105263,0.3780487804878049,0.06,0.2126843657817109,0.2542772861356932,0.0029498525073746312,R201,R,1
62,0.12631578947368421,0.25609756097560976,0.26,0.0855457227138643,0.1112094395280236,0.0029498525073746312,R201,R,1
63,0.25263157894736843,0.6707317073170732,0.38,0.04808259587020649,0.08908554572271386,0.0029498525073746312,R201,R,1
64,0.28421052631578947,0.8048780487804879,0.2,0.010029498525073746,0.056342182890855456,0.0029498525073746312,R201,R,1
65,0.15789473684210525,0.9024390243902439,0.18,0.06312684365781711,0.09823008849557523,0.0029498525073746312,R201,R,1
66,0.6526315789473685,0.9024390243902439,0.4,0.014454277286135693,0.05545722713864307,0.0029498525073746312,R201,R,1
67,0.5157894736842106,0.8536585365853658,0.5,0.17463126843657817,0.20442477876106194,0.0029498525073746312,R201,R,1
68,0.7052631578947368,0.024390243902439025,0.5,0.08672566371681416,0.11828908554572272,0.0029498525073746312,R201,R,1
69,0.5894736842105263,0.43902439024390244,0.72,0.187905604719764,0.22182890855457227,0.0029498525073746312,R201,R,1
70,0.3894736842105263,0.5365853658536586,0.12,0.047787610619469026,0.0864306784660767,0.0029498525073746312,R201,R,1
71,0.3894736842105263,0.6463414634146342,0.1,0.23244837758112094,0.2855457227138643,0.0029498525073746312,R201,R,1
72,0.6,0.7926829268292683,0.3,0.07905604719764012,0.10825958702064897,0.0029498525073746312,R201,R,1
73,0.49473684210526314,0.15853658536585366,0.5,0.009144542772861357,0.06135693215339233,0.0029498525073746312,R201,R,1
74,0.4631578947368421,0.17073170731707318,0.18,0.09085545722713864,0.11769911504424779,0.0029498525073746312,R201,R,1
75,0.4842105263157895,0.12195121951219512,0.16,0.20088495575221238,0.23657817109144544,0.0029498525073746312,R201,R,1
76,0.5157894736842106,0.0975609756097561,0.36,0.0696165191740413,0.10176991150442478,0.0029498525073746312,R201,R,1
77,0.5157894736842106,0.47560975609756095,0.26,0.0855457227138643,0.11002949852507375,0.0029498525073746312,R201,R,1
78,0.5578947368421052,0.4878048780487805,0.28,0.24100294985250736,0.2808259587020649,0.0029498525073746312,R201,R,1
79,0.6421052631578947,0.5975609756097561,0.06,0.11327433628318584,0.1471976401179941,0.0029498525073746312,R201,R,1
80,0.6,0.5487804878048781,0.46,0.11445427728613569,0.13716814159292035,0.0029498525073746312,R201,R,1
81,0.5894736842105263,0.4146341463414634,0.12,0.24749262536873157,0.2855457227138643,0.0029498525073746312,R201,R,1
82,0.5789473684210527,0.6219512195121951,0.52,0.12123893805309735,0.13451327433628318,0.0029498525073746312,R201,R,1
83,0.15789473684210525,0.5365853658536586,0.32,0.047787610619469026,0.08525073746312685,0.0029498525073746312,R201,R,1
84,0.14736842105263157,0.4146341463414634,0.22,0.02831858407079646,0.07345132743362832,0.0029498525073746312,R201,R,1
85,0.11578947368421053,0.34146341463414637,0.14,0.12861356932153392,0.15073746312684366,0.0029498525073746312,R201,R,1
86,0.16842105263157894,0.23170731707317074,0.82,0.11091445427728613,0.1359882005899705,0.0029498525073746312,R201,R,1
87,0.042105263157894736,0.18292682926829268,0.7,0.11445427728613569,0.13716814159292035,0.0029498525073746312,R201,R,1
88,0.29473684210526313,0.18292682926829268,0.52,0.12389380530973451,0.13185840707964602,0.0029498525073746312,R201,R,1
89,0.2736842105263158,0.5975609756097561,0.18,0.08230088495575222,0.11445427728613569,0.0029498525073746312,R201,R,1
90,0.2736842105263158,0.3902439024390244,0.3,0.22271386430678466,0.2713864306784661,0.0029498525073746312,R201,R,1
91,0.3263157894736842,0.7804878048780488,0.06,0.11563421828908554,0.14365781710914455,0.0029498525073746312,R201,R,1
92,0.15789473684210525,0.1951219512195122,0.02,0.21799410029498525,0.25545722713864305,0.0029498525073746312,R201,R,1
93,0.23157894736842105,0.23170731707317074,0.04,0.005309734513274336,0.053392330383480825,0.0029498525073746312,R201,R,1
94,0.18947368421052632,0.25609756097560976,0.44,0.2392330383480826,0.28584070796460176,0.0029498525073746312,R201,R,1
95,0.2736842105263158,0.2926829268292683,0.54,0.12861356932153392,0.14837758112094396,0.0029498525073746312,R201,R,1
96,0.2631578947368421,0.25609756097560976,0.4,0.027138643067846607,0.06814159292035399,0.0029498525073746312,R201,R,1
97,0.23157894736842105,0.2926829268292683,0.22,0.17905604719764012,0.20353982300884957,0.0029498525073746312,R201,R,1
98,0.2631578947368421,0.21951219512195122,0.24,0.18053097345132743,0.19852507374631267,0.0029498525073746312,R201,R,1
99,0.2,0.21951219512195122,0.2,0.05398230088495575,0.09026548672566372,0.0029498525073746312,R201,R,1
100,0.21052631578947367,0.2804878048780488,0.18,0.09823008849557523,0.12743362831858407,0.0029498525073746312,R201,R,1
101,0.18947368421052632,0.18292682926829268,0.34,0.23539823008849559,0.28466076696165193,0.0029498525073746312,R201,R,1
1,0.3684210526315789,0.3902439024390244,0.0,0.0,0.2949852507374631,0.0,R202,R,1
2,0.43157894736842106,0.5609756097560976,0.2,0.0,0.2873156342182891,0.0029498525073746312,R202,R,1
3,0.3684210526315789,0.17073170731707318,0.14,0.0,0.2867256637168142,0.0029498525073746312,R202,R,1
4,0.5789473684210527,0.5121951219512195,0.26,0.0,0.28525073746312685,0.0029498525073746312,R202,R,1
5,0.5789473684210527,0.2073170731707317,0.38,0.2,0.23628318584070795,0.0029498525073746312,R202,R,1
6,0.15789473684210525,0.32926829268292684,0.52,0.0,0.28584070796460176,0.0029498525073746312,R202,R,1
7,0.2631578947368421,0.32926829268292684,0.06,0.1224188790560472,0.15162241887905606,0.0029498525073746312,R202,R,1
8,0.21052631578947367,0.573170731707317,0.1,0.0,0.2855457227138643,0.0029498525073746312,R202,R,1
9,0.10526315789473684,0.4878048780487805,0.18,0.1191740412979351,0.14188790560471976,0.0029498525073746312,R202,R,1
10,0.5789473684210527,0.6951219512195121,0.32,0.11799410029498525,0.14660766961651917,0.0029498525073746312,R202,R,1
11,0.3157894736842105,0.6951219512195121,0.32,0.17020648967551621,0.1864306784660767,0.0029498525073746312,R202,R,1
12,0.21052631578947367,0.7560975609756098,0.24,0.0607669616519174,0.09587020648967552,0.0029498525073746312,R202,R,1
13,0.5263157894736842,0.3902439024390244,0.38,0.0,0.28761061946902655,0.0029498525073746312,R202,R,1
14,0.3157894736842105,0.2682926829268293,0.46,0.20353982300884957,0.243952802359882,0.0029498525073746312,R202,R,1
15,0.15789473684210525,0.08536585365853659,0.4,0.00943952802359882,0.07168141592920355,0.0029498525073746312,R202,R,1
16,0.3157894736842105,0.024390243902439025,0.16,0.051622418879056046,0.08849557522123894,0.0029498525073746312,R202,R,1
17,0.10526315789473684,0.2073170731707317,0.38,0.08023598820058997,0.11002949852507375,0.0029498525073746312,R202,R,1
18,0.05263157894736842,0.32926829268292684,0.04,0.21622418879056046,0.25663716814159293,0.0029498525073746312,R202,R,1
19,0.21052631578947367,0.45121951219512196,0.24,0.1112094395280236,0.128023598820059,0.0029498525073746312,R202,R,1
20,0.15789473684210525,0.6951219512195121,0.34,0.07935103244837759,0.11150442477876106,0.0029498525073746312,R202,R,1
21,0.47368421052631576,0.7560975609756098,0.18,0.17138643067846607,0.19646017699115045,0.0029498525073746312,R202,R,1
22,0.47368421052631576,0.2073170731707317,0.22,0.0,0.28643067846607667,0.0029498525073746312,R202,R,1
23,0.47368421052631576,0.08536585365853659,0.36,0.12064896755162242,0.1457227138643068,0.0029498525073746312,R202,R,1
24,0.5789473684210527,0.024390243902439025,0.58,0.0607669616519174,0.09587020648967552,0.0029498525073746312,R202,R,1
25,0.6842105263157895,0.3902439024390244,0.06,0.20766961651917404,0.24985250737463127,0.0029498525073746312,R202,R,1
26,0.6842105263157895,0.2073170731707317,0.12,0.24100294985250736,0.2820058997050148,0.0029498525073746312,R202,R,1
27,0.47368421052631576,0.32926829268292684,0.34,0.0,0.2884955752212389,0.0029498525073746312,R202,R,1
28,0.3684210526315789,0.45121951219512196,0.32,0.030678466076696165,0.0752212389380531,0.0029498525073746312,R202,R,1
29,0.43157894736842106,0.4146341463414634,0.32,0.033628318584070796,0.0752212389380531,0.0029498525073746312,R202,R,1
30,0.6736842105263158,0.47560975609756095,0.18,0.05604719764011799,0.09233038348082596,0.0029498525073746312,R202,R,1
31,0.42105263157894735,0.6951219512195121,0.42,0.07640117994100296,0.10442477876106195,0.0029498525073746312,R202,R,1
32,0.3263157894736842,0.5975609756097561,0.54,0.0,0.2867256637168142,0.0029498525073746312,R202,R,1
33,0.3684210526315789,0.8048780487804879,0.46,0.19469026548672566,0.22920353982300884,0.0029498525073746312,R202,R,1
34,0.5578947368421052,0.5975609756097561,0.22,0.01327433628318584,0.058997050147492625,0.0029498525073746312,R202,R,1
35,0.6842105263157895,0.6341463414634146,0.28,0.0,0.28112094395280235,0.0029498525073746312,R202,R,1
36,0.6631578947368421,0.7560975609756098,0.16,0.20235988200589972,0.2398230088495575,0.0029498525073746312,R202,R,1
37,0.021052631578947368,0.6951219512195121,0.1,0.012094395280235988,0.06135693215339233,0.0029498525073746312,R202,R,1
38,0.21052631578947367,0.2073170731707317,0.16,0.0,0.2855457227138643,0.0029498525073746312,R202,R,1
39,0.05263157894736842,0.024390243902439025,0.32,0.08908554572271386,0.11946902654867257,0.0029498525073746312,R202,R,1
40,0.631578947368421,0.10975609756097561,0.62,0.009734513274336283,0.06607669616519174,0.0029498525073746312,R202,R,1
41,0.42105263157894735,0.2682926829268293,0.18,0.10619469026548672,0.12890855457227138,0.0029498525073746312,R202,R,1
42,0.4421052631578947,0.04878048780487805,0.1,0.1168141592920354,0.15073746312684366,0.0029498525073746312,R202,R,1
43,0.25263157894736843,0.10975609756097561,0.1,0.007374631268436578,0.05073746312684366,0.0029498525073746312,R202,R,1
44,0.24210526315789474,0.0,0.14,0.18289085545722714,0.2079646017699115,0.0029498525073746312,R202,R,1
45,0.11578947368421053,0.13414634146341464,0.36,0.06873156342182891,0.10029498525073746,0.0029498525073746312,R202,R,1
46,0.06315789473684211,0.4268292682926829,0.32,0.00855457227138643,0.05575221238938053,0.0029498525073746312,R202,R,1
47,0.021052631578947368,0.5487804878048781,0.02,0.15191740412979352,0.18525073746312684,0.0029498525073746312,R202,R,1
48,0.08421052631578947,0.6463414634146342,0.54,0.025073746312684365,0.07374631268436578,0.0029498525073746312,R202,R,1
49,0.1368421052631579,0.5975609756097561,0.72,0.0,0.2837758112094395,0.0029498525073746312,R202,R,1
50,0.06315789473684211,0.7926829268292683,0.6,0.14778761061946902,0.1592920353982301,0.0029498525073746312,R202,R,1
51,0.49473684210526314,0.5365853658536586,0.26,0.0,0.28702064896755164,0.0029498525073746312,R202,R,1
52,0.5157894736842106,0.6707317073170732,0.2,0.10265486725663717,0.1336283185840708,0.0029498525073746312,R202,R,1
53,0.28421052631578947,0.4878048780487805,0.18,0.0,0.2884955752212389,0.0029498525073746312,R202,R,1
54,0.3894736842105263,0.34146341463414637,0.28,0.12212389380530973,0.14424778761061946,0.0029498525073746312,R202,R,1
55,0.6,0.3170731707317073,0.36,0.18908554572271385,0.21651917404129795,0.0029498525073746312,R202,R,1
56,0.6631578947368421,0.24390243902439024,0.04,0.18289085545722714,0.21799410029498525,0.0029498525073746312,R202,R,1
57,0.5578947368421052,0.10975609756097561,0.12,0.17256637168141592,0.20412979351032448,0.0029498525073746312,R202,R,1
58,0.3368421052631579,0.10975609756097561,0.14,0.12418879056047198,0.15634218289085547,0.0029498525073746312,R202,R,1
59,0.37894736842105264,0.2804878048780488,0.36,0.2504424778761062,0.2890855457227139,0.0029498525073746312,R202,R,1
60,0.22105263157894736,0.25609756097560976,0.56,0.0,0.2867256637168142,0.0029498525073746312,R202,R,1
61,0.17894736842105263,0.3780487804878049,0.06,0.2126843657817109,0.2542772861356932,0.0029498525073746312,R202,R,1
62,0.12631578947368421,0.25609756097560976,0.26,0.0855457227138643,0.1112094395280236,0.0029498525073746312,R202,R,1
63,0.25263157894736843,0.6707317073170732,0.38,0.04808259587020649,0.08908554572271386,0.0029498525073746312,R202,R,1
64,0.28421052631578947,0.8048780487804879,0.2,0.010029498525073746,0.056342182890855456,0.0029498525073746312,R202,R,1
65,0.15789473684210525,0.9024390243902439,0.18,0.06312684365781711,0.09823008849557523,0.0029498525073746312,R202,R,1
66,0.6526315789473685,0.9024390243902439,0.4,0.014454277286135693,0.05545722713864307,0.0029498525073746312,R202,R,1
67,0.5157894736842106,0.8536585365853658,0.5,0.17463126843657817,0.20442477876106194,0.0029498525073746312,R202,R,1
68,0.7052631578947368,0.024390243902439025,0.5,0.08672566371681416,0.11828908554572272,0.0029498525073746312,R202,R,1
69,0.5894736842105263,0.43902439024390244,0.72,0.187905604719764,0.22182890855457227,0.0029498525073746312,R202,R,1
70,0.3894736842105263,0.5365853658536586,0.12,0.047787610619469026,0.0864306784660767,0.0029498525073746312,R202,R,1
71,0.3894736842105263,0.6463414634146342,0.1,0.23244837758112094,0.2855457227138643,0.0029498525073746312,R202,R,1
72,0.6,0.7926829268292683,0.3,0.07905604719764012,0.10825958702064897,0.0029498525073746312,R202,R,1
73,0.49473684210526314,0.15853658536585366,0.5,0.0,0.28525073746312685,0.0029498525073746312,R202,R,1
74,0.4631578947368421,0.17073170731707318,0.18,0.09085545722713864,0.11769911504424779,0.0029498525073746312,R202,R,1
75,0.4842105263157895,0.12195121951219512,0.16,0.20088495575221238,0.23657817109144544,0.0029498525073746312,R202,R,1
76,0.5157894736842106,0.0975609756097561,0.36,0.0,0.2837758112094395,0.0029498525073746312,R202,R,1
77,0.5157894736842106,0.47560975609756095,0.26,0.0855457227138643,0.11002949852507375,0.0029498525073746312,R202,R,1
78,0.5578947368421052,0.4878048780487805,0.28,0.24100294985250736,0.2808259587020649,0.0029498525073746312,R202,R,1
79,0.6421052631578947,0.5975609756097561,0.06,0.11327433628318584,0.1471976401179941,0.0029498525073746312,R202,R,1
80,0.6,0.5487804878048781,0.46,0.11445427728613569,0.13716814159292035,0.0029498525073746312,R202,R,1
81,0.5894736842105263,0.4146341463414634,0.12,0.24749262536873157,0.2855457227138643,0.0029498525073746312,R202,R,1
82,0.5789473684210527,0.6219512195121951,0.52,0.12123893805309735,0.13451327433628318,0.0029498525073746312,R202,R,1
83,0.15789473684210525,0.5365853658536586,0.32,0.0,0.2849557522123894,0.0029498525073746312,R202,R,1
84,0.14736842105263157,0.4146341463414634,0.22,0.0,0.2855457227138643,0.0029498525073746312,R202,R,1
85,0.11578947368421053,0.34146341463414637,0.14,0.12861356932153392,0.15073746312684366,0.0029498525073746312,R202,R,1
86,0.16842105263157894,0.23170731707317074,0.82,0.0,0.2849557522123894,0.0029498525073746312,R202,R,1
87,0.042105263157894736,0.18292682926829268,0.7,0.11445427728613569,0.13716814159292035,0.0029498525073746312,R202,R,1
88,0.29473684210526313,0.18292682926829268,0.52,0.12389380530973451,0.13185840707964602,0.0029498525073746312,R202,R,1
89,0.2736842105263158,0.5975609756097561,0.18,0.08230088495575222,0.11445427728613569,0.0029498525073746312,R202,R,1
90,0.2736842105263158,0.3902439024390244,0.3,0.22271386430678466,0.2713864306784661,0.0029498525073746312,R202,R,1
91,0.3263157894736842,0.7804878048780488,0.06,0.11563421828908554,0.14365781710914455,0.0029498525073746312,R202,R,1
92,0.15789473684210525,0.1951219512195122,0.02,0.0,0.2843657817109145,0.0029498525073746312,R202,R,1
93,0.23157894736842105,0.23170731707317074,0.04,0.005309734513274336,0.053392330383480825,0.0029498525073746312,R202,R,1
94,0.18947368421052632,0.25609756097560976,0.44,0.2392330383480826,0.28584070796460176,0.0029498525073746312,R202,R,1
95,0.2736842105263158,0.2926829268292683,0.54,0.0,0.28820058997050146,0.0029498525073746312,R202,R,1
96,0.2631578947368421,0.25609756097560976,0.4,0.0,0.28761061946902655,0.0029498525073746312,R202,R,1
97,0.23157894736842105,0.2926829268292683,0.22,0.0,0.2873156342182891,0.0029498525073746312,R202,R,1
98,0.2631578947368421,0.21951219512195122,0.24,0.18053097345132743,0.19852507374631267,0.0029498525073746312,R202,R,1
99,0.2,0.21951219512195122,0.2,0.0,0.2855457227138643,0.0029498525073746312,R202,R,1
100,0.21052631578947367,0.2804878048780488,0.18,0.09823008849557523,0.12743362831858407,0.0029498525073746312,R202,R,1
101,0.18947368421052632,0.18292682926829268,0.34,0.23539823008849559,0.28466076696165193,0.0029498525073746312,R202,R,1
1,0.3684210526315789,0.3902439024390244,0.0,0.0,0.2949852507374631,0.0,R203,R,1
2,0.43157894736842106,0.5609756097560976,0.2,0.0,0.2873156342182891,0.0029498525073746312,R203,R,1
3,0.3684210526315789,0.17073170731707318,0.14,0.0,0.2867256637168142,0.0029498525073746312,R203,R,1
4,0.5789473684210527,0.5121951219512195,0.26,0.0,0.28525073746312685,0.0029498525073746312,R203,R,1
5,0.5789473684210527,0.2073170731707317,0.38,0.2,0.23628318584070795,0.0029498525073746312,R203,R,1
6,0.15789473684210525,0.32926829268292684,0.52,0.0,0.28584070796460176,0.0029498525073746312,R203,R,1
7,0.2631578947368421,0.32926829268292684,0.06,0.1224188790560472,0.15162241887905606,0.0029498525073746312,R203,R,1
8,0.21052631578947367,0.573170731707317,0.1,0.0,0.2855457227138643,0.0029498525073746312,R203,R,1
9,0.10526315789473684,0.4878048780487805,0.18,0.1191740412979351,0.14188790560471976,0.0029498525073746312,R203,R,1
10,0.5789473684210527,0.6951219512195121,0.32,0.11799410029498525,0.14660766961651917,0.0029498525073746312,R203,R,1
11,0.3157894736842105,0.6951219512195121,0.32,0.17020648967551621,0.1864306784660767,0.0029498525073746312,R203,R,1
12,0.21052631578947367,0.7560975609756098,0.24,0.0607669616519174,0.09587020648967552,0.0029498525073746312,R203,R,1
13,0.5263157894736842,0.3902439024390244,0.38,0.0,0.28761061946902655,0.0029498525073746312,R203,R,1
14,0.3157894736842105,0.2682926829268293,0.46,0.20353982300884957,0.243952802359882,0.0029498525073746312,R203,R,1
15,0.15789473684210525,0.08536585365853659,0.4,0.0,0.28230088495575223,0.0029498525073746312,R203,R,1
16,0.3157894736842105,0.024390243902439025,0.16,0.051622418879056046,0.08849557522123894,0.0029498525073746312,R203,R,1
17,0.10526315789473684,0.2073170731707317,0.38,0.0,0.2831858407079646,0.0029498525073746312,R203,R,1
18,0.05263157894736842,0.32926829268292684,0.04,0.21622418879056046,0.25663716814159293,0.0029498525073746312,R203,R,1
19,0.21052631578947367,0.45121951219512196,0.24,0.0,0.2873156342182891,0.0029498525073746312,R203,R,1
20,0.15789473684210525,0.6951219512195121,0.34,0.0,0.28230088495575223,0.0029498525073746312,R203,R,1
21,0.47368421052631576,0.7560975609756098,0.18,0.0,0.2825958702064897,0.0029498525073746312,R203,R,1
22,0.47368421052631576,0.2073170731707317,0.22,0.0,0.28643067846607667,0.0029498525073746312,R203,R,1
23,0.47368421052631576,0.08536585365853659,0.36,0.12064896755162242,0.1457227138643068,0.0029498525073746312,R203,R,1
24,0.5789473684210527,0.024390243902439025,0.58,0.0607669616519174,0.09587020648967552,0.0029498525073746312,R203,R,1
25,0.6842105263157895,0.3902439024390244,0.06,0.0,0.2831858407079646,0.0029498525073746312,R203,R,1
26,0.6842105263157895,0.2073170731707317,0.12,0.24100294985250736,0.2820058997050148,0.0029498525073746312,R203,R,1
27,0.47368421052631576,0.32926829268292684,0.34,0.0,0.2884955752212389,0.0029498525073746312,R203,R,1
28,0.3684210526315789,0.45121951219512196,0.32,0.030678466076696165,0.0752212389380531,0.0029498525073746312,R203,R,1
29,0.43157894736842106,0.4146341463414634,0.32,0.0,0.28997050147492626,0.0029498525073746312,R203,R,1
30,0.6736842105263158,0.47560975609756095,0.18,0.0,0.2831858407079646,0.0029498525073746312,R203,R,1
31,0.42105263157894735,0.6951219512195121,0.42,0.07640117994100296,0.10442477876106195,0.0029498525073746312,R203,R,1
32,0.3263157894736842,0.5975609756097561,0.54,0.0,0.2867256637168142,0.0029498525073746312,R203,R,1
33,0.3684210526315789,0.8048780487804879,0.46,0.0,0.2820058997050148,0.0029498525073746312,R203,R,1
34,0.5578947368421052,0.5975609756097561,0.22,0.01327433628318584,0.058997050147492625,0.0029498525073746312,R203,R,1
35,0.6842105263157895,0.6341463414634146,0.28,0.0,0.28112094395280235,0.0029498525073746312,R203,R,1
36,0.6631578947368421,0.7560975609756098,0.16,0.20235988200589972,0.2398230088495575,0.0029498525073746312,R203,R,1
37,0.021052631578947368,0.6951219512195121,0.1,0.012094395280235988,0.06135693215339233,0.0029498525073746312,R203,R,1
38,0.21052631578947367,0.2073170731707317,0.16,0.0,0.2855457227138643,0.0029498525073746312,R203,R,1
39,0.05263157894736842,0.024390243902439025,0.32,0.08908554572271386,0.11946902654867257,0.0029498525073746312,R203,R,1
40,0.631578947368421,0.10975609756097561,0.62,0.009734513274336283,0.06607669616519174,0.0029498525073746312,R203,R,1
41,0.42105263157894735,0.2682926829268293,0.18,0.10619469026548672,0.12890855457227138,0.0029498525073746312,R203,R,1
42,0.4421052631578947,0.04878048780487805,0.1,0.1168141592920354,0.15073746312684366,0.0029498525073746312,R203,R,1
43,0.25263157894736843,0.10975609756097561,0.1,0.007374631268436578,0.05073746312684366,0.0029498525073746312,R203,R,1
44,0.24210526315789474,0.0,0.14,0.0,0.28171091445427726,0.0029498525073746312,R203,R,1
45,0.11578947368421053,0.13414634146341464,0.36,0.06873156342182891,0.10029498525073746,0.0029498525073746312,R203,R,1
46,0.06315789473684211,0.4268292682926829,0.32,0.00855457227138643,0.05575221238938053,0.0029498525073746312,R203,R,1
47,0.021052631578947368,0.5487804878048781,0.02,0.0,0.2814159292035398,0.0029498525073746312,R203,R,1
48,0.08421052631578947,0.6463414634146342,0.54,0.0,0.28171091445427726,0.0029498525073746312,R203,R,1
49,0.1368421052631579,0.5975609756097561,0.72,0.0,0.2837758112094395,0.0029498525073746312,R203,R,1
50,0.06315789473684211,0.7926829268292683,0.6,0.14778761061946902,0.1592920353982301,0.0029498525073746312,R203,R,1
51,0.49473684210526314,0.5365853658536586,0.26,0.0,0.28702064896755164,0.0029498525073746312,R203,R,1
52,0.5157894736842106,0.6707317073170732,0.2,0.0,0.28407079646017697,0.0029498525073746312,R203,R,1
53,0.28421052631578947,0.4878048780487805,0.18,0.0,0.2884955752212389,0.0029498525073746312,R203,R,1
54,0.3894736842105263,0.34146341463414637,0.28,0.12212389380530973,0.14424778761061946,0.0029498525073746312,R203,R,1
55,0.6,0.3170731707317073,0.36,0.0,0.28525073746312685,0.0029498525073746312,R203,R,1
56,0.6631578947368421,0.24390243902439024,0.04,0.18289085545722714,0.21799410029498525,0.0029498525073746312,R203,R,1
57,0.5578947368421052,0.10975609756097561,0.12,0.17256637168141592,0.20412979351032448,0.0029498525073746312,R203,R,1
58,0.3368421052631579,0.10975609756097561,0.14,0.0,0.2849557522123894,0.0029498525073746312,R203,R,1
59,0.37894736842105264,0.2804878048780488,0.36,0.2504424778761062,0.2890855457227139,0.0029498525073746312,R203,R,1
60,0.22105263157894736,0.25609756097560976,0.56,0.0,0.2867256637168142,0.0029498525073746312,R203,R,1
61,0.17894736842105263,0.3780487804878049,0.06,0.0,0.28643067846607667,0.0029498525073746312,R203,R,1
62,0.12631578947368421,0.25609756097560976,0.26,0.0,0.2843657817109145,0.0029498525073746312,R203,R,1
63,0.25263157894736843,0.6707317073170732,0.38,0.04808259587020649,0.08908554572271386,0.0029498525073746312,R203,R,1
64,0.28421052631578947,0.8048780487804879,0.2,0.0,0.28171091445427726,0.0029498525073746312,R203,R,1
65,0.15789473684210525,0.9024390243902439,0.18,0.06312684365781711,0.09823008849557523,0.0029498525073746312,R203,R,1
66,0.6526315789473685,0.9024390243902439,0.4,0.014454277286135693,0.05545722713864307,0.0029498525073746312,R203,R,1
67,0.5157894736842106,0.8536585365853658,0.5,0.17463126843657817,0.20442477876106194,0.0029498525073746312,R203,R,1
68,0.7052631578947368,0.024390243902439025,0.5,0.08672566371681416,0.11828908554572272,0.0029498525073746312,R203,R,1
69,0.5894736842105263,0.43902439024390244,0.72,0.187905604719764,0.22182890855457227,0.0029498525073746312,R203,R,1
70,0.3894736842105263,0.5365853658536586,0.12,0.047787610619469026,0.0864306784660767,0.0029498525073746312,R203,R,1
71,0.3894736842105263,0.6463414634146342,0.1,0.23244837758112094,0.2855457227138643,0.0029498525073746312,R203,R,1
72,0.6,0.7926829268292683,0.3,0.0,0.28023598820059,0.0029498525073746312,R203,R,1
73,0.49473684210526314,0.15853658536585366,0.5,0.0,0.28525073746312685,0.0029498525073746312,R203,R,1
74,0.4631578947368421,0.17073170731707318,0.18,0.0,0.28584070796460176,0.0029498525073746312,R203,R,1
75,0.4842105263157895,0.12195121951219512,0.16,0.20088495575221238,0.23657817109144544,0.0029498525073746312,R203,R,1
76,0.5157894736842106,0.0975609756097561,0.36,0.0,0.2837758112094395,0.0029498525073746312,R203,R,1
77,0.5157894736842106,0.47560975609756095,0.26,0.0855457227138643,0.11002949852507375,0.0029498525073746312,R203,R,1
78,0.5578947368421052,0.4878048780487805,0.28,0.24100294985250736,0.2808259587020649,0.0029498525073746312,R203,R,1
79,0.6421052631578947,0.5975609756097561,0.06,0.11327433628318584,0.1471976401179941,0.0029498525073746312,R203,R,1
80,0.6,0.5487804878048781,0.46,0.11445427728613569,0.13716814159292035,0.0029498525073746312,R203,R,1
81,0.5894736842105263,0.4146341463414634,0.12,0.24749262536873157,0.2855457227138643,0.0029498525073746312,R203,R,1
82,0.5789473684210527,0.6219512195121951,0.52,0.0,0.2837758112094395,0.0029498525073746312,R203,R,1
83,0.15789473684210525,0.5365853658536586,0.32,0.0,0.2849557522123894,0.0029498525073746312,R203,R,1
84,0.14736842105263157,0.4146341463414634,0.22,0.0,0.2855457227138643,0.0029498525073746312,R203,R,1
85,0.11578947368421053,0.34146341463414637,0.14,0.12861356932153392,0.15073746312684366,0.0029498525073746312,R203,R,1
86,0.16842105263157894,0.23170731707317074,0.82,0.0,0.2849557522123894,0.0029498525073746312,R203,R,1
87,0.042105263157894736,0.18292682926829268,0.7,0.0,0.2814159292035398,0.0029498525073746312,R203,R,1
88,0.29473684210526313,0.18292682926829268,0.52,0.12389380530973451,0.13185840707964602,0.0029498525073746312,R203,R,1
89,0.2736842105263158,0.5975609756097561,0.18,0.08230088495575222,0.11445427728613569,0.0029498525073746312,R203,R,1
90,0.2736842105263158,0.3902439024390244,0.3,0.0,0.28938053097345134,0.0029498525073746312,R203,R,1
91,0.3263157894736842,0.7804878048780488,0.06,0.0,0.28230088495575223,0.0029498525073746312,R203,R,1
92,0.15789473684210525,0.1951219512195122,0.02,0.0,0.2843657817109145,0.0029498525073746312,R203,R,1
93,0.23157894736842105,0.23170731707317074,0.04,0.005309734513274336,0.053392330383480825,0.0029498525073746312,R203,R,1
94,0.18947368421052632,0.25609756097560976,0.44,0.2392330383480826,0.28584070796460176,0.0029498525073746312,R203,R,1
95,0.2736842105263158,0.2926829268292683,0.54,0.0,0.28820058997050146,0.0029498525073746312,R203,R,1
96,0.2631578947368421,0.25609756097560976,0.4,0.0,0.28761061946902655,0.0029498525073746312,R203,R,1
97,0.23157894736842105,0.2926829268292683,0.22,0.0,0.2873156342182891,0.0029498525073746312,R203,R,1
98,0.2631578947368421,0.21951219512195122,0.24,0.0,0.2867256637168142,0.0029498525073746312,R203,R,1
99,0.2,0.21951219512195122,0.2,0.0,0.2855457227138643,0.0029498525073746312,R203,R,1
100,0.21052631578947367,0.2804878048780488,0.18,0.09823008849557523,0.12743362831858407,0.0029498525073746312,R203,R,1
101,0.18947368421052632,0.18292682926829268,0.34,0.23539823008849559,0.28466076696165193,0.0029498525073746312,R203,R,1
1,0.3684210526315789,0.3902439024390244,0.0,0.0,0.2949852507374631,0.0,R204,R,1
2,0.43157894736842106,0.5609756097560976,0.2,0.0,0.2873156342182891,0.0029498525073746312,R204,R,1
3,0.3684210526315789,0.17073170731707318,0.14,0.0,0.2867256637168142,0.0029498525073746312,R204,R,1
4,0.5789473684210527,0.5121951219512195,0.26,0.0,0.28525073746312685,0.0029498525073746312,R204,R,1
5,0.5789473684210527,0.2073170731707317,0.38,0.2,0.23628318584070795,0.0029498525073746312,R204,R,1
6,0.15789473684210525,0.32926829268292684,0.52,0.0,0.28584070796460176,0.0029498525073746312,R204,R,1
7,0.2631578947368421,0.32926829268292684,0.06,0.0,0.2884955752212389,0.0029498525073746312,R204,R,1
8,0.21052631578947367,0.573170731707317,0.1,0.0,0.2855457227138643,0.0029498525073746312,R204,R,1
9,0.10526315789473684,0.4878048780487805,0.18,0.1191740412979351,0.14188790560471976,0.0029498525073746312,R204,R,1
10,0.5789473684210527,0.6951219512195121,0.32,0.11799410029498525,0.14660766961651917,0.0029498525073746312,R204,R,1
11,0.3157894736842105,0.6951219512195121,0.32,0.0,0.2843657817109145,0.0029498525073746312,R204,R,1
12,0.21052631578947367,0.7560975609756098,0.24,0.0607669616519174,0.09587020648967552,0.0029498525073746312,R204,R,1
13,0.5263157894736842,0.3902439024390244,0.38,0.0,0.28761061946902655,0.0029498525073746312,R204,R,1
14,0.3157894736842105,0.2682926829268293,0.46,0.20353982300884957,0.243952802359882,0.0029498525073746312,R204,R,1
15,0.15789473684210525,0.08536585365853659,0.4,0.0,0.28230088495575223,0.0029498525073746312,R204,R,1
16,0.3157894736842105,0.024390243902439025,0.16,0.051622418879056046,0.08849557522123894,0.0029498525073746312,R204,R,1
17,0.10526315789473684,0.2073170731707317,0.38,0.0,0.2831858407079646,0.0029498525073746312,R204,R,1
18,0.05263157894736842,0.32926829268292684,0.04,0.0,0.28289085545722714,0.0029498525073746312,R204,R,1
19,0.21052631578947367,0.45121951219512196,0.24,0.0,0.2873156342182891,0.0029498525073746312,R204,R,1
20,0.15789473684210525,0.6951219512195121,0.34,0.0,0.28230088495575223,0.0029498525073746312,R204,R,1
21,0.47368421052631576,0.7560975609756098,0.18,0.0,0.2825958702064897,0.0029498525073746312,R204,R,1
22,0.47368421052631576,0.2073170731707317,0.22,0.0,0.28643067846607667,0.0029498525073746312,R204,R,1
23,0.47368421052631576,0.08536585365853659,0.36,0.0,0.28407079646017697,0.0029498525073746312,R204,R,1
24,0.5789473684210527,0.024390243902439025,0.58,0.0607669616519174,0.09587020648967552,0.0029498525073746312,R204,R,1
25,0.6842105263157895,0.3902439024390244,0.06,0.0,0.2831858407079646,0.0029498525073746312,R204,R,1
26,0.6842105263157895,0.2073170731707317,0.12,0.24100294985250736,0.2820058997050148,0.0029498525073746312,R204,R,1
27,0.47368421052631576,0.32926829268292684,0.34,0.0,0.2884955752212389,0.0029498525073746312,R204,R,1
28,0.3684210526315789,0.45121951219512196,0.32,0.0,0.29056047197640117,0.0029498525073746312,R204,R,1
29,0.43157894736842106,0.4146341463414634,0.32,0.0,0.28997050147492626,0.0029498525073746312,R204,R,1
30,0.6736842105263158,0.47560975609756095,0.18,0.0,0.2831858407079646,0.0029498525073746312,R204,R,1
31,0.42105263157894735,0.6951219512195121,0.42,0.0,0.2843657817109145,0.0029498525073746312,R204,R,1
32,0.3263157894736842,0.5975609756097561,0.54,0.0,0.2867256637168142,0.0029498525073746312,R204,R,1
33,0.3684210526315789,0.8048780487804879,0.46,0.0,0.2820058997050148,0.0029498525073746312,R204,R,1
34,0.5578947368421052,0.5975609756097561,0.22,0.0,0.28466076696165193,0.0029498525073746312,R204,R,1
35,0.6842105263157895,0.6341463414634146,0.28,0.0,0.28112094395280235,0.0029498525073746312,R204,R,1
36,0.6631578947368421,0.7560975609756098,0.16,0.0,0.27964601769911507,0.0029498525073746312,R204,R,1
37,0.021052631578947368,0.6951219512195121,0.1,0.0,0.27964601769911507,0.0029498525073746312,R204,R,1
38,0.21052631578947367,0.2073170731707317,0.16,0.0,0.2855457227138643,0.0029498525073746312,R204,R,1
39,0.05263157894736842,0.024390243902439025,0.32,0.08908554572271386,0.11946902654867257,0.0029498525073746312,R204,R,1
40,0.631578947368421,0.10975609756097561,0.62,0.0,0.2820058997050148,0.0029498525073746312,R204,R,1
41,0.42105263157894735,0.2682926829268293,0.18,0.0,0.2884955752212389,0.0029498525073746312,R204,R,1
42,0.4421052631578947,0.04878048780487805,0.1,0.0,0.28348082595870205,0.0029498525073746312,R204,R,1
43,0.25263157894736843,0.10975609756097561,0.1,0.0,0.2843657817109145,0.0029498525073746312,R204,R,1
44,0.24210526315789474,0.0,0.14,0.0,0.28171091445427726,0.0029498525073746312,R204,R,1
45,0.11578947368421053,0.13414634146341464,0.36,0.06873156342182891,0.10029498525073746,0.0029498525073746312,R204,R,1
46,0.06315789473684211,0.4268292682926829,0.32,0.0,0.2831858407079646,0.0029498525073746312,R204,R,1
47,0.021052631578947368,0.5487804878048781,0.02,0.0,0.2814159292035398,0.0029498525073746312,R204,R,1
48,0.08421052631578947,0.6463414634146342,0.54,0.0,0.28171091445427726,0.0029498525073746312,R204,R,1
49,0.1368421052631579,0.5975609756097561,0.72,0.0,0.2837758112094395,0.0029498525073746312,R204,R,1
50,0.06315789473684211,0.7926829268292683,0.6,0.0,0.2790560471976401,0.0029498525073746312,R204,R,1
51,0.49473684210526314,0.5365853658536586,0.26,0.0,0.28702064896755164,0.0029498525073746312,R204,R,1
52,0.5157894736842106,0.6707317073170732,0.2,0.0,0.28407079646017697,0.0029498525073746312,R204,R,1
53,0.28421052631578947,0.4878048780487805,0.18,0.0,0.2884955752212389,0.0029498525073746312,R204,R,1
54,0.3894736842105263,0.34146341463414637,0.28,0.12212389380530973,0.14424778761061946,0.0029498525073746312,R204,R,1
55,0.6,0.3170731707317073,0.36,0.0,0.28525073746312685,0.0029498525073746312,R204,R,1
56,0.6631578947368421,0.24390243902439024,0.04,0.18289085545722714,0.21799410029498525,0.0029498525073746312,R204,R,1
57,0.5578947368421052,0.10975609756097561,0.12,0.0,0.2831858407079646,0.0029498525073746312,R204,R,1
58,0.3368421052631579,0.10975609756097561,0.14,0.0,0.2849557522123894,0.0029498525073746312,R204,R,1
59,0.37894736842105264,0.2804878048780488,0.36,0.2504424778761062,0.2890855457227139,0.0029498525073746312,R204,R,1
60,0.22105263157894736,0.25609756097560976,0.56,0.0,0.2867256637168142,0.0029498525073746312,R204,R,1
61,0.17894736842105263,0.3780487804878049,0.06,0.0,0.28643067846607667,0.0029498525073746312,R204,R,1
62,0.12631578947368421,0.25609756097560976,0.26,0.0,0.2843657817109145,0.0029498525073746312,R204,R,1
63,0.25263157894736843,0.6707317073170732,0.38,0.04808259587020649,0.08908554572271386,0.0029498525073746312,R204,R,1
64,0.28421052631578947,0.8048780487804879,0.2,0.0,0.28171091445427726,0.0029498525073746312,R204,R,1
65,0.15789473684210525,0.9024390243902439,0.18,0.0,0.27817109144542773,0.0029498525073746312,R204,R,1
66,0.6526315789473685,0.9024390243902439,0.4,0.0,0.27728613569321536,0.0029498525073746312,R204,R,1
67,0.5157894736842106,0.8536585365853658,0.5,0.0,0.2799410029498525,0.0029498525073746312,R204,R,1
68,0.7052631578947368,0.024390243902439025,0.5,0.08672566371681416,0.11828908554572272,0.0029498525073746312,R204,R,1
69,0.5894736842105263,0.43902439024390244,0.72,0.0,0.2855457227138643,0.0029498525073746312,R204,R,1
70,0.3894736842105263,0.5365853658536586,0.12,0.047787610619469026,0.0864306784660767,0.0029498525073746312,R204,R,1
71,0.3894736842105263,0.6463414634146342,0.1,0.0,0.2855457227138643,0.0029498525073746312,R204,R,1
72,0.6,0.7926829268292683,0.3,0.0,0.28023598820059,0.0029498525073746312,R204,R,1
73,0.49473684210526314,0.15853658536585366,0.5,0.0,0.28525073746312685,0.0029498525073746312,R204,R,1
74,0.4631578947368421,0.17073170731707318,0.18,0.0,0.28584070796460176,0.0029498525073746312,R204,R,1
75,0.4842105263157895,0.12195121951219512,0.16,0.20088495575221238,0.23657817109144544,0.0029498525073746312,R204,R,1
76,0.5157894736842106,0.0975609756097561,0.36,0.0,0.2837758112094395,0.0029498525073746312,R204,R,1
77,0.5157894736842106,0.47560975609756095,0.26,0.0855457227138643,0.11002949852507375,0.0029498525073746312,R204,R,1
78,0.5578947368421052,0.4878048780487805,0.28,0.24100294985250736,0.2808259587020649,0.0029498525073746312,R204,R,1
79,0.6421052631578947,0.5975609756097561,0.06,0.0,0.2825958702064897,0.0029498525073746312,R204,R,1
80,0.6,0.5487804878048781,0.46,0.11445427728613569,0.13716814159292035,0.0029498525073746312,R204,R,1
81,0.5894736842105263,0.4146341463414634,0.12,0.0,0.2855457227138643,0.0029498525073746312,R204,R,1
82,0.5789473684210527,0.6219512195121951,0.52,0.0,0.2837758112094395,0.0029498525073746312,R204,R,1
83,0.15789473684210525,0.5365853658536586,0.32,0.0,0.2849557522123894,0.0029498525073746312,R204,R,1
84,0.14736842105263157,0.4146341463414634,0.22,0.0,0.2855457227138643,0.0029498525073746312,R204,R,1
85,0.11578947368421053,0.34146341463414637,0.14,0.12861356932153392,0.15073746312684366,0.0029498525073746312,R204,R,1
86,0.16842105263157894,0.23170731707317074,0.82,0.0,0.2849557522123894,0.0029498525073746312,R204,R,1
87,0.042105263157894736,0.18292682926829268,0.7,0.0,0.2814159292035398,0.0029498525073746312,R204,R,1
88,0.29473684210526313,0.18292682926829268,0.52,0.12389380530973451,0.13185840707964602,0.0029498525073746312,R204,R,1
89,0.2736842105263158,0.5975609756097561,0.18,0.0,0.2861356932153392,0.0029498525073746312,R204,R,1
90,0.2736842105263158,0.3902439024390244,0.3,0.0,0.28938053097345134,0.0029498525073746312,R204,R,1
91,0.3263157894736842,0.7804878048780488,0.06,0.0,0.28230088495575223,0.0029498525073746312,R204,R,1
92,0.15789473684210525,0.1951219512195122,0.02,0.0,0.2843657817109145,0.0029498525073746312,R204,R,1
93,0.23157894736842105,0.23170731707317074,0.04,0.005309734513274336,0.053392330383480825,0.0029498525073746312,R204,R,1
94,0.18947368421052632,0.25609756097560976,0.44,0.0,0.28584070796460176,0.0029498525073746312,R204,R,1
95,0.2736842105263158,0.2926829268292683,0.54,0.0,0.28820058997050146,0.0029498525073746312,R204,R,1
96,0.2631578947368421,0.25609756097560976,0.4,0.0,0.28761061946902655,0.0029498525073746312,R204,R,1
97,0.23157894736842105,0.2926829268292683,0.22,0.0,0.2873156342182891,0.0029498525073746312,R204,R,1
98,0.2631578947368421,0.21951219512195122,0.24,0.0,0.2867256637168142,0.0029498525073746312,R204,R,1
99,0.2,0.21951219512195122,0.2,0.0,0.2855457227138643,0.0029498525073746312,R204,R,1
100,0.21052631578947367,0.2804878048780488,0.18,0.09823008849557523,0.12743362831858407,0.0029498525073746312,R204,R,1
101,0.18947368421052632,0.18292682926829268,0.34,0.23539823008849559,0.28466076696165193,0.0029498525073746312,R204,R,1
1,0.3684210526315789,0.3902439024390244,0.0,0.0,0.2949852507374631,0.0,R205,R,1
2,0.43157894736842106,0.5609756097560976,0.2,0.19410029498525075,0.26489675516224187,0.0029498525073746312,R205,R,1
3,0.3684210526315789,0.17073170731707318,0.14,0.02743362831858407,0.09823008849557523,0.0029498525073746312,R205,R,1
4,0.5789473684210527,0.5121951219512195,0.26,0.12861356932153392,0.19941002949852507,0.0029498525073746312,R205,R,1
5,0.5789473684210527,0.2073170731707317,0.38,0.18289085545722714,0.2536873156342183,0.0029498525073746312,R205,R,1
6,0.15789473684210525,0.32926829268292684,0.52,0.0058997050147492625,0.07669616519174041,0.0029498525073746312,R205,R,1
7,0.2631578947368421,0.32926829268292684,0.06,0.10176991150442478,0.17256637168141592,0.0029498525073746312,R205,R,1
8,0.21052631578947367,0.573170731707317,0.1,0.07404129793510325,0.1448377581120944,0.0029498525073746312,R205,R,1
9,0.10526315789473684,0.4878048780487805,0.18,0.0952802359882006,0.16607669616519175,0.0029498525073746312,R205,R,1
10,0.5789473684210527,0.6951219512195121,0.32,0.09705014749262537,0.1678466076696165,0.0029498525073746312,R205,R,1
11,0.3157894736842105,0.6951219512195121,0.32,0.1430678466076696,0.21386430678466076,0.0029498525073746312,R205,R,1
12,0.21052631578947367,0.7560975609756098,0.24,0.043067846607669616,0.11386430678466077,0.0029498525073746312,R205,R,1
13,0.5263157894736842,0.3902439024390244,0.38,0.04926253687315634,0.1200589970501475,0.0029498525073746312,R205,R,1
14,0.3157894736842105,0.2682926829268293,0.46,0.18849557522123894,0.2592920353982301,0.0029498525073746312,R205,R,1
15,0.15789473684210525,0.08536585365853659,0.4,0.00943952802359882,0.08023598820058997,0.0029498525073746312,R205,R,1
16,0.3157894736842105,0.024390243902439025,0.16,0.03480825958702065,0.1056047197640118,0.0029498525073746312,R205,R,1
17,0.10526315789473684,0.2073170731707317,0.38,0.059882005899705014,0.13067846607669617,0.0029498525073746312,R205,R,1
18,0.05263157894736842,0.32926829268292684,0.04,0.20117994100294986,0.271976401179941,0.0029498525073746312,R205,R,1
19,0.21052631578947367,0.45121951219512196,0.24,0.08436578171091445,0.15516224188790562,0.0029498525073746312,R205,R,1
20,0.15789473684210525,0.6951219512195121,0.34,0.06017699115044248,0.13097345132743363,0.0029498525073746312,R205,R,1
21,0.47368421052631576,0.7560975609756098,0.18,0.1486725663716814,0.21946902654867256,0.0029498525073746312,R205,R,1
22,0.47368421052631576,0.2073170731707317,0.22,0.04513274336283186,0.11592920353982301,0.0029498525073746312,R205,R,1
23,0.47368421052631576,0.08536585365853659,0.36,0.09793510324483776,0.1687315634218289,0.0029498525073746312,R205,R,1
24,0.5789473684210527,0.024390243902439025,0.58,0.043067846607669616,0.11386430678466077,0.0029498525073746312,R205,R,1
25,0.6842105263157895,0.3902439024390244,0.06,0.1935103244837758,0.26430678466076696,0.0029498525073746312,R205,R,1
26,0.6842105263157895,0.2073170731707317,0.12,0.2112094395280236,0.2820058997050148,0.0029498525073746312,R205,R,1
27,0.47368421052631576,0.32926829268292684,0.34,0.14985250737463127,0.22064896755162242,0.0029498525073746312,R205,R,1
28,0.3684210526315789,0.45121951219512196,0.32,0.017699115044247787,0.08849557522123894,0.0029498525073746312,R205,R,1
29,0.43157894736842106,0.4146341463414634,0.32,0.019174041297935103,0.08997050147492626,0.0029498525073746312,R205,R,1
30,0.6736842105263158,0.47560975609756095,0.18,0.03893805309734513,0.10973451327433628,0.0029498525073746312,R205,R,1
31,0.42105263157894735,0.6951219512195121,0.42,0.055162241887905604,0.12595870206489676,0.0029498525073746312,R205,R,1
32,0.3263157894736842,0.5975609756097561,0.54,0.027728613569321534,0.09852507374631268,0.0029498525073746312,R205,R,1
33,0.3684210526315789,0.8048780487804879,0.46,0.17669616519174042,0.24749262536873157,0.0029498525073746312,R205,R,1
34,0.5578947368421052,0.5975609756097561,0.22,0.007079646017699115,0.07787610619469026,0.0029498525073746312,R205,R,1
35,0.6842105263157895,0.6341463414634146,0.28,0.13333333333333333,0.20412979351032448,0.0029498525073746312,R205,R,1
36,0.6631578947368421,0.7560975609756098,0.16,0.18584070796460178,0.25663716814159293,0.0029498525073746312,R205,R,1
37,0.021052631578947368,0.6951219512195121,0.1,0.012094395280235988,0.08289085545722714,0.0029498525073746312,R205,R,1
38,0.21052631578947367,0.2073170731707317,0.16,0.15634218289085547,0.22713864306784662,0.0029498525073746312,R205,R,1
39,0.05263157894736842,0.024390243902439025,0.32,0.06902654867256637,0.13982300884955753,0.0029498525073746312,R205,R,1
40,0.631578947368421,0.10975609756097561,0.62,0.009734513274336283,0.08053097345132744,0.0029498525073746312,R205,R,1
41,0.42105263157894735,0.2682926829268293,0.18,0.08230088495575222,0.15309734513274337,0.0029498525073746312,R205,R,1
42,0.4421052631578947,0.04878048780487805,0.1,0.09852507374631268,0.16932153392330385,0.0029498525073746312,R205,R,1
43,0.25263157894736843,0.10975609756097561,0.1,0.007374631268436578,0.07817109144542773,0.0029498525073746312,R205,R,1
44,0.24210526315789474,0.0,0.14,0.16017699115044248,0.23097345132743363,0.0029498525073746312,R205,R,1
45,0.11578947368421053,0.13414634146341464,0.36,0.04926253687315634,0.1200589970501475,0.0029498525073746312,R205,R,1
46,0.06315789473684211,0.4268292682926829,0.32,0.00855457227138643,0.07935103244837759,0.0029498525073746312,R205,R,1
47,0.021052631578947368,0.5487804878048781,0.02,0.13333333333333333,0.20412979351032448,0.0029498525073746312,R205,R,1
48,0.08421052631578947,0.6463414634146342,0.54,0.01415929203539823,0.08495575221238938,0.0029498525073746312,R205,R,1
49,0.1368421052631579,0.5975609756097561,0.72,0.21238938053097345,0.2831858407079646,0.0029498525073746312,R205,R,1
50,0.06315789473684211,0.7926829268292683,0.6,0.11828908554572272,0.18908554572271385,0.0029498525073746312,R205,R,1
51,0.49473684210526314,0.5365853658536586,0.26,0.140117994100295,0.21091445427728614,0.0029498525073746312,R205,R,1
52,0.5157894736842106,0.6707317073170732,0.2,0.08289085545722714,0.15368731563421828,0.0029498525073746312,R205,R,1
53,0.28421052631578947,0.4878048780487805,0.18,0.034513274336283185,0.10530973451327434,0.0029498525073746312,R205,R,1
54,0.3894736842105263,0.34146341463414637,0.28,0.09793510324483776,0.1687315634218289,0.0029498525073746312,R205,R,1
55,0.6,0.3170731707317073,0.36,0.16755162241887905,0.2383480825958702,0.0029498525073746312,R205,R,1
56,0.6631578947368421,0.24390243902439024,0.04,0.16519174041297935,0.2359882005899705,0.0029498525073746312,R205,R,1
57,0.5578947368421052,0.10975609756097561,0.12,0.15309734513274337,0.22389380530973452,0.0029498525073746312,R205,R,1
58,0.3368421052631579,0.10975609756097561,0.14,0.10501474926253687,0.17581120943952802,0.0029498525073746312,R205,R,1
59,0.37894736842105264,0.2804878048780488,0.36,0.2182890855457227,0.2890855457227139,0.0029498525073746312,R205,R,1
60,0.22105263157894736,0.25609756097560976,0.56,0.005014749262536873,0.07581120943952803,0.0029498525073746312,R205,R,1
61,0.17894736842105263,0.3780487804878049,0.06,0.19823008849557522,0.26902654867256637,0.0029498525073746312,R205,R,1
62,0.12631578947368421,0.25609756097560976,0.26,0.06312684365781711,0.13392330383480827,0.0029498525073746312,R205,R,1
63,0.25263157894736843,0.6707317073170732,0.38,0.03333333333333333,0.10412979351032449,0.0029498525073746312,R205,R,1
64,0.28421052631578947,0.8048780487804879,0.2,0.010029498525073746,0.0808259587020649,0.0029498525073746312,R205,R,1
65,0.15789473684210525,0.9024390243902439,0.18,0.04542772861356932,0.11622418879056047,0.0029498525073746312,R205,R,1
66,0.6526315789473685,0.9024390243902439,0.4,0.014454277286135693,0.08525073746312685,0.0029498525073746312,R205,R,1
67,0.5157894736842106,0.8536585365853658,0.5,0.15427728613569322,0.22507374631268437,0.0029498525073746312,R205,R,1
68,0.7052631578947368,0.024390243902439025,0.5,0.06725663716814159,0.13805309734513274,0.0029498525073746312,R205,R,1
69,0.5894736842105263,0.43902439024390244,0.72,0.1696165191740413,0.24041297935103245,0.0029498525073746312,R205,R,1
70,0.3894736842105263,0.5365853658536586,0.12,0.03185840707964602,0.10265486725663717,0.0029498525073746312,R205,R,1
71,0.3894736842105263,0.6463414634146342,0.1,0.21474926253687315,0.2855457227138643,0.0029498525073746312,R205,R,1
72,0.6,0.7926829268292683,0.3,0.0584070796460177,0.12920353982300886,0.0029498525073746312,R205,R,1
73,0.49473684210526314,0.15853658536585366,0.5,0.006489675516224189,0.07728613569321534,0.0029498525073746312,R205,R,1
74,0.4631578947368421,0.17073170731707318,0.18,0.06902654867256637,0.13982300884955753,0.0029498525073746312,R205,R,1
75,0.4842105263157895,0.12195121951219512,0.16,0.18348082595870208,0.2542772861356932,0.0029498525073746312,R205,R,1
76,0.5157894736842106,0.0975609756097561,0.36,0.050442477876106194,0.12123893805309735,0.0029498525073746312,R205,R,1
77,0.5157894736842106,0.47560975609756095,0.26,0.06253687315634218,0.13333333333333333,0.0029498525073746312,R205,R,1
78,0.5578947368421052,0.4878048780487805,0.28,0.2153392330383481,0.2861356932153392,0.0029498525073746312,R205,R,1
79,0.6421052631578947,0.5975609756097561,0.06,0.09498525073746313,0.1657817109144543,0.0029498525073746312,R205,R,1
80,0.6,0.5487804878048781,0.46,0.09056047197640119,0.16135693215339234,0.0029498525073746312,R205,R,1
81,0.5894736842105263,0.4146341463414634,0.12,0.21474926253687315,0.2855457227138643,0.0029498525073746312,R205,R,1
82,0.5789473684210527,0.6219512195121951,0.52,0.09262536873156342,0.16342182890855458,0.0029498525073746312,R205,R,1
83,0.15789473684210525,0.5365853658536586,0.32,0.03126843657817109,0.10206489675516224,0.0029498525073746312,R205,R,1
84,0.14736842105263157,0.4146341463414634,0.22,0.015634218289085546,0.0864306784660767,0.0029498525073746312,R205,R,1
85,0.11578947368421053,0.34146341463414637,0.14,0.10442477876106195,0.1752212389380531,0.0029498525073746312,R205,R,1
86,0.16842105263157894,0.23170731707317074,0.82,0.08820058997050148,0.15899705014749263,0.0029498525073746312,R205,R,1
87,0.042105263157894736,0.18292682926829268,0.7,0.09056047197640119,0.16135693215339234,0.0029498525073746312,R205,R,1
88,0.29473684210526313,0.18292682926829268,0.52,0.09262536873156342,0.16342182890855458,0.0029498525073746312,R205,R,1
89,0.2736842105263158,0.5975609756097561,0.18,0.06312684365781711,0.13392330383480827,0.0029498525073746312,R205,R,1
90,0.2736842105263158,0.3902439024390244,0.3,0.21179941002949854,0.2825958702064897,0.0029498525073746312,R205,R,1
91,0.3263157894736842,0.7804878048780488,0.06,0.0943952802359882,0.16519174041297935,0.0029498525073746312,R205,R,1
92,0.15789473684210525,0.1951219512195122,0.02,0.20147492625368732,0.27227138643067844,0.0029498525073746312,R205,R,1
93,0.23157894736842105,0.23170731707317074,0.04,0.005309734513274336,0.07610619469026549,0.0029498525073746312,R205,R,1
94,0.18947368421052632,0.25609756097560976,0.44,0.2150442477876106,0.28584070796460176,0.0029498525073746312,R205,R,1
95,0.2736842105263158,0.2926829268292683,0.54,0.10324483775811209,0.17404129793510326,0.0029498525073746312,R205,R,1
96,0.2631578947368421,0.25609756097560976,0.4,0.012389380530973451,0.0831858407079646,0.0029498525073746312,R205,R,1
97,0.23157894736842105,0.2926829268292683,0.22,0.15604719764011798,0.22684365781710913,0.0029498525073746312,R205,R,1
98,0.2631578947368421,0.21951219512195122,0.24,0.15427728613569322,0.22507374631268437,0.0029498525073746312,R205,R,1
99,0.2,0.21951219512195122,0.2,0.03687315634218289,0.10766961651917405,0.0029498525073746312,R205,R,1
100,0.21052631578947367,0.2804878048780488,0.18,0.07758112094395281,0.14837758112094396,0.0029498525073746312,R205,R,1
101,0.18947368421052632,0.18292682926829268,0.34,0.21386430678466076,0.28466076696165193,0.0029498525073746312,R205,R,1
1,0.3684210526315789,0.3902439024390244,0.0,0.0,0.2949852507374631,0.0,R206,R,1
2,0.43157894736842106,0.5609756097560976,0.2,0.0,0.2873156342182891,0.0029498525073746312,R206,R,1
3,0.3684210526315789,0.17073170731707318,0.14,0.0,0.2867256637168142,0.0029498525073746312,R206,R,1
4,0.5789473684210527,0.5121951219512195,0.26,0.0,0.28525073746312685,0.0029498525073746312,R206,R,1
5,0.5789473684210527,0.2073170731707317,0.38,0.18289085545722714,0.2536873156342183,0.0029498525073746312,R206,R,1
6,0.15789473684210525,0.32926829268292684,0.52,0.0,0.28584070796460176,0.0029498525073746312,R206,R,1
7,0.2631578947368421,0.32926829268292684,0.06,0.10176991150442478,0.17256637168141592,0.0029498525073746312,R206,R,1
8,0.21052631578947367,0.573170731707317,0.1,0.0,0.2855457227138643,0.0029498525073746312,R206,R,1
9,0.10526315789473684,0.4878048780487805,0.18,0.0952802359882006,0.16607669616519175,0.0029498525073746312,R206,R,1
10,0.5789473684210527,0.6951219512195121,0.32,0.09705014749262537,0.1678466076696165,0.0029498525073746312,R206,R,1
11,0.3157894736842105,0.6951219512195121,0.32,0.1430678466076696,0.21386430678466076,0.0029498525073746312,R206,R,1
12,0.21052631578947367,0.7560975609756098,0.24,0.043067846607669616,0.11386430678466077,0.0029498525073746312,R206,R,1
13,0.5263157894736842,0.3902439024390244,0.38,0.0,0.28761061946902655,0.0029498525073746312,R206,R,1
14,0.3157894736842105,0.2682926829268293,0.46,0.18849557522123894,0.2592920353982301,0.0029498525073746312,R206,R,1
15,0.15789473684210525,0.08536585365853659,0.4,0.00943952802359882,0.08023598820058997,0.0029498525073746312,R206,R,1
16,0.3157894736842105,0.024390243902439025,0.16,0.03480825958702065,0.1056047197640118,0.0029498525073746312,R206,R,1
17,0.10526315789473684,0.2073170731707317,0.38,0.059882005899705014,0.13067846607669617,0.0029498525073746312,R206,R,1
18,0.05263157894736842,0.32926829268292684,0.04,0.20117994100294986,0.271976401179941,0.0029498525073746312,R206,R,1
19,0.21052631578947367,0.45121951219512196,0.24,0.08436578171091445,0.15516224188790562,0.0029498525073746312,R206,R,1
20,0.15789473684210525,0.6951219512195121,0.34,0.06017699115044248,0.13097345132743363,0.0029498525073746312,R206,R,1
21,0.47368421052631576,0.7560975609756098,0.18,0.1486725663716814,0.21946902654867256,0.0029498525073746312,R206,R,1
22,0.47368421052631576,0.2073170731707317,0.22,0.0,0.28643067846607667,0.0029498525073746312,R206,R,1
23,0.47368421052631576,0.08536585365853659,0.36,0.09793510324483776,0.1687315634218289,0.0029498525073746312,R206,R,1
24,0.5789473684210527,0.024390243902439025,0.58,0.043067846607669616,0.11386430678466077,0.0029498525073746312,R206,R,1
25,0.6842105263157895,0.3902439024390244,0.06,0.1935103244837758,0.26430678466076696,0.0029498525073746312,R206,R,1
26,0.6842105263157895,0.2073170731707317,0.12,0.2112094395280236,0.2820058997050148,0.0029498525073746312,R206,R,1
27,0.47368421052631576,0.32926829268292684,0.34,0.0,0.2884955752212389,0.0029498525073746312,R206,R,1
28,0.3684210526315789,0.45121951219512196,0.32,0.017699115044247787,0.08849557522123894,0.0029498525073746312,R206,R,1
29,0.43157894736842106,0.4146341463414634,0.32,0.019174041297935103,0.08997050147492626,0.0029498525073746312,R206,R,1
30,0.6736842105263158,0.47560975609756095,0.18,0.03893805309734513,0.10973451327433628,0.0029498525073746312,R206,R,1
31,0.42105263157894735,0.6951219512195121,0.42,0.055162241887905604,0.12595870206489676,0.0029498525073746312,R206,R,1
32,0.3263157894736842,0.5975609756097561,0.54,0.0,0.2867256637168142,0.0029498525073746312,R206,R,1
33,0.3684210526315789,0.8048780487804879,0.46,0.17669616519174042,0.24749262536873157,0.0029498525073746312,R206,R,1
34,0.5578947368421052,0.5975609756097561,0.22,0.007079646017699115,0.07787610619469026,0.0029498525073746312,R206,R,1
35,0.6842105263157895,0.6341463414634146,0.28,0.0,0.28112094395280235,0.0029498525073746312,R206,R,1
36,0.6631578947368421,0.7560975609756098,0.16,0.18584070796460178,0.25663716814159293,0.0029498525073746312,R206,R,1
37,0.021052631578947368,0.6951219512195121,0.1,0.012094395280235988,0.08289085545722714,0.0029498525073746312,R206,R,1
38,0.21052631578947367,0.2073170731707317,0.16,0.0,0.2855457227138643,0.0029498525073746312,R206,R,1
39,0.05263157894736842,0.024390243902439025,0.32,0.06902654867256637,0.13982300884955753,0.0029498525073746312,R206,R,1
40,0.631578947368421,0.10975609756097561,0.62,0.009734513274336283,0.08053097345132744,0.0029498525073746312,R206,R,1
41,0.42105263157894735,0.2682926829268293,0.18,0.08230088495575222,0.15309734513274337,0.0029498525073746312,R206,R,1
42,0.4421052631578947,0.04878048780487805,0.1,0.09852507374631268,0.16932153392330385,0.0029498525073746312,R206,R,1
43,0.25263157894736843,0.10975609756097561,0.1,0.007374631268436578,0.07817109144542773,0.0029498525073746312,R206,R,1
44,0.24210526315789474,0.0,0.14,0.16017699115044248,0.23097345132743363,0.0029498525073746312,R206,R,1
45,0.11578947368421053,0.13414634146341464,0.36,0.04926253687315634,0.1200589970501475,0.0029498525073746312,R206,R,1
46,0.06315789473684211,0.4268292682926829,0.32,0.00855457227138643,0.07935103244837759,0.0029498525073746312,R206,R,1
47,0.021052631578947368,0.5487804878048781,0.02,0.13333333333333333,0.20412979351032448,0.0029498525073746312,R206,R,1
48,0.08421052631578947,0.6463414634146342,0.54,0.01415929203539823,0.08495575221238938,0.0029498525073746312,R206,R,1
49,0.1368421052631579,0.5975609756097561,0.72,0.0,0.2837758112094395,0.0029498525073746312,R206,R,1
50,0.06315789473684211,0.7926829268292683,0.6,0.11828908554572272,0.18908554572271385,0.0029498525073746312,R206,R,1
51,0.49473684210526314,0.5365853658536586,0.26,0.0,0.28702064896755164,0.0029498525073746312,R206,R,1
52,0.5157894736842106,0.6707317073170732,0.2,0.08289085545722714,0.15368731563421828,0.0029498525073746312,R206,R,1
53,0.28421052631578947,0.4878048780487805,0.18,0.0,0.2884955752212389,0.0029498525073746312,R206,R,1
54,0.3894736842105263,0.34146341463414637,0.28,0.09793510324483776,0.1687315634218289,0.0029498525073746312,R206,R,1
55,0.6,0.3170731707317073,0.36,0.16755162241887905,0.2383480825958702,0.0029498525073746312,R206,R,1
56,0.6631578947368421,0.24390243902439024,0.04,0.16519174041297935,0.2359882005899705,0.0029498525073746312,R206,R,1
57,0.5578947368421052,0.10975609756097561,0.12,0.15309734513274337,0.22389380530973452,0.0029498525073746312,R206,R,1
58,0.3368421052631579,0.10975609756097561,0.14,0.10501474926253687,0.17581120943952802,0.0029498525073746312,R206,R,1
59,0.37894736842105264,0.2804878048780488,0.36,0.2182890855457227,0.2890855457227139,0.0029498525073746312,R206,R,1
60,0.22105263157894736,0.25609756097560976,0.56,0.0,0.2867256637168142,0.0029498525073746312,R206,R,1
61,0.17894736842105263,0.3780487804878049,0.06,0.19823008849557522,0.26902654867256637,0.0029498525073746312,R206,R,1
62,0.12631578947368421,0.25609756097560976,0.26,0.06312684365781711,0.13392330383480827,0.0029498525073746312,R206,R,1
63,0.25263157894736843,0.6707317073170732,0.38,0.03333333333333333,0.10412979351032449,0.0029498525073746312,R206,R,1
64,0.28421052631578947,0.8048780487804879,0.2,0.010029498525073746,0.0808259587020649,0.0029498525073746312,R206,R,1
65,0.15789473684210525,0.9024390243902439,0.18,0.04542772861356932,0.11622418879056047,0.0029498525073746312,R206,R,1
66,0.6526315789473685,0.9024390243902439,0.4,0.014454277286135693,0.08525073746312685,0.0029498525073746312,R206,R,1
67,0.5157894736842106,0.8536585365853658,0.5,0.15427728613569322,0.22507374631268437,0.0029498525073746312,R206,R,1
68,0.7052631578947368,0.024390243902439025,0.5,0.06725663716814159,0.13805309734513274,0.0029498525073746312,R206,R,1
69,0.5894736842105263,0.43902439024390244,0.72,0.1696165191740413,0.24041297935103245,0.0029498525073746312,R206,R,1
70,0.3894736842105263,0.5365853658536586,0.12,0.03185840707964602,0.10265486725663717,0.0029498525073746312,R206,R,1
71,0.3894736842105263,0.6463414634146342,0.1,0.21474926253687315,0.2855457227138643,0.0029498525073746312,R206,R,1
72,0.6,0.7926829268292683,0.3,0.0584070796460177,0.12920353982300886,0.0029498525073746312,R206,R,1
73,0.49473684210526314,0.15853658536585366,0.5,0.0,0.28525073746312685,0.0029498525073746312,R206,R,1
74,0.4631578947368421,0.17073170731707318,0.18,0.06902654867256637,0.13982300884955753,0.0029498525073746312,R206,R,1
75,0.4842105263157895,0.12195121951219512,0.16,0.18348082595870208,0.2542772861356932,0.0029498525073746312,R206,R,1
76,0.5157894736842106,0.0975609756097561,0.36,0.0,0.2837758112094395,0.0029498525073746312,R206,R,1
77,0.5157894736842106,0.47560975609756095,0.26,0.06253687315634218,0.13333333333333333,0.0029498525073746312,R206,R,1
78,0.5578947368421052,0.4878048780487805,0.28,0.2153392330383481,0.2861356932153392,0.0029498525073746312,R206,R,1
79,0.6421052631578947,0.5975609756097561,0.06,0.09498525073746313,0.1657817109144543,0.0029498525073746312,R206,R,1
80,0.6,0.5487804878048781,0.46,0.09056047197640119,0.16135693215339234,0.0029498525073746312,R206,R,1
81,0.5894736842105263,0.4146341463414634,0.12,0.21474926253687315,0.2855457227138643,0.0029498525073746312,R206,R,1
82,0.5789473684210527,0.6219512195121951,0.52,0.09262536873156342,0.16342182890855458,0.0029498525073746312,R206,R,1
83,0.15789473684210525,0.5365853658536586,0.32,0.0,0.2849557522123894,0.0029498525073746312,R206,R,1
84,0.14736842105263157,0.4146341463414634,0.22,0.0,0.2855457227138643,0.0029498525073746312,R206,R,1
85,0.11578947368421053,0.34146341463414637,0.14,0.10442477876106195,0.1752212389380531,0.0029498525073746312,R206,R,1
86,0.16842105263157894,0.23170731707317074,0.82,0.0,0.2849557522123894,0.0029498525073746312,R206,R,1
87,0.042105263157894736,0.18292682926829268,0.7,0.09056047197640119,0.16135693215339234,0.0029498525073746312,R206,R,1
88,0.29473684210526313,0.18292682926829268,0.52,0.09262536873156342,0.16342182890855458,0.0029498525073746312,R206,R,1
89,0.2736842105263158,0.5975609756097561,0.18,0.06312684365781711,0.13392330383480827,0.0029498525073746312,R206,R,1
90,0.2736842105263158,0.3902439024390244,0.3,0.21179941002949854,0.2825958702064897,0.0029498525073746312,R206,R,1
91,0.3263157894736842,0.7804878048780488,0.06,0.0943952802359882,0.16519174041297935,0.0029498525073746312,R206,R,1
92,0.15789473684210525,0.1951219512195122,0.02,0.0,0.2843657817109145,0.0029498525073746312,R206,R,1
93,0.23157894736842105,0.23170731707317074,0.04,0.005309734513274336,0.07610619469026549,0.0029498525073746312,R206,R,1
94,0.18947368421052632,0.25609756097560976,0.44,0.2150442477876106,0.28584070796460176,0.0029498525073746312,R206,R,1
95,0.2736842105263158,0.2926829268292683,0.54,0.0,0.28820058997050146,0.0029498525073746312,R206,R,1
96,0.2631578947368421,0.25609756097560976,0.4,0.0,0.28761061946902655,0.0029498525073746312,R206,R,1
97,0.23157894736842105,0.2926829268292683,0.22,0.0,0.2873156342182891,0.0029498525073746312,R206,R,1
98,0.2631578947368421,0.21951219512195122,0.24,0.15427728613569322,0.22507374631268437,0.0029498525073746312,R206,R,1
99,0.2,0.21951219512195122,0.2,0.0,0.2855457227138643,0.0029498525073746312,R206,R,1
100,0.21052631578947367,0.2804878048780488,0.18,0.07758112094395281,0.14837758112094396,0.0029498525073746312,R206,R,1
101,0.18947368421052632,0.18292682926829268,0.34,0.21386430678466076,0.28466076696165193,0.0029498525073746312,R206,R,1
1,0.3684210526315789,0.3902439024390244,0.0,0.0,0.2949852507374631,0.0,R207,R,1
2,0.43157894736842106,0.5609756097560976,0.2,0.0,0.2873156342182891,0.0029498525073746312,R207,R,1
3,0.3684210526315789,0.17073170731707318,0.14,0.0,0.2867256637168142,0.0029498525073746312,R207,R,1
4,0.5789473684210527,0.5121951219512195,0.26,0.0,0.28525073746312685,0.0029498525073746312,R207,R,1
5,0.5789473684210527,0.2073170731707317,0.38,0.18289085545722714,0.2536873156342183,0.0029498525073746312,R207,R,1
6,0.15789473684210525,0.32926829268292684,0.52,0.0,0.28584070796460176,0.0029498525073746312,R207,R,1
7,0.2631578947368421,0.32926829268292684,0.06,0.10176991150442478,0.17256637168141592,0.0029498525073746312,R207,R,1
8,0.21052631578947367,0.573170731707317,0.1,0.0,0.2855457227138643,0.0029498525073746312,R207,R,1
9,0.10526315789473684,0.4878048780487805,0.18,0.0952802359882006,0.16607669616519175,0.0029498525073746312,R207,R,1
10,0.5789473684210527,0.6951219512195121,0.32,0.09705014749262537,0.1678466076696165,0.0029498525073746312,R207,R,1
11,0.3157894736842105,0.6951219512195121,0.32,0.1430678466076696,0.21386430678466076,0.0029498525073746312,R207,R,1
12,0.21052631578947367,0.7560975609756098,0.24,0.043067846607669616,0.11386430678466077,0.0029498525073746312,R207,R,1
13,0.5263157894736842,0.3902439024390244,0.38,0.0,0.28761061946902655,0.0029498525073746312,R207,R,1
14,0.3157894736842105,0.2682926829268293,0.46,0.18849557522123894,0.2592920353982301,0.0029498525073746312,R207,R,1
15,0.15789473684210525,0.08536585365853659,0.4,0.0,0.28230088495575223,0.0029498525073746312,R207,R,1
16,0.3157894736842105,0.024390243902439025,0.16,0.03480825958702065,0.1056047197640118,0.0029498525073746312,R207,R,1
17,0.10526315789473684,0.2073170731707317,0.38,0.0,0.2831858407079646,0.0029498525073746312,R207,R,1
18,0.05263157894736842,0.32926829268292684,0.04,0.20117994100294986,0.271976401179941,0.0029498525073746312,R207,R,1
19,0.21052631578947367,0.45121951219512196,0.24,0.0,0.2873156342182891,0.0029498525073746312,R207,R,1
20,0.15789473684210525,0.6951219512195121,0.34,0.0,0.28230088495575223,0.0029498525073746312,R207,R,1
21,0.47368421052631576,0.7560975609756098,0.18,0.0,0.2825958702064897,0.0029498525073746312,R207,R,1
22,0.47368421052631576,0.2073170731707317,0.22,0.0,0.28643067846607667,0.0029498525073746312,R207,R,1
23,0.47368421052631576,0.08536585365853659,0.36,0.09793510324483776,0.1687315634218289,0.0029498525073746312,R207,R,1
24,0.5789473684210527,0.024390243902439025,0.58,0.043067846607669616,0.11386430678466077,0.0029498525073746312,R207,R,1
25,0.6842105263157895,0.3902439024390244,0.06,0.0,0.2831858407079646,0.0029498525073746312,R207,R,1
26,0.6842105263157895,0.2073170731707317,0.12,0.2112094395280236,0.2820058997050148,0.0029498525073746312,R207,R,1
27,0.47368421052631576,0.32926829268292684,0.34,0.0,0.2884955752212389,0.0029498525073746312,R207,R,1
28,0.3684210526315789,0.45121951219512196,0.32,0.017699115044247787,0.08849557522123894,0.0029498525073746312,R207,R,1
29,0.43157894736842106,0.4146341463414634,0.32,0.0,0.28997050147492626,0.0029498525073746312,R207,R,1
30,0.6736842105263158,0.47560975609756095,0.18,0.0,0.2831858407079646,0.0029498525073746312,R207,R,1
31,0.42105263157894735,0.6951219512195121,0.42,0.055162241887905604,0.12595870206489676,0.0029498525073746312,R207,R,1
32,0.3263157894736842,0.5975609756097561,0.54,0.0,0.2867256637168142,0.0029498525073746312,R207,R,1
33,0.3684210526315789,0.8048780487804879,0.46,0.0,0.2820058997050148,0.0029498525073746312,R207,R,1
34,0.5578947368421052,0.5975609756097561,0.22,0.007079646017699115,0.07787610619469026,0.0029498525073746312,R207,R,1
35,0.6842105263157895,0.6341463414634146,0.28,0.0,0.28112094395280235,0.0029498525073746312,R207,R,1
36,0.6631578947368421,0.7560975609756098,0.16,0.18584070796460178,0.25663716814159293,0.0029498525073746312,R207,R,1
37,0.021052631578947368,0.6951219512195121,0.1,0.012094395280235988,0.08289085545722714,0.0029498525073746312,R207,R,1
38,0.21052631578947367,0.2073170731707317,0.16,0.0,0.2855457227138643,0.0029498525073746312,R207,R,1
39,0.05263157894736842,0.024390243902439025,0.32,0.06902654867256637,0.13982300884955753,0.0029498525073746312,R207,R,1
40,0.631578947368421,0.10975609756097561,0.62,0.009734513274336283,0.08053097345132744,0.0029498525073746312,R207,R,1
41,0.42105263157894735,0.2682926829268293,0.18,0.08230088495575222,0.15309734513274337,0.0029498525073746312,R207,R,1
42,0.4421052631578947,0.04878048780487805,0.1,0.09852507374631268,0.16932153392330385,0.0029498525073746312,R207,R,1
43,0.25263157894736843,0.10975609756097561,0.1,0.007374631268436578,0.07817109144542773,0.0029498525073746312,R207,R,1
44,0.24210526315789474,0.0,0.14,0.0,0.28171091445427726,0.0029498525073746312,R207,R,1
45,0.11578947368421053,0.13414634146341464,0.36,0.04926253687315634,0.1200589970501475,0.0029498525073746312,R207,R,1
46,0.06315789473684211,0.4268292682926829,0.32,0.00855457227138643,0.07935103244837759,0.0029498525073746312,R207,R,1
47,0.021052631578947368,0.5487804878048781,0.02,0.0,0.2814159292035398,0.0029498525073746312,R207,R,1
48,0.08421052631578947,0.6463414634146342,0.54,0.0,0.28171091445427726,0.0029498525073746312,R207,R,1
49,0.1368421052631579,0.5975609756097561,0.72,0.0,0.2837758112094395,0.0029498525073746312,R207,R,1
50,0.06315789473684211,0.7926829268292683,0.6,0.11828908554572272,0.18908554572271385,0.0029498525073746312,R207,R,1
51,0.49473684210526314,0.5365853658536586,0.26,0.0,0.28702064896755164,0.0029498525073746312,R207,R,1
52,0.5157894736842106,0.6707317073170732,0.2,0.0,0.28407079646017697,0.0029498525073746312,R207,R,1
53,0.28421052631578947,0.4878048780487805,0.18,0.0,0.2884955752212389,0.0029498525073746312,R207,R,1
54,0.3894736842105263,0.34146341463414637,0.28,0.09793510324483776,0.1687315634218289,0.0029498525073746312,R207,R,1
55,0.6,0.3170731707317073,0.36,0.0,0.28525073746312685,0.0029498525073746312,R207,R,1
56,0.6631578947368421,0.24390243902439024,0.04,0.16519174041297935,0.2359882005899705,0.0029498525073746312,R207,R,1
57,0.5578947368421052,0.10975609756097561,0.12,0.15309734513274337,0.22389380530973452,0.0029498525073746312,R207,R,1
58,0.3368421052631579,0.10975609756097561,0.14,0.0,0.2849557522123894,0.0029498525073746312,R207,R,1
59,0.37894736842105264,0.2804878048780488,0.36,0.2182890855457227,0.2890855457227139,0.0029498525073746312,R207,R,1
60,0.22105263157894736,0.25609756097560976,0.56,0.0,0.2867256637168142,0.0029498525073746312,R207,R,1
61,0.17894736842105263,0.3780487804878049,0.06,0.0,0.28643067846607667,0.0029498525073746312,R207,R,1
62,0.12631578947368421,0.25609756097560976,0.26,0.0,0.2843657817109145,0.0029498525073746312,R207,R,1
63,0.25263157894736843,0.6707317073170732,0.38,0.03333333333333333,0.10412979351032449,0.0029498525073746312,R207,R,1
64,0.28421052631578947,0.8048780487804879,0.2,0.0,0.28171091445427726,0.0029498525073746312,R207,R,1
65,0.15789473684210525,0.9024390243902439,0.18,0.04542772861356932,0.11622418879056047,0.0029498525073746312,R207,R,1
66,0.6526315789473685,0.9024390243902439,0.4,0.014454277286135693,0.08525073746312685,0.0029498525073746312,R207,R,1
67,0.5157894736842106,0.8536585365853658,0.5,0.15427728613569322,0.22507374631268437,0.0029498525073746312,R207,R,1
68,0.7052631578947368,0.024390243902439025,0.5,0.06725663716814159,0.13805309734513274,0.0029498525073746312,R207,R,1
69,0.5894736842105263,0.43902439024390244,0.72,0.1696165191740413,0.24041297935103245,0.0029498525073746312,R207,R,1
70,0.3894736842105263,0.5365853658536586,0.12,0.03185840707964602,0.10265486725663717,0.0029498525073746312,R207,R,1
71,0.3894736842105263,0.6463414634146342,0.1,0.21474926253687315,0.2855457227138643,0.0029498525073746312,R207,R,1
72,0.6,0.7926829268292683,0.3,0.0,0.28023598820059,0.0029498525073746312,R207,R,1
73,0.49473684210526314,0.15853658536585366,0.5,0.0,0.28525073746312685,0.0029498525073746312,R207,R,1
74,0.4631578947368421,0.17073170731707318,0.18,0.0,0.28584070796460176,0.0029498525073746312,R207,R,1
75,0.4842105263157895,0.12195121951219512,0.16,0.18348082595870208,0.2542772861356932,0.0029498525073746312,R207,R,1
76,0.5157894736842106,0.0975609756097561,0.36,0.0,0.2837758112094395,0.0029498525073746312,R207,R,1
77,0.5157894736842106,0.47560975609756095,0.26,0.06253687315634218,0.13333333333333333,0.0029498525073746312,R207,R,1
78,0.5578947368421052,0.4878048780487805,0.28,0.2153392330383481,0.2861356932153392,0.0029498525073746312,R207,R,1
79,0.6421052631578947,0.5975609756097561,0.06,0.09498525073746313,0.1657817109144543,0.0029498525073746312,R207,R,1
80,0.6,0.5487804878048781,0.46,0.09056047197640119,0.16135693215339234,0.0029498525073746312,R207,R,1
81,0.5894736842105263,0.4146341463414634,0.12,0.21474926253687315,0.2855457227138643,0.0029498525073746312,R207,R,1
82,0.5789473684210527,0.6219512195121951,0.52,0.0,0.2837758112094395,0.0029498525073746312,R207,R,1
83,0.15789473684210525,0.5365853658536586,0.32,0.0,0.2849557522123894,0.0029498525073746312,R207,R,1
84,0.14736842105263157,0.4146341463414634,0.22,0.0,0.2855457227138643,0.0029498525073746312,R207,R,1
85,0.11578947368421053,0.34146341463414637,0.14,0.10442477876106195,0.1752212389380531,0.0029498525073746312,R207,R,1
86,0.16842105263157894,0.23170731707317074,0.82,0.0,0.2849557522123894,0.0029498525073746312,R207,R,1
87,0.042105263157894736,0.18292682926829268,0.7,0.0,0.2814159292035398,0.0029498525073746312,R207,R,1
88,0.29473684210526313,0.18292682926829268,0.52,0.09262536873156342,0.16342182890855458,0.0029498525073746312,R207,R,1
89,0.2736842105263158,0.5975609756097561,0.18,0.06312684365781711,0.13392330383480827,0.0029498525073746312,R207,R,1
90,0.2736842105263158,0.3902439024390244,0.3,0.0,0.28938053097345134,0.0029498525073746312,R207,R,1
91,0.3263157894736842,0.7804878048780488,0.06,0.0,0.28230088495575223,0.0029498525073746312,R207,R,1
92,0.15789473684210525,0.1951219512195122,0.02,0.0,0.2843657817109145,0.0029498525073746312,R207,R,1
93,0.23157894736842105,0.23170731707317074,0.04,0.005309734513274336,0.07610619469026549,0.0029498525073746312,R207,R,1
94,0.18947368421052632,0.25609756097560976,0.44,0.2150442477876106,0.28584070796460176,0.0029498525073746312,R207,R,1
95,0.2736842105263158,0.2926829268292683,0.54,0.0,0.28820058997050146,0.0029498525073746312,R207,R,1
96,0.2631578947368421,0.25609756097560976,0.4,0.0,0.28761061946902655,0.0029498525073746312,R207,R,1
97,0.23157894736842105,0.2926829268292683,0.22,0.0,0.2873156342182891,0.0029498525073746312,R207,R,1
98,0.2631578947368421,0.21951219512195122,0.24,0.0,0.2867256637168142,0.0029498525073746312,R207,R,1
99,0.2,0.21951219512195122,0.2,0.0,0.2855457227138643,0.0029498525073746312,R207,R,1
100,0.21052631578947367,0.2804878048780488,0.18,0.07758112094395281,0.14837758112094396,0.0029498525073746312,R207,R,1
101,0.18947368421052632,0.18292682926829268,0.34,0.21386430678466076,0.28466076696165193,0.0029498525073746312,R207,R,1
1,0.3684210526315789,0.3902439024390244,0.0,0.0,0.2949852507374631,0.0,R208,R,1
2,0.43157894736842106,0.5609756097560976,0.2,0.0,0.2873156342182891,0.0029498525073746312,R208,R,1
3,0.3684210526315789,0.17073170731707318,0.14,0.0,0.2867256637168142,0.0029498525073746312,R208,R,1
4,0.5789473684210527,0.5121951219512195,0.26,0.0,0.28525073746312685,0.0029498525073746312,R208,R,1
5,0.5789473684210527,0.2073170731707317,0.38,0.18289085545722714,0.2536873156342183,0.0029498525073746312,R208,R,1
6,0.15789473684210525,0.32926829268292684,0.52,0.0,0.28584070796460176,0.0029498525073746312,R208,R,1
7,0.2631578947368421,0.32926829268292684,0.06,0.0,0.2884955752212389,0.0029498525073746312,R208,R,1
8,0.21052631578947367,0.573170731707317,0.1,0.0,0.2855457227138643,0.0029498525073746312,R208,R,1
9,0.10526315789473684,0.4878048780487805,0.18,0.0952802359882006,0.16607669616519175,0.0029498525073746312,R208,R,1
10,0.5789473684210527,0.6951219512195121,0.32,0.09705014749262537,0.1678466076696165,0.0029498525073746312,R208,R,1
11,0.3157894736842105,0.6951219512195121,0.32,0.0,0.2843657817109145,0.0029498525073746312,R208,R,1
12,0.21052631578947367,0.7560975609756098,0.24,0.043067846607669616,0.11386430678466077,0.0029498525073746312,R208,R,1
13,0.5263157894736842,0.3902439024390244,0.38,0.0,0.28761061946902655,0.0029498525073746312,R208,R,1
14,0.3157894736842105,0.2682926829268293,0.46,0.18849557522123894,0.2592920353982301,0.0029498525073746312,R208,R,1
15,0.15789473684210525,0.08536585365853659,0.4,0.0,0.28230088495575223,0.0029498525073746312,R208,R,1
16,0.3157894736842105,0.024390243902439025,0.16,0.03480825958702065,0.1056047197640118,0.0029498525073746312,R208,R,1
17,0.10526315789473684,0.2073170731707317,0.38,0.0,0.2831858407079646,0.0029498525073746312,R208,R,1
18,0.05263157894736842,0.32926829268292684,0.04,0.0,0.28289085545722714,0.0029498525073746312,R208,R,1
19,0.21052631578947367,0.45121951219512196,0.24,0.0,0.2873156342182891,0.0029498525073746312,R208,R,1
20,0.15789473684210525,0.6951219512195121,0.34,0.0,0.28230088495575223,0.0029498525073746312,R208,R,1
21,0.47368421052631576,0.7560975609756098,0.18,0.0,0.2825958702064897,0.0029498525073746312,R208,R,1
22,0.47368421052631576,0.2073170731707317,0.22,0.0,0.28643067846607667,0.0029498525073746312,R208,R,1
23,0.47368421052631576,0.08536585365853659,0.36,0.0,0.28407079646017697,0.0029498525073746312,R208,R,1
24,0.5789473684210527,0.024390243902439025,0.58,0.043067846607669616,0.11386430678466077,0.0029498525073746312,R208,R,1
25,0.6842105263157895,0.3902439024390244,0.06,0.0,0.2831858407079646,0.0029498525073746312,R208,R,1
26,0.6842105263157895,0.2073170731707317,0.12,0.2112094395280236,0.2820058997050148,0.0029498525073746312,R208,R,1
27,0.47368421052631576,0.32926829268292684,0.34,0.0,0.2884955752212389,0.0029498525073746312,R208,R,1
28,0.3684210526315789,0.45121951219512196,0.32,0.0,0.29056047197640117,0.0029498525073746312,R208,R,1
29,0.43157894736842106,0.4146341463414634,0.32,0.0,0.28997050147492626,0.0029498525073746312,R208,R,1
30,0.6736842105263158,0.47560975609756095,0.18,0.0,0.2831858407079646,0.0029498525073746312,R208,R,1
31,0.42105263157894735,0.6951219512195121,0.42,0.0,0.2843657817109145,0.0029498525073746312,R208,R,1
32,0.3263157894736842,0.5975609756097561,0.54,0.0,0.2867256637168142,0.0029498525073746312,R208,R,1
33,0.3684210526315789,0.8048780487804879,0.46,0.0,0.2820058997050148,0.0029498525073746312,R208,R,1
34,0.5578947368421052,0.5975609756097561,0.22,0.0,0.28466076696165193,0.0029498525073746312,R208,R,1
35,0.6842105263157895,0.6341463414634146,0.28,0.0,0.28112094395280235,0.0029498525073746312,R208,R,1
36,0.6631578947368421,0.7560975609756098,0.16,0.0,0.27964601769911507,0.0029498525073746312,R208,R,1
37,0.021052631578947368,0.6951219512195121,0.1,0.0,0.27964601769911507,0.0029498525073746312,R208,R,1
38,0.21052631578947367,0.2073170731707317,0.16,0.0,0.2855457227138643,0.0029498525073746312,R208,R,1
39,0.05263157894736842,0.024390243902439025,0.32,0.06902654867256637,0.13982300884955753,0.0029498525073746312,R208,R,1
40,0.631578947368421,0.10975609756097561,0.62,0.0,0.2820058997050148,0.0029498525073746312,R208,R,1
41,0.42105263157894735,0.2682926829268293,0.18,0.0,0.2884955752212389,0.0029498525073746312,R208,R,1
42,0.4421052631578947,0.04878048780487805,0.1,0.0,0.28348082595870205,0.0029498525073746312,R208,R,1
43,0.25263157894736843,0.10975609756097561,0.1,0.0,0.2843657817109145,0.0029498525073746312,R208,R,1
44,0.24210526315789474,0.0,0.14,0.0,0.28171091445427726,0.0029498525073746312,R208,R,1
45,0.11578947368421053,0.13414634146341464,0.36,0.04926253687315634,0.1200589970501475,0.0029498525073746312,R208,R,1
46,0.06315789473684211,0.4268292682926829,0.32,0.0,0.2831858407079646,0.0029498525073746312,R208,R,1
47,0.021052631578947368,0.5487804878048781,0.02,0.0,0.2814159292035398,0.0029498525073746312,R208,R,1
48,0.08421052631578947,0.6463414634146342,0.54,0.0,0.28171091445427726,0.0029498525073746312,R208,R,1
49,0.1368421052631579,0.5975609756097561,0.72,0.0,0.2837758112094395,0.0029498525073746312,R208,R,1
50,0.06315789473684211,0.7926829268292683,0.6,0.0,0.2790560471976401,0.0029498525073746312,R208,R,1
51,0.49473684210526314,0.5365853658536586,0.26,0.0,0.28702064896755164,0.0029498525073746312,R208,R,1
52,0.5157894736842106,0.6707317073170732,0.2,0.0,0.28407079646017697,0.0029498525073746312,R208,R,1
53,0.28421052631578947,0.4878048780487805,0.18,0.0,0.2884955752212389,0.0029498525073746312,R208,R,1
54,0.3894736842105263,0.34146341463414637,0.28,0.09793510324483776,0.1687315634218289,0.0029498525073746312,R208,R,1
55,0.6,0.3170731707317073,0.36,0.0,0.28525073746312685,0.0029498525073746312,R208,R,1
56,0.6631578947368421,0.24390243902439024,0.04,0.16519174041297935,0.2359882005899705,0.0029498525073746312,R208,R,1
57,0.5578947368421052,0.10975609756097561,0.12,0.0,0.2831858407079646,0.0029498525073746312,R208,R,1
58,0.3368421052631579,0.10975609756097561,0.14,0.0,0.2849557522123894,0.0029498525073746312,R208,R,1
59,0.37894736842105264,0.2804878048780488,0.36,0.2182890855457227,0.2890855457227139,0.0029498525073746312,R208,R,1
60,0.22105263157894736,0.25609756097560976,0.56,0.0,0.2867256637168142,0.0029498525073746312,R208,R,1
61,0.17894736842105263,0.3780487804878049,0.06,0.0,0.28643067846607667,0.0029498525073746312,R208,R,1
62,0.12631578947368421,0.25609756097560976,0.26,0.0,0.2843657817109145,0.0029498525073746312,R208,R,1
63,0.25263157894736843,0.6707317073170732,0.38,0.03333333333333333,0.10412979351032449,0.0029498525073746312,R208,R,1
64,0.28421052631578947,0.8048780487804879,0.2,0.0,0.28171091445427726,0.0029498525073746312,R208,R,1
65,0.15789473684210525,0.9024390243902439,0.18,0.0,0.27817109144542773,0.0029498525073746312,R208,R,1
66,0.6526315789473685,0.9024390243902439,0.4,0.0,0.27728613569321536,0.0029498525073746312,R208,R,1
67,0.5157894736842106,0.8536585365853658,0.5,0.0,0.2799410029498525,0.0029498525073746312,R208,R,1
68,0.7052631578947368,0.024390243902439025,0.5,0.06725663716814159,0.13805309734513274,0.0029498525073746312,R208,R,1
69,0.5894736842105263,0.43902439024390244,0.72,0.0,0.2855457227138643,0.0029498525073746312,R208,R,1
70,0.3894736842105263,0.5365853658536586,0.12,0.03185840707964602,0.10265486725663717,0.0029498525073746312,R208,R,1
71,0.3894736842105263,0.6463414634146342,0.1,0.0,0.2855457227138643,0.0029498525073746312,R208,R,1
72,0.6,0.7926829268292683,0.3,0.0,0.28023598820059,0.0029498525073746312,R208,R,1
73,0.49473684210526314,0.15853658536585366,0.5,0.0,0.28525073746312685,0.0029498525073746312,R208,R,1
74,0.4631578947368421,0.17073170731707318,0.18,0.0,0.28584070796460176,0.0029498525073746312,R208,R,1
75,0.4842105263157895,0.12195121951219512,0.16,0.18348082595870208,0.2542772861356932,0.0029498525073746312,R208,R,1
76,0.5157894736842106,0.0975609756097561,0.36,0.0,0.2837758112094395,0.0029498525073746312,R208,R,1
77,0.5157894736842106,0.47560975609756095,0.26,0.06253687315634218,0.13333333333333333,0.0029498525073746312,R208,R,1
78,0.5578947368421052,0.4878048780487805,0.28,0.2153392330383481,0.2861356932153392,0.0029498525073746312,R208,R,1
79,0.6421052631578947,0.5975609756097561,0.06,0.0,0.2825958702064897,0.0029498525073746312,R208,R,1
80,0.6,0.5487804878048781,0.46,0.09056047197640119,0.16135693215339234,0.0029498525073746312,R208,R,1
81,0.5894736842105263,0.4146341463414634,0.12,0.0,0.2855457227138643,0.0029498525073746312,R208,R,1
82,0.5789473684210527,0.6219512195121951,0.52,0.0,0.2837758112094395,0.0029498525073746312,R208,R,1
83,0.15789473684210525,0.5365853658536586,0.32,0.0,0.2849557522123894,0.0029498525073746312,R208,R,1
84,0.14736842105263157,0.4146341463414634,0.22,0.0,0.2855457227138643,0.0029498525073746312,R208,R,1
85,0.11578947368421053,0.34146341463414637,0.14,0.10442477876106195,0.1752212389380531,0.0029498525073746312,R208,R,1
86,0.16842105263157894,0.23170731707317074,0.82,0.0,0.2849557522123894,0.0029498525073746312,R208,R,1
87,0.042105263157894736,0.18292682926829268,0.7,0.0,0.2814159292035398,0.0029498525073746312,R208,R,1
88,0.29473684210526313,0.18292682926829268,0.52,0.09262536873156342,0.16342182890855458,0.0029498525073746312,R208,R,1
89,0.2736842105263158,0.5975609756097561,0.18,0.0,0.2861356932153392,0.0029498525073746312,R208,R,1
90,0.2736842105263158,0.3902439024390244,0.3,0.0,0.28938053097345134,0.0029498525073746312,R208,R,1
91,0.3263157894736842,0.7804878048780488,0.06,0.0,0.28230088495575223,0.0029498525073746312,R208,R,1
92,0.15789473684210525,0.1951219512195122,0.02,0.0,0.2843657817109145,0.0029498525073746312,R208,R,1
93,0.23157894736842105,0.23170731707317074,0.04,0.005309734513274336,0.07610619469026549,0.0029498525073746312,R208,R,1
94,0.18947368421052632,0.25609756097560976,0.44,0.0,0.28584070796460176,0.0029498525073746312,R208,R,1
95,0.2736842105263158,0.2926829268292683,0.54,0.0,0.28820058997050146,0.0029498525073746312,R208,R,1
96,0.2631578947368421,0.25609756097560976,0.4,0.0,0.28761061946902655,0.0029498525073746312,R208,R,1
97,0.23157894736842105,0.2926829268292683,0.22,0.0,0.2873156342182891,0.0029498525073746312,R208,R,1
98,0.2631578947368421,0.21951219512195122,0.24,0.0,0.2867256637168142,0.0029498525073746312,R208,R,1
99,0.2,0.21951219512195122,0.2,0.0,0.2855457227138643,0.0029498525073746312,R208,R,1
100,0.21052631578947367,0.2804878048780488,0.18,0.07758112094395281,0.14837758112094396,0.0029498525073746312,R208,R,1
101,0.18947368421052632,0.18292682926829268,0.34,0.21386430678466076,0.28466076696165193,0.0029498525073746312,R208,R,1
1,0.3684210526315789,0.3902439024390244,0.0,0.0,0.2949852507374631,0.0,R209,R,1
2,0.43157894736842106,0.5609756097560976,0.2,0.18761061946902655,0.2710914454277286,0.0029498525073746312,R209,R,1
3,0.3684210526315789,0.17073170731707318,0.14,0.02182890855457227,0.10353982300884956,0.0029498525073746312,R209,R,1
4,0.5789473684210527,0.5121951219512195,0.26,0.14690265486725665,0.1808259587020649,0.0029498525073746312,R209,R,1
5,0.5789473684210527,0.2073170731707317,0.38,0.13864306784660768,0.28466076696165193,0.0029498525073746312,R209,R,1
6,0.15789473684210525,0.32926829268292684,0.52,0.0058997050147492625,0.10914454277286136,0.0029498525073746312,R209,R,1
7,0.2631578947368421,0.32926829268292684,0.06,0.07846607669616519,0.19557522123893806,0.0029498525073746312,R209,R,1
8,0.21052631578947367,0.573170731707317,0.1,0.08613569321533923,0.13244837758112094,0.0029498525073746312,R209,R,1
9,0.10526315789473684,0.4878048780487805,0.18,0.08495575221238938,0.17610619469026548,0.0029498525073746312,R209,R,1
10,0.5789473684210527,0.6951219512195121,0.32,0.07492625368731563,0.1896755162241888,0.0029498525073746312,R209,R,1
11,0.3157894736842105,0.6951219512195121,0.32,0.1463126843657817,0.2103244837758112,0.0029498525073746312,R209,R,1
12,0.21052631578947367,0.7560975609756098,0.24,0.009734513274336283,0.1504424778761062,0.0029498525073746312,R209,R,1
13,0.5263157894736842,0.3902439024390244,0.38,0.05014749262536873,0.11887905604719765,0.0029498525073746312,R209,R,1
14,0.3157894736842105,0.2682926829268293,0.46,0.1256637168141593,0.2884955752212389,0.0029498525073746312,R209,R,1
15,0.15789473684210525,0.08536585365853659,0.4,0.00943952802359882,0.13392330383480827,0.0029498525073746312,R209,R,1
16,0.3157894736842105,0.024390243902439025,0.16,0.008849557522123894,0.15604719764011798,0.0029498525073746312,R209,R,1
17,0.10526315789473684,0.2073170731707317,0.38,0.06548672566371681,0.12477876106194691,0.0029498525073746312,R209,R,1
18,0.05263157894736842,0.32926829268292684,0.04,0.12064896755162242,0.28289085545722714,0.0029498525073746312,R209,R,1
19,0.21052631578947367,0.45121951219512196,0.24,0.10294985250737464,0.13628318584070798,0.0029498525073746312,R209,R,1
20,0.15789473684210525,0.6951219512195121,0.34,0.06342182890855458,0.12743362831858407,0.0029498525073746312,R209,R,1
21,0.47368421052631576,0.7560975609756098,0.18,0.15870206489675517,0.20914454277286135,0.0029498525073746312,R209,R,1
22,0.47368421052631576,0.2073170731707317,0.22,0.04601769911504425,0.11474926253687316,0.0029498525073746312,R209,R,1
23,0.47368421052631576,0.08536585365853659,0.36,0.08259587020648967,0.18377581120943953,0.0029498525073746312,R209,R,1
24,0.5789473684210527,0.024390243902439025,0.58,0.010619469026548672,0.15132743362831858,0.0029498525073746312,R209,R,1
25,0.6842105263157895,0.3902439024390244,0.06,0.18672566371681415,0.27079646017699116,0.0029498525073746312,R209,R,1
26,0.6842105263157895,0.2073170731707317,0.12,0.11799410029498525,0.2820058997050148,0.0029498525073746312,R209,R,1
27,0.47368421052631576,0.32926829268292684,0.34,0.1616519174041298,0.20855457227138643,0.0029498525073746312,R209,R,1
28,0.3684210526315789,0.45121951219512196,0.32,0.0014749262536873156,0.18053097345132743,0.0029498525073746312,R209,R,1
29,0.43157894736842106,0.4146341463414634,0.32,0.012979351032448377,0.09587020648967552,0.0029498525073746312,R209,R,1
30,0.6736842105263158,0.47560975609756095,0.18,0.03805309734513274,0.11032448377581121,0.0029498525073746312,R209,R,1
31,0.42105263157894735,0.6951219512195121,0.42,0.03392330383480826,0.14690265486725665,0.0029498525073746312,R209,R,1
32,0.3263157894736842,0.5975609756097561,0.54,0.026843657817109144,0.09911504424778761,0.0029498525073746312,R209,R,1
33,0.3684210526315789,0.8048780487804879,0.46,0.1775811209439528,0.24631268436578171,0.0029498525073746312,R209,R,1
34,0.5578947368421052,0.5975609756097561,0.22,0.007079646017699115,0.1905604719764012,0.0029498525073746312,R209,R,1
35,0.6842105263157895,0.6341463414634146,0.28,0.14365781710914455,0.1935103244837758,0.0029498525073746312,R209,R,1
36,0.6631578947368421,0.7560975609756098,0.16,0.12949852507374632,0.27964601769911507,0.0029498525073746312,R209,R,1
37,0.021052631578947368,0.6951219512195121,0.1,0.012094395280235988,0.20943952802359883,0.0029498525073746312,R209,R,1
38,0.21052631578947367,0.2073170731707317,0.16,0.16607669616519175,0.21710914454277286,0.0029498525073746312,R209,R,1
39,0.05263157894736842,0.024390243902439025,0.32,0.04336283185840708,0.16519174041297935,0.0029498525073746312,R209,R,1
40,0.631578947368421,0.10975609756097561,0.62,0.009734513274336283,0.2351032448377581,0.0029498525073746312,R209,R,1
41,0.42105263157894735,0.2682926829268293,0.18,0.07168141592920355,0.16342182890855458,0.0029498525073746312,R209,R,1
42,0.4421052631578947,0.04878048780487805,0.1,0.06637168141592921,0.20117994100294986,0.0029498525073746312,R209,R,1
43,0.25263157894736843,0.10975609756097561,0.1,0.007374631268436578,0.18171091445427728,0.0029498525073746312,R209,R,1
44,0.24210526315789474,0.0,0.14,0.1705014749262537,0.22035398230088496,0.0029498525073746312,R209,R,1
45,0.11578947368421053,0.13414634146341464,0.36,0.021238938053097345,0.14778761061946902,0.0029498525073746312,R209,R,1
46,0.06315789473684211,0.4268292682926829,0.32,0.00855457227138643,0.19734513274336282,0.0029498525073746312,R209,R,1
47,0.021052631578947368,0.5487804878048781,0.02,0.13510324483775812,0.20206489675516223,0.0029498525073746312,R209,R,1
48,0.08421052631578947,0.6463414634146342,0.54,0.010029498525073746,0.10678466076696165,0.0029498525073746312,R209,R,1
49,0.1368421052631579,0.5975609756097561,0.72,0.20471976401179942,0.2837758112094395,0.0029498525073746312,R209,R,1
50,0.06315789473684211,0.7926829268292683,0.6,0.13097345132743363,0.17610619469026548,0.0029498525073746312,R209,R,1
51,0.49473684210526314,0.5365853658536586,0.26,0.1471976401179941,0.20353982300884957,0.0029498525073746312,R209,R,1
52,0.5157894736842106,0.6707317073170732,0.2,0.08731563421828908,0.14896755162241887,0.0029498525073746312,R209,R,1
53,0.28421052631578947,0.4878048780487805,0.18,0.03274336283185841,0.10678466076696165,0.0029498525073746312,R209,R,1
54,0.3894736842105263,0.34146341463414637,0.28,0.0887905604719764,0.1775811209439528,0.0029498525073746312,R209,R,1
55,0.6,0.3170731707317073,0.36,0.17551622418879056,0.23008849557522124,0.0029498525073746312,R209,R,1
56,0.6631578947368421,0.24390243902439024,0.04,0.13038348082595871,0.2705014749262537,0.0029498525073746312,R209,R,1
57,0.5578947368421052,0.10975609756097561,0.12,0.1256637168141593,0.2510324483775811,0.0029498525073746312,R209,R,1
58,0.3368421052631579,0.10975609756097561,0.14,0.1079646017699115,0.17256637168141592,0.0029498525073746312,R209,R,1
59,0.37894736842105264,0.2804878048780488,0.36,0.13510324483775812,0.2890855457227139,0.0029498525073746312,R209,R,1
60,0.22105263157894736,0.25609756097560976,0.56,0.005014749262536873,0.13008849557522123,0.0029498525073746312,R209,R,1
61,0.17894736842105263,0.3780487804878049,0.06,0.1920353982300885,0.27492625368731566,0.0029498525073746312,R209,R,1
62,0.12631578947368421,0.25609756097560976,0.26,0.07256637168141593,0.12418879056047198,0.0029498525073746312,R209,R,1
63,0.25263157894736843,0.6707317073170732,0.38,0.007374631268436578,0.171976401179941,0.0029498525073746312,R209,R,1
64,0.28421052631578947,0.8048780487804879,0.2,0.010029498525073746,0.10265486725663717,0.0029498525073746312,R209,R,1
65,0.15789473684210525,0.9024390243902439,0.18,0.013569321533923304,0.15427728613569322,0.0029498525073746312,R209,R,1
66,0.6526315789473685,0.9024390243902439,0.4,0.014454277286135693,0.17935103244837758,0.0029498525073746312,R209,R,1
67,0.5157894736842106,0.8536585365853658,0.5,0.12979351032448377,0.24926253687315633,0.0029498525073746312,R209,R,1
68,0.7052631578947368,0.024390243902439025,0.5,0.03893805309734513,0.16607669616519175,0.0029498525073746312,R209,R,1
69,0.5894736842105263,0.43902439024390244,0.72,0.1368731563421829,0.2728613569321534,0.0029498525073746312,R209,R,1
70,0.3894736842105263,0.5365853658536586,0.12,0.0035398230088495575,0.15781710914454278,0.0029498525073746312,R209,R,1
71,0.3894736842105263,0.6463414634146342,0.1,0.07345132743362832,0.2855457227138643,0.0029498525073746312,R209,R,1
72,0.6,0.7926829268292683,0.3,0.06430678466076696,0.12300884955752213,0.0029498525073746312,R209,R,1
73,0.49473684210526314,0.15853658536585366,0.5,0.006489675516224189,0.1112094395280236,0.0029498525073746312,R209,R,1
74,0.4631578947368421,0.17073170731707318,0.18,0.07758112094395281,0.13097345132743363,0.0029498525073746312,R209,R,1
75,0.4842105263157895,0.12195121951219512,0.16,0.14129793510324484,0.28466076696165193,0.0029498525073746312,R209,R,1
76,0.5157894736842106,0.0975609756097561,0.36,0.05368731563421829,0.11769911504424779,0.0029498525073746312,R209,R,1
77,0.5157894736842106,0.47560975609756095,0.26,0.04896755162241888,0.14660766961651917,0.0029498525073746312,R209,R,1
78,0.5578947368421052,0.4878048780487805,0.28,0.12684365781710916,0.2861356932153392,0.0029498525073746312,R209,R,1
79,0.6421052631578947,0.5975609756097561,0.06,0.06253687315634218,0.19793510324483776,0.0029498525073746312,R209,R,1
80,0.6,0.5487804878048781,0.46,0.08053097345132744,0.1710914454277286,0.0029498525073746312,R209,R,1
81,0.5894736842105263,0.4146341463414634,0.12,0.13333333333333333,0.2855457227138643,0.0029498525073746312,R209,R,1
82,0.5789473684210527,0.6219512195121951,0.52,0.11445427728613569,0.14129793510324484,0.0029498525073746312,R209,R,1
83,0.15789473684210525,0.5365853658536586,0.32,0.02920353982300885,0.10383480825958702,0.0029498525073746312,R209,R,1
84,0.14736842105263157,0.4146341463414634,0.22,0.006194690265486726,0.0967551622418879,0.0029498525073746312,R209,R,1
85,0.11578947368421053,0.34146341463414637,0.14,0.0952802359882006,0.184070796460177,0.0029498525073746312,R209,R,1
86,0.16842105263157894,0.23170731707317074,0.82,0.09823008849557523,0.1486725663716814,0.0029498525073746312,R209,R,1
87,0.042105263157894736,0.18292682926829268,0.7,0.10324483775811209,0.14837758112094396,0.0029498525073746312,R209,R,1
88,0.29473684210526313,0.18292682926829268,0.52,0.11209439528023599,0.14365781710914455,0.0029498525073746312,R209,R,1
89,0.2736842105263158,0.5975609756097561,0.18,0.033628318584070796,0.1631268436578171,0.0029498525073746312,R209,R,1
90,0.2736842105263158,0.3902439024390244,0.3,0.19144542772861356,0.28938053097345134,0.0029498525073746312,R209,R,1
91,0.3263157894736842,0.7804878048780488,0.06,0.10176991150442478,0.15752212389380532,0.0029498525073746312,R209,R,1
92,0.15789473684210525,0.1951219512195122,0.02,0.19911504424778761,0.2743362831858407,0.0029498525073746312,R209,R,1
93,0.23157894736842105,0.23170731707317074,0.04,0.005309734513274336,0.19852507374631267,0.0029498525073746312,R209,R,1
94,0.18947368421052632,0.25609756097560976,0.44,0.1,0.28584070796460176,0.0029498525073746312,R209,R,1
95,0.2736842105263158,0.2926829268292683,0.54,0.11887905604719765,0.15811209439528023,0.0029498525073746312,R209,R,1
96,0.2631578947368421,0.25609756097560976,0.4,0.006489675516224189,0.0887905604719764,0.0029498525073746312,R209,R,1
97,0.23157894736842105,0.2926829268292683,0.22,0.16666666666666666,0.215929203539823,0.0029498525073746312,R209,R,1
98,0.2631578947368421,0.21951219512195122,0.24,0.17168141592920355,0.20737463126843658,0.0029498525073746312,R209,R,1
99,0.2,0.21951219512195122,0.2,0.0359882005899705,0.10825958702064897,0.0029498525073746312,R209,R,1
100,0.21052631578947367,0.2804878048780488,0.18,0.05457227138643068,0.1710914454277286,0.0029498525073746312,R209,R,1
101,0.18947368421052632,0.18292682926829268,0.34,0.08761061946902655,0.28466076696165193,0.0029498525073746312,R209,R,1
1,0.3684210526315789,0.3902439024390244,0.0,0.0,0.2949852507374631,0.0,R210,R,1
2,0.43157894736842106,0.5609756097560976,0.2,0.05604719764011799,0.2873156342182891,0.0029498525073746312,R210,R,1
3,0.3684210526315789,0.17073170731707318,0.14,0.005309734513274336,0.2336283185840708,0.0029498525073746312,R210,R,1
4,0.5789473684210527,0.5121951219512195,0.26,0.08525073746312685,0.2424778761061947,0.0029498525073746312,R210,R,1
5,0.5789473684210527,0.2073170731707317,0.38,0.20029498525073747,0.2359882005899705,0.0029498525073746312,R210,R,1
6,0.15789473684210525,0.32926829268292684,0.52,0.0058997050147492625,0.2672566371681416,0.0029498525073746312,R210,R,1
7,0.2631578947368421,0.32926829268292684,0.06,0.10471976401179942,0.16932153392330385,0.0029498525073746312,R210,R,1
8,0.21052631578947367,0.573170731707317,0.1,0.021238938053097345,0.19734513274336282,0.0029498525073746312,R210,R,1
9,0.10526315789473684,0.4878048780487805,0.18,0.11592920353982301,0.14513274336283186,0.0029498525073746312,R210,R,1
10,0.5789473684210527,0.6951219512195121,0.32,0.11622418879056047,0.14837758112094396,0.0029498525073746312,R210,R,1
11,0.3157894736842105,0.6951219512195121,0.32,0.15250737463126843,0.20412979351032448,0.0029498525073746312,R210,R,1
12,0.21052631578947367,0.7560975609756098,0.24,0.0607669616519174,0.09587020648967552,0.0029498525073746312,R210,R,1
13,0.5263157894736842,0.3902439024390244,0.38,0.004424778761061947,0.21386430678466076,0.0029498525073746312,R210,R,1
14,0.3157894736842105,0.2682926829268293,0.46,0.20471976401179942,0.24277286135693216,0.0029498525073746312,R210,R,1
15,0.15789473684210525,0.08536585365853659,0.4,0.00943952802359882,0.20471976401179942,0.0029498525073746312,R210,R,1
16,0.3157894736842105,0.024390243902439025,0.16,0.05191740412979351,0.08820058997050148,0.0029498525073746312,R210,R,1
17,0.10526315789473684,0.2073170731707317,0.38,0.03008849557522124,0.16017699115044248,0.0029498525073746312,R210,R,1
18,0.05263157894736842,0.32926829268292684,0.04,0.19852507374631267,0.2743362831858407,0.0029498525073746312,R210,R,1
19,0.21052631578947367,0.45121951219512196,0.24,0.06755162241887906,0.17168141592920355,0.0029498525073746312,R210,R,1
20,0.15789473684210525,0.6951219512195121,0.34,0.028023598820058997,0.16283185840707964,0.0029498525073746312,R210,R,1
21,0.47368421052631576,0.7560975609756098,0.18,0.12330383480825959,0.24454277286135692,0.0029498525073746312,R210,R,1
22,0.47368421052631576,0.2073170731707317,0.22,0.005309734513274336,0.2144542772861357,0.0029498525073746312,R210,R,1
23,0.47368421052631576,0.08536585365853659,0.36,0.10294985250737464,0.16342182890855458,0.0029498525073746312,R210,R,1
24,0.5789473684210527,0.024390243902439025,0.58,0.0607669616519174,0.09587020648967552,0.0029498525073746312,R210,R,1
25,0.6842105263157895,0.3902439024390244,0.06,0.12831858407079647,0.2831858407079646,0.0029498525073746312,R210,R,1
26,0.6842105263157895,0.2073170731707317,0.12,0.24365781710914455,0.2820058997050148,0.0029498525073746312,R210,R,1
27,0.47368421052631576,0.32926829268292684,0.34,0.0967551622418879,0.2734513274336283,0.0029498525073746312,R210,R,1
28,0.3684210526315789,0.45121951219512196,0.32,0.012979351032448377,0.09292035398230089,0.0029498525073746312,R210,R,1
29,0.43157894736842106,0.4146341463414634,0.32,0.0017699115044247787,0.15516224188790562,0.0029498525073746312,R210,R,1
30,0.6736842105263158,0.47560975609756095,0.18,0.00855457227138643,0.15132743362831858,0.0029498525073746312,R210,R,1
31,0.42105263157894735,0.6951219512195121,0.42,0.05870206489675516,0.12212389380530973,0.0029498525073746312,R210,R,1
32,0.3263157894736842,0.5975609756097561,0.54,0.005014749262536873,0.21946902654867256,0.0029498525073746312,R210,R,1
33,0.3684210526315789,0.8048780487804879,0.46,0.14218289085545724,0.28171091445427726,0.0029498525073746312,R210,R,1
34,0.5578947368421052,0.5975609756097561,0.22,0.007079646017699115,0.08820058997050148,0.0029498525073746312,R210,R,1
35,0.6842105263157895,0.6341463414634146,0.28,0.07817109144542773,0.25899705014749264,0.0029498525073746312,R210,R,1
36,0.6631578947368421,0.7560975609756098,0.16,0.18466076696165193,0.2575221238938053,0.0029498525073746312,R210,R,1
37,0.021052631578947368,0.6951219512195121,0.1,0.012094395280235988,0.0967551622418879,0.0029498525073746312,R210,R,1
38,0.21052631578947367,0.2073170731707317,0.16,0.1,0.2831858407079646,0.0029498525073746312,R210,R,1
39,0.05263157894736842,0.024390243902439025,0.32,0.08790560471976401,0.12064896755162242,0.0029498525073746312,R210,R,1
40,0.631578947368421,0.10975609756097561,0.62,0.009734513274336283,0.10147492625368731,0.0029498525073746312,R210,R,1
41,0.42105263157894735,0.2682926829268293,0.18,0.08849557522123894,0.14660766961651917,0.0029498525073746312,R210,R,1
42,0.4421052631578947,0.04878048780487805,0.1,0.09911504424778761,0.16843657817109145,0.0029498525073746312,R210,R,1
43,0.25263157894736843,0.10975609756097561,0.1,0.007374631268436578,0.08613569321533923,0.0029498525073746312,R210,R,1
44,0.24210526315789474,0.0,0.14,0.13510324483775812,0.2557522123893805,0.0029498525073746312,R210,R,1
45,0.11578947368421053,0.13414634146341464,0.36,0.06784660766961652,0.10117994100294986,0.0029498525073746312,R210,R,1
46,0.06315789473684211,0.4268292682926829,0.32,0.00855457227138643,0.09115044247787611,0.0029498525073746312,R210,R,1
47,0.021052631578947368,0.5487804878048781,0.02,0.09970501474926254,0.2374631268436578,0.0029498525073746312,R210,R,1
48,0.08421052631578947,0.6463414634146342,0.54,0.010029498525073746,0.1775811209439528,0.0029498525073746312,R210,R,1
49,0.1368421052631579,0.5975609756097561,0.72,0.058997050147492625,0.2837758112094395,0.0029498525073746312,R210,R,1
50,0.06315789473684211,0.7926829268292683,0.6,0.13008849557522123,0.17699115044247787,0.0029498525073746312,R210,R,1
51,0.49473684210526314,0.5365853658536586,0.26,0.08023598820058997,0.2705014749262537,0.0029498525073746312,R210,R,1
52,0.5157894736842106,0.6707317073170732,0.2,0.05191740412979351,0.18436578171091444,0.0029498525073746312,R210,R,1
53,0.28421052631578947,0.4878048780487805,0.18,0.0032448377581120944,0.22064896755162242,0.0029498525073746312,R210,R,1
54,0.3894736842105263,0.34146341463414637,0.28,0.11887905604719765,0.14749262536873156,0.0029498525073746312,R210,R,1
55,0.6,0.3170731707317073,0.36,0.140117994100295,0.26548672566371684,0.0029498525073746312,R210,R,1
56,0.6631578947368421,0.24390243902439024,0.04,0.18289085545722714,0.21799410029498525,0.0029498525073746312,R210,R,1
57,0.5578947368421052,0.10975609756097561,0.12,0.15486725663716813,0.22182890855457227,0.0029498525073746312,R210,R,1
58,0.3368421052631579,0.10975609756097561,0.14,0.07256637168141593,0.2079646017699115,0.0029498525073746312,R210,R,1
59,0.37894736842105264,0.2804878048780488,0.36,0.2519174041297935,0.2890855457227139,0.0029498525073746312,R210,R,1
60,0.22105263157894736,0.25609756097560976,0.56,0.005014749262536873,0.2867256637168142,0.0029498525073746312,R210,R,1
61,0.17894736842105263,0.3780487804878049,0.06,0.13244837758112094,0.28643067846607667,0.0029498525073746312,R210,R,1
62,0.12631578947368421,0.25609756097560976,0.26,0.03716814159292035,0.15958702064896754,0.0029498525073746312,R210,R,1
63,0.25263157894736843,0.6707317073170732,0.38,0.049557522123893805,0.08761061946902655,0.0029498525073746312,R210,R,1
64,0.28421052631578947,0.8048780487804879,0.2,0.010029498525073746,0.17345132743362832,0.0029498525073746312,R210,R,1
65,0.15789473684210525,0.9024390243902439,0.18,0.04542772861356932,0.11592920353982301,0.0029498525073746312,R210,R,1
66,0.6526315789473685,0.9024390243902439,0.4,0.014454277286135693,0.09085545722713864,0.0029498525073746312,R210,R,1
67,0.5157894736842106,0.8536585365853658,0.5,0.15693215339233038,0.22212389380530972,0.0029498525073746312,R210,R,1
68,0.7052631578947368,0.024390243902439025,0.5,0.08584070796460178,0.1191740412979351,0.0029498525073746312,R210,R,1
69,0.5894736842105263,0.43902439024390244,0.72,0.17020648967551621,0.23952802359882006,0.0029498525073746312,R210,R,1
70,0.3894736842105263,0.5365853658536586,0.12,0.048672566371681415,0.0855457227138643,0.0029498525073746312,R210,R,1
71,0.3894736842105263,0.6463414634146342,0.1,0.19705014749262537,0.2855457227138643,0.0029498525073746312,R210,R,1
72,0.6,0.7926829268292683,0.3,0.028908554572271386,0.1584070796460177,0.0029498525073746312,R210,R,1
73,0.49473684210526314,0.15853658536585366,0.5,0.006489675516224189,0.26991150442477874,0.0029498525073746312,R210,R,1
74,0.4631578947368421,0.17073170731707318,0.18,0.04218289085545723,0.1663716814159292,0.0029498525073746312,R210,R,1
75,0.4842105263157895,0.12195121951219512,0.16,0.20088495575221238,0.23657817109144544,0.0029498525073746312,R210,R,1
76,0.5157894736842106,0.0975609756097561,0.36,0.007964601769911504,0.2097345132743363,0.0029498525073746312,R210,R,1
77,0.5157894736842106,0.47560975609756095,0.26,0.08289085545722714,0.11268436578171091,0.0029498525073746312,R210,R,1
78,0.5578947368421052,0.4878048780487805,0.28,0.24218289085545722,0.27964601769911507,0.0029498525073746312,R210,R,1
79,0.6421052631578947,0.5975609756097561,0.06,0.09557522123893805,0.1648967551622419,0.0029498525073746312,R210,R,1
80,0.6,0.5487804878048781,0.46,0.1112094395280236,0.14041297935103245,0.0029498525073746312,R210,R,1
81,0.5894736842105263,0.4146341463414634,0.12,0.212094395280236,0.2855457227138643,0.0029498525073746312,R210,R,1
82,0.5789473684210527,0.6219512195121951,0.52,0.07905604719764012,0.17669616519174042,0.0029498525073746312,R210,R,1
83,0.15789473684210525,0.5365853658536586,0.32,0.006784660766961652,0.22448377581120943,0.0029498525073746312,R210,R,1
84,0.14736842105263157,0.4146341463414634,0.22,0.006194690265486726,0.24837758112094396,0.0029498525073746312,R210,R,1
85,0.11578947368421053,0.34146341463414637,0.14,0.12536873156342182,0.15398230088495576,0.0029498525073746312,R210,R,1
86,0.16842105263157894,0.23170731707317074,0.82,0.032448377581120944,0.2144542772861357,0.0029498525073746312,R210,R,1
87,0.042105263157894736,0.18292682926829268,0.7,0.06784660766961652,0.18377581120943953,0.0029498525073746312,R210,R,1
88,0.29473684210526313,0.18292682926829268,0.52,0.11710914454277287,0.13864306784660768,0.0029498525073746312,R210,R,1
89,0.2736842105263158,0.5975609756097561,0.18,0.06460176991150443,0.13215339233038348,0.0029498525073746312,R210,R,1
90,0.2736842105263158,0.3902439024390244,0.3,0.12064896755162242,0.28938053097345134,0.0029498525073746312,R210,R,1
91,0.3263157894736842,0.7804878048780488,0.06,0.06637168141592921,0.1929203539823009,0.0029498525073746312,R210,R,1
92,0.15789473684210525,0.1951219512195122,0.02,0.06548672566371681,0.2843657817109145,0.0029498525073746312,R210,R,1
93,0.23157894736842105,0.23170731707317074,0.04,0.005309734513274336,0.046902654867256637,0.0029498525073746312,R210,R,1
94,0.18947368421052632,0.25609756097560976,0.44,0.20383480825958702,0.28584070796460176,0.0029498525073746312,R210,R,1
95,0.2736842105263158,0.2926829268292683,0.54,0.05604719764011799,0.22094395280235987,0.0029498525073746312,R210,R,1
96,0.2631578947368421,0.25609756097560976,0.4,0.004129793510324484,0.23392330383480825,0.0029498525073746312,R210,R,1
97,0.23157894736842105,0.2926829268292683,0.22,0.10147492625368731,0.28112094395280235,0.0029498525073746312,R210,R,1
98,0.2631578947368421,0.21951219512195122,0.24,0.13628318584070798,0.24277286135693216,0.0029498525073746312,R210,R,1
99,0.2,0.21951219512195122,0.2,0.006194690265486726,0.22064896755162242,0.0029498525073746312,R210,R,1
100,0.21052631578947367,0.2804878048780488,0.18,0.0967551622418879,0.12890855457227138,0.0029498525073746312,R210,R,1
101,0.18947368421052632,0.18292682926829268,0.34,0.24218289085545722,0.28466076696165193,0.0029498525073746312,R210,R,1
1,0.3684210526315789,0.3902439024390244,0.0,0.0,0.2949852507374631,0.0,R211,R,1
2,0.43157894736842106,0.5609756097560976,0.2,0.13303834808259588,0.2873156342182891,0.0029498525073746312,R211,R,1
3,0.3684210526315789,0.17073170731707318,0.14,0.005309734513274336,0.15752212389380532,0.0029498525073746312,R211,R,1
4,0.5789473684210527,0.5121951219512195,0.26,0.11150442477876106,0.21622418879056046,0.0029498525073746312,R211,R,1
5,0.5789473684210527,0.2073170731707317,0.38,0.1407079646017699,0.28466076696165193,0.0029498525073746312,R211,R,1
6,0.15789473684210525,0.32926829268292684,0.52,0.0058997050147492625,0.17994100294985252,0.0029498525073746312,R211,R,1
7,0.2631578947368421,0.32926829268292684,0.06,0.07227138643067847,0.20176991150442478,0.0029498525073746312,R211,R,1
8,0.21052631578947367,0.573170731707317,0.1,0.05073746312684366,0.1678466076696165,0.0029498525073746312,R211,R,1
9,0.10526315789473684,0.4878048780487805,0.18,0.07227138643067847,0.1887905604719764,0.0029498525073746312,R211,R,1
10,0.5789473684210527,0.6951219512195121,0.32,0.06814159292035399,0.19646017699115045,0.0029498525073746312,R211,R,1
11,0.3157894736842105,0.6951219512195121,0.32,0.12684365781710916,0.22979351032448378,0.0029498525073746312,R211,R,1
12,0.21052631578947367,0.7560975609756098,0.24,0.009734513274336283,0.15073746312684366,0.0029498525073746312,R211,R,1
13,0.5263157894736842,0.3902439024390244,0.38,0.014749262536873156,0.15427728613569322,0.0029498525073746312,R211,R,1
14,0.3157894736842105,0.2682926829268293,0.46,0.13628318584070798,0.2884955752212389,0.0029498525073746312,R211,R,1
15,0.15789473684210525,0.08536585365853659,0.4,0.00943952802359882,0.20471976401179942,0.0029498525073746312,R211,R,1
16,0.3157894736842105,0.024390243902439025,0.16,0.008849557522123894,0.15309734513274337,0.0029498525073746312,R211,R,1
17,0.10526315789473684,0.2073170731707317,0.38,0.03008849557522124,0.16017699115044248,0.0029498525073746312,R211,R,1
18,0.05263157894736842,0.32926829268292684,0.04,0.13097345132743363,0.28289085545722714,0.0029498525073746312,R211,R,1
19,0.21052631578947367,0.45121951219512196,0.24,0.06755162241887906,0.17168141592920355,0.0029498525073746312,R211,R,1
20,0.15789473684210525,0.6951219512195121,0.34,0.028023598820058997,0.16283185840707964,0.0029498525073746312,R211,R,1
21,0.47368421052631576,0.7560975609756098,0.18,0.12330383480825959,0.24454277286135692,0.0029498525073746312,R211,R,1
22,0.47368421052631576,0.2073170731707317,0.22,0.010619469026548672,0.15014749262536872,0.0029498525073746312,R211,R,1
23,0.47368421052631576,0.08536585365853659,0.36,0.07256637168141593,0.19380530973451326,0.0029498525073746312,R211,R,1
24,0.5789473684210527,0.024390243902439025,0.58,0.010619469026548672,0.15162241887905606,0.0029498525073746312,R211,R,1
25,0.6842105263157895,0.3902439024390244,0.06,0.12831858407079647,0.2831858407079646,0.0029498525073746312,R211,R,1
26,0.6842105263157895,0.2073170731707317,0.12,0.12920353982300886,0.2820058997050148,0.0029498525073746312,R211,R,1
27,0.47368421052631576,0.32926829268292684,0.34,0.12625368731563422,0.243952802359882,0.0029498525073746312,R211,R,1
28,0.3684210526315789,0.45121951219512196,0.32,0.0014749262536873156,0.1616519174041298,0.0029498525073746312,R211,R,1
29,0.43157894736842106,0.4146341463414634,0.32,0.0017699115044247787,0.15516224188790562,0.0029498525073746312,R211,R,1
30,0.6736842105263158,0.47560975609756095,0.18,0.00855457227138643,0.15132743362831858,0.0029498525073746312,R211,R,1
31,0.42105263157894735,0.6951219512195121,0.42,0.026843657817109144,0.15398230088495576,0.0029498525073746312,R211,R,1
32,0.3263157894736842,0.5975609756097561,0.54,0.005014749262536873,0.14778761061946902,0.0029498525073746312,R211,R,1
33,0.3684210526315789,0.8048780487804879,0.46,0.14218289085545724,0.28171091445427726,0.0029498525073746312,R211,R,1
34,0.5578947368421052,0.5975609756097561,0.22,0.007079646017699115,0.1696165191740413,0.0029498525073746312,R211,R,1
35,0.6842105263157895,0.6341463414634146,0.28,0.10825958702064897,0.22890855457227138,0.0029498525073746312,R211,R,1
36,0.6631578947368421,0.7560975609756098,0.16,0.1336283185840708,0.27964601769911507,0.0029498525073746312,R211,R,1
37,0.021052631578947368,0.6951219512195121,0.1,0.012094395280235988,0.18141592920353983,0.0029498525073746312,R211,R,1
38,0.21052631578947367,0.2073170731707317,0.16,0.13067846607669617,0.25250737463126843,0.0029498525073746312,R211,R,1
39,0.05263157894736842,0.024390243902439025,0.32,0.038348082595870206,0.17020648967551621,0.0029498525073746312,R211,R,1
40,0.631578947368421,0.10975609756097561,0.62,0.009734513274336283,0.19321533923303835,0.0029498525073746312,R211,R,1
41,0.42105263157894735,0.2682926829268293,0.18,0.05929203539823009,0.17581120943952802,0.0029498525073746312,R211,R,1
42,0.4421052631578947,0.04878048780487805,0.1,0.06460176991150443,0.20294985250737463,0.0029498525073746312,R211,R,1
43,0.25263157894736843,0.10975609756097561,0.1,0.007374631268436578,0.16519174041297935,0.0029498525073746312,R211,R,1
44,0.24210526315789474,0.0,0.14,0.13510324483775812,0.2557522123893805,0.0029498525073746312,R211,R,1
45,0.11578947368421053,0.13414634146341464,0.36,0.017404129793510324,0.15162241887905606,0.0029498525073746312,R211,R,1
46,0.06315789473684211,0.4268292682926829,0.32,0.00855457227138643,0.17374631268436577,0.0029498525073746312,R211,R,1
47,0.021052631578947368,0.5487804878048781,0.02,0.09970501474926254,0.2374631268436578,0.0029498525073746312,R211,R,1
48,0.08421052631578947,0.6463414634146342,0.54,0.010029498525073746,0.1775811209439528,0.0029498525073746312,R211,R,1
49,0.1368421052631579,0.5975609756097561,0.72,0.13392330383480827,0.2837758112094395,0.0029498525073746312,R211,R,1
50,0.06315789473684211,0.7926829268292683,0.6,0.10678466076696165,0.20029498525073747,0.0029498525073746312,R211,R,1
51,0.49473684210526314,0.5365853658536586,0.26,0.11179941002949853,0.23893805309734514,0.0029498525073746312,R211,R,1
52,0.5157894736842106,0.6707317073170732,0.2,0.05191740412979351,0.18436578171091444,0.0029498525073746312,R211,R,1
53,0.28421052631578947,0.4878048780487805,0.18,0.0032448377581120944,0.1480825958702065,0.0029498525073746312,R211,R,1
54,0.3894736842105263,0.34146341463414637,0.28,0.07551622418879056,0.19085545722713865,0.0029498525073746312,R211,R,1
55,0.6,0.3170731707317073,0.36,0.140117994100295,0.26548672566371684,0.0029498525073746312,R211,R,1
56,0.6631578947368421,0.24390243902439024,0.04,0.13008849557522123,0.27079646017699116,0.0029498525073746312,R211,R,1
57,0.5578947368421052,0.10975609756097561,0.12,0.1215339233038348,0.2551622418879056,0.0029498525073746312,R211,R,1
58,0.3368421052631579,0.10975609756097561,0.14,0.07256637168141593,0.2079646017699115,0.0029498525073746312,R211,R,1
59,0.37894736842105264,0.2804878048780488,0.36,0.14129793510324484,0.2890855457227139,0.0029498525073746312,R211,R,1
60,0.22105263157894736,0.25609756097560976,0.56,0.005014749262536873,0.20088495575221238,0.0029498525073746312,R211,R,1
61,0.17894736842105263,0.3780487804878049,0.06,0.13244837758112094,0.28643067846607667,0.0029498525073746312,R211,R,1
62,0.12631578947368421,0.25609756097560976,0.26,0.03716814159292035,0.15958702064896754,0.0029498525073746312,R211,R,1
63,0.25263157894736843,0.6707317073170732,0.38,0.007374631268436578,0.16047197640117994,0.0029498525073746312,R211,R,1
64,0.28421052631578947,0.8048780487804879,0.2,0.010029498525073746,0.17345132743362832,0.0029498525073746312,R211,R,1
65,0.15789473684210525,0.9024390243902439,0.18,0.013569321533923304,0.15457227138643068,0.0029498525073746312,R211,R,1
66,0.6526315789473685,0.9024390243902439,0.4,0.014454277286135693,0.16755162241887905,0.0029498525073746312,R211,R,1
67,0.5157894736842106,0.8536585365853658,0.5,0.12418879056047198,0.25486725663716814,0.0029498525073746312,R211,R,1
68,0.7052631578947368,0.024390243902439025,0.5,0.035398230088495575,0.1696165191740413,0.0029498525073746312,R211,R,1
69,0.5894736842105263,0.43902439024390244,0.72,0.13539823008849558,0.2743362831858407,0.0029498525073746312,R211,R,1
70,0.3894736842105263,0.5365853658536586,0.12,0.0035398230088495575,0.15132743362831858,0.0029498525073746312,R211,R,1
71,0.3894736842105263,0.6463414634146342,0.1,0.10855457227138643,0.2855457227138643,0.0029498525073746312,R211,R,1
72,0.6,0.7926829268292683,0.3,0.028908554572271386,0.1584070796460177,0.0029498525073746312,R211,R,1
73,0.49473684210526314,0.15853658536585366,0.5,0.006489675516224189,0.18200589970501474,0.0029498525073746312,R211,R,1
74,0.4631578947368421,0.17073170731707318,0.18,0.04218289085545723,0.1663716814159292,0.0029498525073746312,R211,R,1
75,0.4842105263157895,0.12195121951219512,0.16,0.14218289085545724,0.28466076696165193,0.0029498525073746312,R211,R,1
76,0.5157894736842106,0.0975609756097561,0.36,0.018289085545722714,0.15309734513274337,0.0029498525073746312,R211,R,1
77,0.5157894736842106,0.47560975609756095,0.26,0.03805309734513274,0.15752212389380532,0.0029498525073746312,R211,R,1
78,0.5578947368421052,0.4878048780487805,0.28,0.13569321533923304,0.2861356932153392,0.0029498525073746312,R211,R,1
79,0.6421052631578947,0.5975609756097561,0.06,0.061061946902654866,0.19941002949852507,0.0029498525073746312,R211,R,1
80,0.6,0.5487804878048781,0.46,0.06784660766961652,0.18377581120943953,0.0029498525073746312,R211,R,1
81,0.5894736842105263,0.4146341463414634,0.12,0.13864306784660768,0.2855457227138643,0.0029498525073746312,R211,R,1
82,0.5789473684210527,0.6219512195121951,0.52,0.07905604719764012,0.17669616519174042,0.0029498525073746312,R211,R,1
83,0.15789473684210525,0.5365853658536586,0.32,0.006784660766961652,0.15191740412979352,0.0029498525073746312,R211,R,1
84,0.14736842105263157,0.4146341463414634,0.22,0.006194690265486726,0.16755162241887905,0.0029498525073746312,R211,R,1
85,0.11578947368421053,0.34146341463414637,0.14,0.08200589970501475,0.19734513274336282,0.0029498525073746312,R211,R,1
86,0.16842105263157894,0.23170731707317074,0.82,0.06283185840707965,0.184070796460177,0.0029498525073746312,R211,R,1
87,0.042105263157894736,0.18292682926829268,0.7,0.06784660766961652,0.18377581120943953,0.0029498525073746312,R211,R,1
88,0.29473684210526313,0.18292682926829268,0.52,0.08466076696165192,0.1710914454277286,0.0029498525073746312,R211,R,1
89,0.2736842105263158,0.5975609756097561,0.18,0.030678466076696165,0.16607669616519175,0.0029498525073746312,R211,R,1
90,0.2736842105263158,0.3902439024390244,0.3,0.12064896755162242,0.28938053097345134,0.0029498525073746312,R211,R,1
91,0.3263157894736842,0.7804878048780488,0.06,0.06637168141592921,0.1929203539823009,0.0029498525073746312,R211,R,1
92,0.15789473684210525,0.1951219512195122,0.02,0.1383480825958702,0.2843657817109145,0.0029498525073746312,R211,R,1
93,0.23157894736842105,0.23170731707317074,0.04,0.005309734513274336,0.17256637168141592,0.0029498525073746312,R211,R,1
94,0.18947368421052632,0.25609756097560976,0.44,0.12212389380530973,0.28584070796460176,0.0029498525073746312,R211,R,1
95,0.2736842105263158,0.2926829268292683,0.54,0.08348082595870207,0.1935103244837758,0.0029498525073746312,R211,R,1
96,0.2631578947368421,0.25609756097560976,0.4,0.004129793510324484,0.15722713864306784,0.0029498525073746312,R211,R,1
97,0.23157894736842105,0.2926829268292683,0.22,0.13126843657817108,0.2513274336283186,0.0029498525073746312,R211,R,1
98,0.2631578947368421,0.21951219512195122,0.24,0.13628318584070798,0.24277286135693216,0.0029498525073746312,R211,R,1
99,0.2,0.21951219512195122,0.2,0.006194690265486726,0.14926253687315635,0.0029498525073746312,R211,R,1
100,0.21052631578947367,0.2804878048780488,0.18,0.04837758112094395,0.17728613569321533,0.0029498525073746312,R211,R,1
101,0.18947368421052632,0.18292682926829268,0.34,0.11533923303834809,0.28466076696165193,0.0029498525073746312,R211,R,1
1,0.42105263157894735,0.573170731707317,0.0,0.0,0.07079646017699115,0.0,RC101,RC,2
2,0.2631578947368421,1.0,0.4,0.04277286135693215,0.051622418879056046,0.0029498525073746312,RC101,RC,2
3,0.23157894736842105,0.8780487804878049,0.6,0.014749262536873156,0.02359882005899705,0.0029498525073746312,RC101,RC,2
4,0.23157894736842105,1.0,0.2,0.03215339233038348,0.041002949852507374,0.0029498525073746312,RC101,RC,2
5,0.21052631578947367,0.9390243902439024,0.8,0.0415929203539823,0.050442477876106194,0.0029498525073746312,RC101,RC,2
6,0.21052631578947367,1.0,0.4,0.012094395280235988,0.02094395280235988,0.0029498525073746312,RC101,RC,2
7,0.18947368421052632,0.8780487804878049,0.4,0.028023598820058997,0.03687315634218289,0.0029498525073746312,RC101,RC,2
8,0.15789473684210525,0.8780487804878049,0.4,0.023303834808259587,0.03215339233038348,0.0029498525073746312,RC101,RC,2
9,0.15789473684210525,0.9390243902439024,0.2,0.026843657817109144,0.03569321533923304,0.0029498525073746312,RC101,RC,2
10,0.10526315789473684,0.3902439024390244,0.4,0.026843657817109144,0.03569321533923304,0.0029498525073746312,RC101,RC,2
11,0.10526315789473684,0.45121951219512196,0.6,0.03510324483775811,0.043952802359882005,0.0029498525073746312,RC101,RC,2
12,0.08421052631578947,0.45121951219512196,0.8,0.017404129793510324,0.026253687315634218,0.0029498525073746312,RC101,RC,2
13,0.08421052631578947,0.5121951219512195,0.4,0.01887905604719764,0.027728613569321534,0.0029498525073746312,RC101,RC,2
14,0.05263157894736842,0.3902439024390244,0.2,0.04188790560471976,0.05073746312684366,0.0029498525073746312,RC101,RC,2
15,0.05263157894736842,0.5121951219512195,0.2,0.01032448377581121,0.019174041297935103,0.0029498525073746312,RC101,RC,2
16,0.021052631578947368,0.45121951219512196,0.4,0.01710914454277286,0.025958702064896755,0.0029498525073746312,RC101,RC,2
17,0.0,0.45121951219512196,0.4,0.021238938053097345,0.03008849557522124,0.0029498525073746312,RC101,RC,2
18,0.0,0.5121951219512195,0.4,0.043952802359882005,0.0528023598820059,0.0029498525073746312,RC101,RC,2
19,0.4631578947368421,0.024390243902439025,0.4,0.02566371681415929,0.034513274336283185,0.0029498525073746312,RC101,RC,2
20,0.4421052631578947,0.08536585365853659,0.8,0.021238938053097345,0.03008849557522124,0.0029498525073746312,RC101,RC,2
21,0.4421052631578947,0.14634146341463414,0.2,0.0359882005899705,0.044837758112094395,0.0029498525073746312,RC101,RC,2
22,0.42105263157894735,0.024390243902439025,0.2,0.01976401179941003,0.028613569321533923,0.0029498525073746312,RC101,RC,2
23,0.42105263157894735,0.14634146341463414,0.8,0.027138643067846607,0.0359882005899705,0.0029498525073746312,RC101,RC,2
24,0.4,0.024390243902439025,0.6,0.019174041297935103,0.028023598820058997,0.0029498525073746312,RC101,RC,2
25,0.4,0.14634146341463414,0.2,0.04365781710914454,0.052507374631268436,0.0029498525073746312,RC101,RC,2
26,0.3684210526315789,0.024390243902439025,0.4,0.04542772861356932,0.054277286135693215,0.0029498525073746312,RC101,RC,2
27,1.0,0.32926829268292684,0.6,0.03392330383480826,0.04277286135693215,0.0029498525073746312,RC101,RC,2
28,1.0,0.3902439024390244,0.4,0.018289085545722714,0.027138643067846607,0.0029498525073746312,RC101,RC,2
29,0.968421052631579,0.32926829268292684,0.2,0.018289085545722714,0.027138643067846607,0.0029498525073746312,RC101,RC,2
30,0.9473684210526315,0.3902439024390244,0.2,0.01976401179941003,0.028613569321533923,0.0029498525073746312,RC101,RC,2
31,0.9263157894736842,0.32926829268292684,0.2,0.02182890855457227,0.030678466076696165,0.0029498525073746312,RC101,RC,2
32,0.9263157894736842,0.3902439024390244,0.4,0.01799410029498525,0.026843657817109144,0.0029498525073746312,RC101,RC,2
33,0.9157894736842105,0.32926829268292684,0.2,0.03864306784660767,0.04749262536873156,0.0029498525073746312,RC101,RC,2
34,0.8947368421052632,0.2682926829268293,0.2,0.01504424778761062,0.023893805309734513,0.0029498525073746312,RC101,RC,2
35,0.8947368421052632,0.3902439024390244,0.6,0.03274336283185841,0.0415929203539823,0.0029498525073746312,RC101,RC,2
36,0.7052631578947368,1.0,0.4,0.041002949852507374,0.04985250737463127,0.0029498525073746312,RC101,RC,2
37,0.6842105263157895,1.0,0.8,0.012684365781710914,0.021533923303834808,0.0029498525073746312,RC101,RC,2
38,0.6842105263157895,0.9634146341463414,0.2,0.03657817109144543,0.04542772861356932,0.0029498525073746312,RC101,RC,2
39,0.6526315789473685,0.9390243902439024,0.6,0.022123893805309734,0.030973451327433628,0.0029498525073746312,RC101,RC,2
40,0.631578947368421,0.9390243902439024,0.2,0.010914454277286136,0.01976401179941003,0.0029498525073746312,RC101,RC,2
41,0.631578947368421,1.0,0.6,0.025073746312684365,0.03392330383480826,0.0029498525073746312,RC101,RC,2
42,0.6105263157894737,0.8780487804878049,0.4,0.027138643067846607,0.0359882005899705,0.0029498525073746312,RC101,RC,2
43,0.5789473684210527,0.9390243902439024,0.2,0.009734513274336283,0.018584070796460177,0.0029498525073746312,RC101,RC,2
44,0.5789473684210527,1.0,0.4,0.03775811209439528,0.04660766961651917,0.0029498525073746312,RC101,RC,2
45,0.5789473684210527,0.9634146341463414,0.2,0.01887905604719764,0.027728613569321534,0.0029498525073746312,RC101,RC,2
46,0.21052631578947367,0.9634146341463414,0.2,0.010914454277286136,0.01976401179941003,0.0029498525073746312,RC101,RC,2
47,0.18947368421052632,0.9390243902439024,0.2,0.03333333333333333,0.04218289085545723,0.0029498525073746312,RC101,RC,2
48,0.021052631578947368,0.5121951219512195,0.2,0.01327433628318584,0.022123893805309734,0.0029498525073746312,RC101,RC,2
49,0.4421052631578947,0.024390243902439025,0.2,0.04454277286135693,0.053392330383480825,0.0029498525073746312,RC101,RC,2
50,0.4421052631578947,0.10975609756097561,0.2,0.030678466076696165,0.03952802359882006,0.0029498525073746312,RC101,RC,2
51,0.7578947368421053,0.3902439024390244,0.6,0.03421828908554572,0.043067846607669616,0.0029498525073746312,RC101,RC,2
52,0.5789473684210527,0.2073170731707317,0.38,0.02448377581120944,0.03333333333333333,0.0029498525073746312,RC101,RC,2
53,0.2631578947368421,0.32926829268292684,0.06,0.015339233038348082,0.024188790560471976,0.0029498525073746312,RC101,RC,2
54,0.21052631578947367,0.573170731707317,0.1,0.026843657817109144,0.03569321533923304,0.0029498525073746312,RC101,RC,2
55,0.5789473684210527,0.6951219512195121,0.32,0.041002949852507374,0.04985250737463127,0.0029498525073746312,RC101,RC,2
56,0.3157894736842105,0.6951219512195121,0.32,0.04129793510324484,0.05014749262536873,0.0029498525073746312,RC101,RC,2
57,0.5263157894736842,0.3902439024390244,0.38,0.038348082595870206,0.0471976401179941,0.0029498525073746312,RC101,RC,2
58,0.3157894736842105,0.2682926829268293,0.46,0.02831858407079646,0.03716814159292035,0.0029498525073746312,RC101,RC,2
59,0.15789473684210525,0.08536585365853659,0.4,0.044837758112094395,0.05368731563421829,0.0029498525073746312,RC101,RC,2
60,0.10526315789473684,0.2073170731707317,0.38,0.012389380530973451,0.021238938053097345,0.0029498525073746312,RC101,RC,2
61,0.15789473684210525,0.6951219512195121,0.34,0.045722713864306784,0.05457227138643068,0.0029498525073746312,RC101,RC,2
62,0.47368421052631576,0.7560975609756098,0.18,0.019469026548672566,0.02831858407079646,0.0029498525073746312,RC101,RC,2
63,0.6842105263157895,0.3902439024390244,0.06,0.015339233038348082,0.024188790560471976,0.0029498525073746312,RC101,RC,2
64,0.6842105263157895,0.2073170731707317,0.12,0.011504424778761062,0.020353982300884955,0.0029498525073746312,RC101,RC,2
65,0.47368421052631576,0.32926829268292684,0.34,0.015634218289085546,0.02448377581120944,0.0029498525073746312,RC101,RC,2
66,0.3684210526315789,0.45121951219512196,0.32,0.0032448377581120944,0.012094395280235988,0.0029498525073746312,RC101,RC,2
67,0.43157894736842106,0.4146341463414634,0.32,0.039233038348082595,0.04808259587020649,0.0029498525073746312,RC101,RC,2
68,0.6736842105263158,0.47560975609756095,0.18,0.02064896755162242,0.029498525073746312,0.0029498525073746312,RC101,RC,2
69,0.42105263157894735,0.6951219512195121,0.42,0.04247787610619469,0.05132743362831858,0.0029498525073746312,RC101,RC,2
70,0.3263157894736842,0.5975609756097561,0.54,0.012094395280235988,0.02094395280235988,0.0029498525073746312,RC101,RC,2
71,0.3684210526315789,0.8048780487804879,0.46,0.05309734513274336,0.061946902654867256,0.0029498525073746312,RC101,RC,2
72,0.6842105263157895,0.6341463414634146,0.28,0.019174041297935103,0.028023598820058997,0.0029498525073746312,RC101,RC,2
73,0.6631578947368421,0.7560975609756098,0.16,0.008849557522123894,0.017699115044247787,0.0029498525073746312,RC101,RC,2
74,0.021052631578947368,0.6951219512195121,0.1,0.02271386430678466,0.031563421828908554,0.0029498525073746312,RC101,RC,2
75,0.21052631578947367,0.2073170731707317,0.16,0.0415929203539823,0.050442477876106194,0.0029498525073746312,RC101,RC,2
76,0.05263157894736842,0.024390243902439025,0.32,0.02182890855457227,0.030678466076696165,0.0029498525073746312,RC101,RC,2
77,0.631578947368421,0.10975609756097561,0.62,0.022123893805309734,0.030973451327433628,0.0029498525073746312,RC101,RC,2
78,0.24210526315789474,0.0,0.14,0.04424778761061947,0.05309734513274336,0.0029498525073746312,RC101,RC,2
79,0.08421052631578947,0.6463414634146342,0.54,0.02654867256637168,0.035398230088495575,0.0029498525073746312,RC101,RC,2
80,0.06315789473684211,0.7926829268292683,0.6,0.026253687315634218,0.03510324483775811,0.0029498525073746312,RC101,RC,2
81,0.49473684210526314,0.5365853658536586,0.26,0.05663716814159292,0.06548672566371681,0.0029498525073746312,RC101,RC,2
82,0.5157894736842106,0.6707317073170732,0.2,0.02536873156342183,0.03421828908554572,0.0029498525073746312,RC101,RC,2
83,0.28421052631578947,0.4878048780487805,0.18,0.012389380530973451,0.021238938053097345,0.0029498525073746312,RC101,RC,2
84,0.3894736842105263,0.34146341463414637,0.28,0.01032448377581121,0.019174041297935103,0.0029498525073746312,RC101,RC,2
85,0.6,0.3170731707317073,0.36,0.02831858407079646,0.03716814159292035,0.0029498525073746312,RC101,RC,2
86,0.6631578947368421,0.24390243902439024,0.04,0.02566371681415929,0.034513274336283185,0.0029498525073746312,RC101,RC,2
87,0.22105263157894736,0.25609756097560976,0.56,0.02566371681415929,0.034513274336283185,0.0029498525073746312,RC101,RC,2
88,0.12631578947368421,0.25609756097560976,0.26,0.02654867256637168,0.035398230088495575,0.0029498525073746312,RC101,RC,2
89,0.25263157894736843,0.6707317073170732,0.38,0.01976401179941003,0.028613569321533923,0.0029498525073746312,RC101,RC,2
90,0.7052631578947368,0.024390243902439025,0.5,0.04247787610619469,0.05132743362831858,0.0029498525073746312,RC101,RC,2
91,0.3894736842105263,0.5365853658536586,0.12,0.02536873156342183,0.03421828908554572,0.0029498525073746312,RC101,RC,2
92,0.5157894736842106,0.47560975609756095,0.26,0.04926253687315634,0.058112094395280235,0.0029498525073746312,RC101,RC,2
93,0.5578947368421052,0.4878048780487805,0.28,0.004129793510324484,0.012979351032448377,0.0029498525073746312,RC101,RC,2
94,0.6421052631578947,0.5975609756097561,0.06,0.052507374631268436,0.06135693215339233,0.0029498525073746312,RC101,RC,2
95,0.6,0.5487804878048781,0.46,0.028023598820058997,0.03687315634218289,0.0029498525073746312,RC101,RC,2
96,0.5894736842105263,0.4146341463414634,0.12,0.010029498525073746,0.01887905604719764,0.0029498525073746312,RC101,RC,2
97,0.5789473684210527,0.6219512195121951,0.52,0.03893805309734513,0.047787610619469026,0.0029498525073746312,RC101,RC,2
98,0.042105263157894736,0.18292682926829268,0.7,0.035398230088495575,0.04424778761061947,0.0029498525073746312,RC101,RC,2
99,0.2736842105263158,0.5975609756097561,0.18,0.013569321533923304,0.022418879056047197,0.0029498525073746312,RC101,RC,2
100,0.2736842105263158,0.3902439024390244,0.3,0.02271386430678466,0.031563421828908554,0.0029498525073746312,RC101,RC,2
101,0.3263157894736842,0.7804878048780488,0.06,0.05309734513274336,0.061946902654867256,0.0029498525073746312,RC101,RC,2
1,0.42105263157894735,0.573170731707317,0.0,0.0,0.07079646017699115,0.0,RC102,RC,2
2,0.2631578947368421,1.0,0.4,0.0,0.056342182890855456,0.0029498525073746312,RC102,RC,2
3,0.23157894736842105,0.8780487804878049,0.6,0.0,0.05870206489675516,0.0029498525073746312,RC102,RC,2
4,0.23157894736842105,1.0,0.2,0.0,0.05604719764011799,0.0029498525073746312,RC102,RC,2
5,0.21052631578947367,0.9390243902439024,0.8,0.0415929203539823,0.050442477876106194,0.0029498525073746312,RC102,RC,2
6,0.21052631578947367,1.0,0.4,0.0,0.05575221238938053,0.0029498525073746312,RC102,RC,2
7,0.18947368421052632,0.8780487804878049,0.4,0.028023598820058997,0.03687315634218289,0.0029498525073746312,RC102,RC,2
8,0.15789473684210525,0.8780487804878049,0.4,0.0,0.057227138643067846,0.0029498525073746312,RC102,RC,2
9,0.15789473684210525,0.9390243902439024,0.2,0.026843657817109144,0.03569321533923304,0.0029498525073746312,RC102,RC,2
10,0.10526315789473684,0.3902439024390244,0.4,0.026843657817109144,0.03569321533923304,0.0029498525073746312,RC102,RC,2
11,0.10526315789473684,0.45121951219512196,0.6,0.03510324483775811,0.043952802359882005,0.0029498525073746312,RC102,RC,2
12,0.08421052631578947,0.45121951219512196,0.8,0.017404129793510324,0.026253687315634218,0.0029498525073746312,RC102,RC,2
13,0.08421052631578947,0.5121951219512195,0.4,0.0,0.058112094395280235,0.0029498525073746312,RC102,RC,2
14,0.05263157894736842,0.3902439024390244,0.2,0.04188790560471976,0.05073746312684366,0.0029498525073746312,RC102,RC,2
15,0.05263157894736842,0.5121951219512195,0.2,0.01032448377581121,0.019174041297935103,0.0029498525073746312,RC102,RC,2
16,0.021052631578947368,0.45121951219512196,0.4,0.01710914454277286,0.025958702064896755,0.0029498525073746312,RC102,RC,2
17,0.0,0.45121951219512196,0.4,0.021238938053097345,0.03008849557522124,0.0029498525073746312,RC102,RC,2
18,0.0,0.5121951219512195,0.4,0.043952802359882005,0.0528023598820059,0.0029498525073746312,RC102,RC,2
19,0.4631578947368421,0.024390243902439025,0.4,0.02566371681415929,0.034513274336283185,0.0029498525073746312,RC102,RC,2
20,0.4421052631578947,0.08536585365853659,0.8,0.021238938053097345,0.03008849557522124,0.0029498525073746312,RC102,RC,2
21,0.4421052631578947,0.14634146341463414,0.2,0.0359882005899705,0.044837758112094395,0.0029498525073746312,RC102,RC,2
22,0.42105263157894735,0.024390243902439025,0.2,0.0,0.05457227138643068,0.0029498525073746312,RC102,RC,2
23,0.42105263157894735,0.14634146341463414,0.8,0.027138643067846607,0.0359882005899705,0.0029498525073746312,RC102,RC,2
24,0.4,0.024390243902439025,0.6,0.019174041297935103,0.028023598820058997,0.0029498525073746312,RC102,RC,2
25,0.4,0.14634146341463414,0.2,0.04365781710914454,0.052507374631268436,0.0029498525073746312,RC102,RC,2
26,0.3684210526315789,0.024390243902439025,0.4,0.04542772861356932,0.054277286135693215,0.0029498525073746312,RC102,RC,2
27,1.0,0.32926829268292684,0.6,0.0,0.050442477876106194,0.0029498525073746312,RC102,RC,2
28,1.0,0.3902439024390244,0.4,0.018289085545722714,0.027138643067846607,0.0029498525073746312,RC102,RC,2
29,0.968421052631579,0.32926829268292684,0.2,0.018289085545722714,0.027138643067846607,0.0029498525073746312,RC102,RC,2
30,0.9473684210526315,0.3902439024390244,0.2,0.01976401179941003,0.028613569321533923,0.0029498525073746312,RC102,RC,2
31,0.9263157894736842,0.32926829268292684,0.2,0.02182890855457227,0.030678466076696165,0.0029498525073746312,RC102,RC,2
32,0.9263157894736842,0.3902439024390244,0.4,0.0,0.0528023598820059,0.0029498525073746312,RC102,RC,2
33,0.9157894736842105,0.32926829268292684,0.2,0.03864306784660767,0.04749262536873156,0.0029498525073746312,RC102,RC,2
34,0.8947368421052632,0.2682926829268293,0.2,0.01504424778761062,0.023893805309734513,0.0029498525073746312,RC102,RC,2
35,0.8947368421052632,0.3902439024390244,0.6,0.0,0.05368731563421829,0.0029498525073746312,RC102,RC,2
36,0.7052631578947368,1.0,0.4,0.041002949852507374,0.04985250737463127,0.0029498525073746312,RC102,RC,2
37,0.6842105263157895,1.0,0.8,0.012684365781710914,0.021533923303834808,0.0029498525073746312,RC102,RC,2
38,0.6842105263157895,0.9634146341463414,0.2,0.0,0.05575221238938053,0.0029498525073746312,RC102,RC,2
39,0.6526315789473685,0.9390243902439024,0.6,0.022123893805309734,0.030973451327433628,0.0029498525073746312,RC102,RC,2
40,0.631578947368421,0.9390243902439024,0.2,0.010914454277286136,0.01976401179941003,0.0029498525073746312,RC102,RC,2
41,0.631578947368421,1.0,0.6,0.025073746312684365,0.03392330383480826,0.0029498525073746312,RC102,RC,2
42,0.6105263157894737,0.8780487804878049,0.4,0.027138643067846607,0.0359882005899705,0.0029498525073746312,RC102,RC,2
43,0.5789473684210527,0.9390243902439024,0.2,0.009734513274336283,0.018584070796460177,0.0029498525073746312,RC102,RC,2
44,0.5789473684210527,1.0,0.4,0.03775811209439528,0.04660766961651917,0.0029498525073746312,RC102,RC,2
45,0.5789473684210527,0.9634146341463414,0.2,0.01887905604719764,0.027728613569321534,0.0029498525073746312,RC102,RC,2
46,0.21052631578947367,0.9634146341463414,0.2,0.010914454277286136,0.01976401179941003,0.0029498525073746312,RC102,RC,2
47,0.18947368421052632,0.9390243902439024,0.2,0.03333333333333333,0.04218289085545723,0.0029498525073746312,RC102,RC,2
48,0.021052631578947368,0.5121951219512195,0.2,0.01327433628318584,0.022123893805309734,0.0029498525073746312,RC102,RC,2
49,0.4421052631578947,0.024390243902439025,0.2,0.0,0.054277286135693215,0.0029498525073746312,RC102,RC,2
50,0.4421052631578947,0.10975609756097561,0.2,0.030678466076696165,0.03952802359882006,0.0029498525073746312,RC102,RC,2
51,0.7578947368421053,0.3902439024390244,0.6,0.0,0.057227138643067846,0.0029498525073746312,RC102,RC,2
52,0.5789473684210527,0.2073170731707317,0.38,0.02448377581120944,0.03333333333333333,0.0029498525073746312,RC102,RC,2
53,0.2631578947368421,0.32926829268292684,0.06,0.0,0.06047197640117994,0.0029498525073746312,RC102,RC,2
54,0.21052631578947367,0.573170731707317,0.1,0.026843657817109144,0.03569321533923304,0.0029498525073746312,RC102,RC,2
55,0.5789473684210527,0.6951219512195121,0.32,0.041002949852507374,0.04985250737463127,0.0029498525073746312,RC102,RC,2
56,0.3157894736842105,0.6951219512195121,0.32,0.04129793510324484,0.05014749262536873,0.0029498525073746312,RC102,RC,2
57,0.5263157894736842,0.3902439024390244,0.38,0.038348082595870206,0.0471976401179941,0.0029498525073746312,RC102,RC,2
58,0.3157894736842105,0.2682926829268293,0.46,0.02831858407079646,0.03716814159292035,0.0029498525073746312,RC102,RC,2
59,0.15789473684210525,0.08536585365853659,0.4,0.044837758112094395,0.05368731563421829,0.0029498525073746312,RC102,RC,2
60,0.10526315789473684,0.2073170731707317,0.38,0.0,0.055162241887905604,0.0029498525073746312,RC102,RC,2
61,0.15789473684210525,0.6951219512195121,0.34,0.045722713864306784,0.05457227138643068,0.0029498525073746312,RC102,RC,2
62,0.47368421052631576,0.7560975609756098,0.18,0.019469026548672566,0.02831858407079646,0.0029498525073746312,RC102,RC,2
63,0.6842105263157895,0.3902439024390244,0.06,0.015339233038348082,0.024188790560471976,0.0029498525073746312,RC102,RC,2
64,0.6842105263157895,0.2073170731707317,0.12,0.011504424778761062,0.020353982300884955,0.0029498525073746312,RC102,RC,2
65,0.47368421052631576,0.32926829268292684,0.34,0.015634218289085546,0.02448377581120944,0.0029498525073746312,RC102,RC,2
66,0.3684210526315789,0.45121951219512196,0.32,0.0032448377581120944,0.012094395280235988,0.0029498525073746312,RC102,RC,2
67,0.43157894736842106,0.4146341463414634,0.32,0.039233038348082595,0.04808259587020649,0.0029498525073746312,RC102,RC,2
68,0.6736842105263158,0.47560975609756095,0.18,0.02064896755162242,0.029498525073746312,0.0029498525073746312,RC102,RC,2
69,0.42105263157894735,0.6951219512195121,0.42,0.04247787610619469,0.05132743362831858,0.0029498525073746312,RC102,RC,2
70,0.3263157894736842,0.5975609756097561,0.54,0.012094395280235988,0.02094395280235988,0.0029498525073746312,RC102,RC,2
71,0.3684210526315789,0.8048780487804879,0.46,0.05309734513274336,0.061946902654867256,0.0029498525073746312,RC102,RC,2
72,0.6842105263157895,0.6341463414634146,0.28,0.019174041297935103,0.028023598820058997,0.0029498525073746312,RC102,RC,2
73,0.6631578947368421,0.7560975609756098,0.16,0.0,0.05958702064896755,0.0029498525073746312,RC102,RC,2
74,0.021052631578947368,0.6951219512195121,0.1,0.02271386430678466,0.031563421828908554,0.0029498525073746312,RC102,RC,2
75,0.21052631578947367,0.2073170731707317,0.16,0.0415929203539823,0.050442477876106194,0.0029498525073746312,RC102,RC,2
76,0.05263157894736842,0.024390243902439025,0.32,0.0,0.05073746312684366,0.0029498525073746312,RC102,RC,2
77,0.631578947368421,0.10975609756097561,0.62,0.022123893805309734,0.030973451327433628,0.0029498525073746312,RC102,RC,2
78,0.24210526315789474,0.0,0.14,0.04424778761061947,0.05309734513274336,0.0029498525073746312,RC102,RC,2
79,0.08421052631578947,0.6463414634146342,0.54,0.02654867256637168,0.035398230088495575,0.0029498525073746312,RC102,RC,2
80,0.06315789473684211,0.7926829268292683,0.6,0.026253687315634218,0.03510324483775811,0.0029498525073746312,RC102,RC,2
81,0.49473684210526314,0.5365853658536586,0.26,0.05663716814159292,0.06548672566371681,0.0029498525073746312,RC102,RC,2
82,0.5157894736842106,0.6707317073170732,0.2,0.02536873156342183,0.03421828908554572,0.0029498525073746312,RC102,RC,2
83,0.28421052631578947,0.4878048780487805,0.18,0.0,0.06342182890855458,0.0029498525073746312,RC102,RC,2
84,0.3894736842105263,0.34146341463414637,0.28,0.0,0.061946902654867256,0.0029498525073746312,RC102,RC,2
85,0.6,0.3170731707317073,0.36,0.02831858407079646,0.03716814159292035,0.0029498525073746312,RC102,RC,2
86,0.6631578947368421,0.24390243902439024,0.04,0.0,0.057227138643067846,0.0029498525073746312,RC102,RC,2
87,0.22105263157894736,0.25609756097560976,0.56,0.02566371681415929,0.034513274336283185,0.0029498525073746312,RC102,RC,2
88,0.12631578947368421,0.25609756097560976,0.26,0.02654867256637168,0.035398230088495575,0.0029498525073746312,RC102,RC,2
89,0.25263157894736843,0.6707317073170732,0.38,0.01976401179941003,0.028613569321533923,0.0029498525073746312,RC102,RC,2
90,0.7052631578947368,0.024390243902439025,0.5,0.04247787610619469,0.05132743362831858,0.0029498525073746312,RC102,RC,2
91,0.3894736842105263,0.5365853658536586,0.12,0.02536873156342183,0.03421828908554572,0.0029498525073746312,RC102,RC,2
92,0.5157894736842106,0.47560975609756095,0.26,0.0,0.0640117994100295,0.0029498525073746312,RC102,RC,2
93,0.5578947368421052,0.4878048780487805,0.28,0.004129793510324484,0.012979351032448377,0.0029498525073746312,RC102,RC,2
94,0.6421052631578947,0.5975609756097561,0.06,0.052507374631268436,0.06135693215339233,0.0029498525073746312,RC102,RC,2
95,0.6,0.5487804878048781,0.46,0.0,0.06253687315634218,0.0029498525073746312,RC102,RC,2
96,0.5894736842105263,0.4146341463414634,0.12,0.0,0.06165191740412979,0.0029498525073746312,RC102,RC,2
97,0.5789473684210527,0.6219512195121951,0.52,0.0,0.06312684365781711,0.0029498525073746312,RC102,RC,2
98,0.042105263157894736,0.18292682926829268,0.7,0.035398230088495575,0.04424778761061947,0.0029498525073746312,RC102,RC,2
99,0.2736842105263158,0.5975609756097561,0.18,0.0,0.06342182890855458,0.0029498525073746312,RC102,RC,2
100,0.2736842105263158,0.3902439024390244,0.3,0.02271386430678466,0.031563421828908554,0.0029498525073746312,RC102,RC,2
101,0.3263157894736842,0.7804878048780488,0.06,0.05309734513274336,0.061946902654867256,0.0029498525073746312,RC102,RC,2
1,0.42105263157894735,0.573170731707317,0.0,0.0,0.07079646017699115,0.0,RC103,RC,2
2,0.2631578947368421,1.0,0.4,0.0,0.056342182890855456,0.0029498525073746312,RC103,RC,2
3,0.23157894736842105,0.8780487804878049,0.6,0.0,0.05870206489675516,0.0029498525073746312,RC103,RC,2
4,0.23157894736842105,1.0,0.2,0.0,0.05604719764011799,0.0029498525073746312,RC103,RC,2
5,0.21052631578947367,0.9390243902439024,0.8,0.0415929203539823,0.050442477876106194,0.0029498525073746312,RC103,RC,2
6,0.21052631578947367,1.0,0.4,0.0,0.05575221238938053,0.0029498525073746312,RC103,RC,2
7,0.18947368421052632,0.8780487804878049,0.4,0.028023598820058997,0.03687315634218289,0.0029498525073746312,RC103,RC,2
8,0.15789473684210525,0.8780487804878049,0.4,0.0,0.057227138643067846,0.0029498525073746312,RC103,RC,2
9,0.15789473684210525,0.9390243902439024,0.2,0.026843657817109144,0.03569321533923304,0.0029498525073746312,RC103,RC,2
10,0.10526315789473684,0.3902439024390244,0.4,0.026843657817109144,0.03569321533923304,0.0029498525073746312,RC103,RC,2
11,0.10526315789473684,0.45121951219512196,0.6,0.03510324483775811,0.043952802359882005,0.0029498525073746312,RC103,RC,2
12,0.08421052631578947,0.45121951219512196,0.8,0.017404129793510324,0.026253687315634218,0.0029498525073746312,RC103,RC,2
13,0.08421052631578947,0.5121951219512195,0.4,0.0,0.058112094395280235,0.0029498525073746312,RC103,RC,2
14,0.05263157894736842,0.3902439024390244,0.2,0.04188790560471976,0.05073746312684366,0.0029498525073746312,RC103,RC,2
15,0.05263157894736842,0.5121951219512195,0.2,0.0,0.057227138643067846,0.0029498525073746312,RC103,RC,2
16,0.021052631578947368,0.45121951219512196,0.4,0.01710914454277286,0.025958702064896755,0.0029498525073746312,RC103,RC,2
17,0.0,0.45121951219512196,0.4,0.0,0.05545722713864307,0.0029498525073746312,RC103,RC,2
18,0.0,0.5121951219512195,0.4,0.043952802359882005,0.0528023598820059,0.0029498525073746312,RC103,RC,2
19,0.4631578947368421,0.024390243902439025,0.4,0.0,0.054277286135693215,0.0029498525073746312,RC103,RC,2
20,0.4421052631578947,0.08536585365853659,0.8,0.0,0.05575221238938053,0.0029498525073746312,RC103,RC,2
21,0.4421052631578947,0.14634146341463414,0.2,0.0,0.057227138643067846,0.0029498525073746312,RC103,RC,2
22,0.42105263157894735,0.024390243902439025,0.2,0.0,0.05457227138643068,0.0029498525073746312,RC103,RC,2
23,0.42105263157894735,0.14634146341463414,0.8,0.027138643067846607,0.0359882005899705,0.0029498525073746312,RC103,RC,2
24,0.4,0.024390243902439025,0.6,0.019174041297935103,0.028023598820058997,0.0029498525073746312,RC103,RC,2
25,0.4,0.14634146341463414,0.2,0.0,0.057227138643067846,0.0029498525073746312,RC103,RC,2
26,0.3684210526315789,0.024390243902439025,0.4,0.04542772861356932,0.054277286135693215,0.0029498525073746312,RC103,RC,2
27,1.0,0.32926829268292684,0.6,0.0,0.050442477876106194,0.0029498525073746312,RC103,RC,2
28,1.0,0.3902439024390244,0.4,0.018289085545722714,0.027138643067846607,0.0029498525073746312,RC103,RC,2
29,0.968421052631579,0.32926829268292684,0.2,0.0,0.05132743362831858,0.0029498525073746312,RC103,RC,2
30,0.9473684210526315,0.3902439024390244,0.2,0.0,0.05221238938053097,0.0029498525073746312,RC103,RC,2
31,0.9263157894736842,0.32926829268292684,0.2,0.02182890855457227,0.030678466076696165,0.0029498525073746312,RC103,RC,2
32,0.9263157894736842,0.3902439024390244,0.4,0.0,0.0528023598820059,0.0029498525073746312,RC103,RC,2
33,0.9157894736842105,0.32926829268292684,0.2,0.0,0.052507374631268436,0.0029498525073746312,RC103,RC,2
34,0.8947368421052632,0.2682926829268293,0.2,0.01504424778761062,0.023893805309734513,0.0029498525073746312,RC103,RC,2
35,0.8947368421052632,0.3902439024390244,0.6,0.0,0.05368731563421829,0.0029498525073746312,RC103,RC,2
36,0.7052631578947368,1.0,0.4,0.041002949852507374,0.04985250737463127,0.0029498525073746312,RC103,RC,2
37,0.6842105263157895,1.0,0.8,0.012684365781710914,0.021533923303834808,0.0029498525073746312,RC103,RC,2
38,0.6842105263157895,0.9634146341463414,0.2,0.0,0.05575221238938053,0.0029498525073746312,RC103,RC,2
39,0.6526315789473685,0.9390243902439024,0.6,0.022123893805309734,0.030973451327433628,0.0029498525073746312,RC103,RC,2
40,0.631578947368421,0.9390243902439024,0.2,0.010914454277286136,0.01976401179941003,0.0029498525073746312,RC103,RC,2
41,0.631578947368421,1.0,0.6,0.025073746312684365,0.03392330383480826,0.0029498525073746312,RC103,RC,2
42,0.6105263157894737,0.8780487804878049,0.4,0.027138643067846607,0.0359882005899705,0.0029498525073746312,RC103,RC,2
43,0.5789473684210527,0.9390243902439024,0.2,0.009734513274336283,0.018584070796460177,0.0029498525073746312,RC103,RC,2
44,0.5789473684210527,1.0,0.4,0.0,0.056342182890855456,0.0029498525073746312,RC103,RC,2
45,0.5789473684210527,0.9634146341463414,0.2,0.01887905604719764,0.027728613569321534,0.0029498525073746312,RC103,RC,2
46,0.21052631578947367,0.9634146341463414,0.2,0.010914454277286136,0.01976401179941003,0.0029498525073746312,RC103,RC,2
47,0.18947368421052632,0.9390243902439024,0.2,0.0,0.05663716814159292,0.0029498525073746312,RC103,RC,2
48,0.021052631578947368,0.5121951219512195,0.2,0.0,0.056342182890855456,0.0029498525073746312,RC103,RC,2
49,0.4421052631578947,0.024390243902439025,0.2,0.0,0.054277286135693215,0.0029498525073746312,RC103,RC,2
50,0.4421052631578947,0.10975609756097561,0.2,0.030678466076696165,0.03952802359882006,0.0029498525073746312,RC103,RC,2
51,0.7578947368421053,0.3902439024390244,0.6,0.0,0.057227138643067846,0.0029498525073746312,RC103,RC,2
52,0.5789473684210527,0.2073170731707317,0.38,0.0,0.05781710914454277,0.0029498525073746312,RC103,RC,2
53,0.2631578947368421,0.32926829268292684,0.06,0.0,0.06047197640117994,0.0029498525073746312,RC103,RC,2
54,0.21052631578947367,0.573170731707317,0.1,0.026843657817109144,0.03569321533923304,0.0029498525073746312,RC103,RC,2
55,0.5789473684210527,0.6951219512195121,0.32,0.0,0.06224188790560472,0.0029498525073746312,RC103,RC,2
56,0.3157894736842105,0.6951219512195121,0.32,0.04129793510324484,0.05014749262536873,0.0029498525073746312,RC103,RC,2
57,0.5263157894736842,0.3902439024390244,0.38,0.038348082595870206,0.0471976401179941,0.0029498525073746312,RC103,RC,2
58,0.3157894736842105,0.2682926829268293,0.46,0.0,0.059882005899705014,0.0029498525073746312,RC103,RC,2
59,0.15789473684210525,0.08536585365853659,0.4,0.044837758112094395,0.05368731563421829,0.0029498525073746312,RC103,RC,2
60,0.10526315789473684,0.2073170731707317,0.38,0.0,0.055162241887905604,0.0029498525073746312,RC103,RC,2
61,0.15789473684210525,0.6951219512195121,0.34,0.0,0.059882005899705014,0.0029498525073746312,RC103,RC,2
62,0.47368421052631576,0.7560975609756098,0.18,0.0,0.06312684365781711,0.0029498525073746312,RC103,RC,2
63,0.6842105263157895,0.3902439024390244,0.06,0.015339233038348082,0.024188790560471976,0.0029498525073746312,RC103,RC,2
64,0.6842105263157895,0.2073170731707317,0.12,0.0,0.05604719764011799,0.0029498525073746312,RC103,RC,2
65,0.47368421052631576,0.32926829268292684,0.34,0.015634218289085546,0.02448377581120944,0.0029498525073746312,RC103,RC,2
66,0.3684210526315789,0.45121951219512196,0.32,0.0032448377581120944,0.012094395280235988,0.0029498525073746312,RC103,RC,2
67,0.43157894736842106,0.4146341463414634,0.32,0.039233038348082595,0.04808259587020649,0.0029498525073746312,RC103,RC,2
68,0.6736842105263158,0.47560975609756095,0.18,0.02064896755162242,0.029498525073746312,0.0029498525073746312,RC103,RC,2
69,0.42105263157894735,0.6951219512195121,0.42,0.04247787610619469,0.05132743362831858,0.0029498525073746312,RC103,RC,2
70,0.3263157894736842,0.5975609756097561,0.54,0.012094395280235988,0.02094395280235988,0.0029498525073746312,RC103,RC,2
71,0.3684210526315789,0.8048780487804879,0.46,0.05309734513274336,0.061946902654867256,0.0029498525073746312,RC103,RC,2
72,0.6842105263157895,0.6341463414634146,0.28,0.0,0.06017699115044248,0.0029498525073746312,RC103,RC,2
73,0.6631578947368421,0.7560975609756098,0.16,0.0,0.05958702064896755,0.0029498525073746312,RC103,RC,2
74,0.021052631578947368,0.6951219512195121,0.1,0.0,0.05604719764011799,0.0029498525073746312,RC103,RC,2
75,0.21052631578947367,0.2073170731707317,0.16,0.0415929203539823,0.050442477876106194,0.0029498525073746312,RC103,RC,2
76,0.05263157894736842,0.024390243902439025,0.32,0.0,0.05073746312684366,0.0029498525073746312,RC103,RC,2
77,0.631578947368421,0.10975609756097561,0.62,0.022123893805309734,0.030973451327433628,0.0029498525073746312,RC103,RC,2
78,0.24210526315789474,0.0,0.14,0.04424778761061947,0.05309734513274336,0.0029498525073746312,RC103,RC,2
79,0.08421052631578947,0.6463414634146342,0.54,0.02654867256637168,0.035398230088495575,0.0029498525073746312,RC103,RC,2
80,0.06315789473684211,0.7926829268292683,0.6,0.026253687315634218,0.03510324483775811,0.0029498525073746312,RC103,RC,2
81,0.49473684210526314,0.5365853658536586,0.26,0.05663716814159292,0.06548672566371681,0.0029498525073746312,RC103,RC,2
82,0.5157894736842106,0.6707317073170732,0.2,0.0,0.0640117994100295,0.0029498525073746312,RC103,RC,2
83,0.28421052631578947,0.4878048780487805,0.18,0.0,0.06342182890855458,0.0029498525073746312,RC103,RC,2
84,0.3894736842105263,0.34146341463414637,0.28,0.0,0.061946902654867256,0.0029498525073746312,RC103,RC,2
85,0.6,0.3170731707317073,0.36,0.02831858407079646,0.03716814159292035,0.0029498525073746312,RC103,RC,2
86,0.6631578947368421,0.24390243902439024,0.04,0.0,0.057227138643067846,0.0029498525073746312,RC103,RC,2
87,0.22105263157894736,0.25609756097560976,0.56,0.0,0.058112094395280235,0.0029498525073746312,RC103,RC,2
88,0.12631578947368421,0.25609756097560976,0.26,0.02654867256637168,0.035398230088495575,0.0029498525073746312,RC103,RC,2
89,0.25263157894736843,0.6707317073170732,0.38,0.01976401179941003,0.028613569321533923,0.0029498525073746312,RC103,RC,2
90,0.7052631578947368,0.024390243902439025,0.5,0.0,0.05221238938053097,0.0029498525073746312,RC103,RC,2
91,0.3894736842105263,0.5365853658536586,0.12,0.0,0.06637168141592921,0.0029498525073746312,RC103,RC,2
92,0.5157894736842106,0.47560975609756095,0.26,0.0,0.0640117994100295,0.0029498525073746312,RC103,RC,2
93,0.5578947368421052,0.4878048780487805,0.28,0.004129793510324484,0.012979351032448377,0.0029498525073746312,RC103,RC,2
94,0.6421052631578947,0.5975609756097561,0.06,0.052507374631268436,0.06135693215339233,0.0029498525073746312,RC103,RC,2
95,0.6,0.5487804878048781,0.46,0.0,0.06253687315634218,0.0029498525073746312,RC103,RC,2
96,0.5894736842105263,0.4146341463414634,0.12,0.0,0.06165191740412979,0.0029498525073746312,RC103,RC,2
97,0.5789473684210527,0.6219512195121951,0.52,0.0,0.06312684365781711,0.0029498525073746312,RC103,RC,2
98,0.042105263157894736,0.18292682926829268,0.7,0.0,0.053392330383480825,0.0029498525073746312,RC103,RC,2
99,0.2736842105263158,0.5975609756097561,0.18,0.0,0.06342182890855458,0.0029498525073746312,RC103,RC,2
100,0.2736842105263158,0.3902439024390244,0.3,0.02271386430678466,0.031563421828908554,0.0029498525073746312,RC103,RC,2
101,0.3263157894736842,0.7804878048780488,0.06,0.05309734513274336,0.061946902654867256,0.0029498525073746312,RC103,RC,2
1,0.42105263157894735,0.573170731707317,0.0,0.0,0.07079646017699115,0.0,RC104,RC,2
2,0.2631578947368421,1.0,0.4,0.0,0.056342182890855456,0.0029498525073746312,RC104,RC,2
3,0.23157894736842105,0.8780487804878049,0.6,0.0,0.05870206489675516,0.0029498525073746312,RC104,RC,2
4,0.23157894736842105,1.0,0.2,0.0,0.05604719764011799,0.0029498525073746312,RC104,RC,2
5,0.21052631578947367,0.9390243902439024,0.8,0.0415929203539823,0.050442477876106194,0.0029498525073746312,RC104,RC,2
6,0.21052631578947367,1.0,0.4,0.0,0.05575221238938053,0.0029498525073746312,RC104,RC,2
7,0.18947368421052632,0.8780487804878049,0.4,0.0,0.05781710914454277,0.0029498525073746312,RC104,RC,2
8,0.15789473684210525,0.8780487804878049,0.4,0.0,0.057227138643067846,0.0029498525073746312,RC104,RC,2
9,0.15789473684210525,0.9390243902439024,0.2,0.026843657817109144,0.03569321533923304,0.0029498525073746312,RC104,RC,2
10,0.10526315789473684,0.3902439024390244,0.4,0.026843657817109144,0.03569321533923304,0.0029498525073746312,RC104,RC,2
11,0.10526315789473684,0.45121951219512196,0.6,0.0,0.0584070796460177,0.0029498525073746312,RC104,RC,2
12,0.08421052631578947,0.45121951219512196,0.8,0.017404129793510324,0.026253687315634218,0.0029498525073746312,RC104,RC,2
13,0.08421052631578947,0.5121951219512195,0.4,0.0,0.058112094395280235,0.0029498525073746312,RC104,RC,2
14,0.05263157894736842,0.3902439024390244,0.2,0.04188790560471976,0.05073746312684366,0.0029498525073746312,RC104,RC,2
15,0.05263157894736842,0.5121951219512195,0.2,0.0,0.057227138643067846,0.0029498525073746312,RC104,RC,2
16,0.021052631578947368,0.45121951219512196,0.4,0.01710914454277286,0.025958702064896755,0.0029498525073746312,RC104,RC,2
17,0.0,0.45121951219512196,0.4,0.0,0.05545722713864307,0.0029498525073746312,RC104,RC,2
18,0.0,0.5121951219512195,0.4,0.0,0.05575221238938053,0.0029498525073746312,RC104,RC,2
19,0.4631578947368421,0.024390243902439025,0.4,0.0,0.054277286135693215,0.0029498525073746312,RC104,RC,2
20,0.4421052631578947,0.08536585365853659,0.8,0.0,0.05575221238938053,0.0029498525073746312,RC104,RC,2
21,0.4421052631578947,0.14634146341463414,0.2,0.0,0.057227138643067846,0.0029498525073746312,RC104,RC,2
22,0.42105263157894735,0.024390243902439025,0.2,0.0,0.05457227138643068,0.0029498525073746312,RC104,RC,2
23,0.42105263157894735,0.14634146341463414,0.8,0.0,0.05752212389380531,0.0029498525073746312,RC104,RC,2
24,0.4,0.024390243902439025,0.6,0.019174041297935103,0.028023598820058997,0.0029498525073746312,RC104,RC,2
25,0.4,0.14634146341463414,0.2,0.0,0.057227138643067846,0.0029498525073746312,RC104,RC,2
26,0.3684210526315789,0.024390243902439025,0.4,0.04542772861356932,0.054277286135693215,0.0029498525073746312,RC104,RC,2
27,1.0,0.32926829268292684,0.6,0.0,0.050442477876106194,0.0029498525073746312,RC104,RC,2
28,1.0,0.3902439024390244,0.4,0.0,0.05073746312684366,0.0029498525073746312,RC104,RC,2
29,0.968421052631579,0.32926829268292684,0.2,0.0,0.05132743362831858,0.0029498525073746312,RC104,RC,2
30,0.9473684210526315,0.3902439024390244,0.2,0.0,0.05221238938053097,0.0029498525073746312,RC104,RC,2
31,0.9263157894736842,0.32926829268292684,0.2,0.0,0.052507374631268436,0.0029498525073746312,RC104,RC,2
32,0.9263157894736842,0.3902439024390244,0.4,0.0,0.0528023598820059,0.0029498525073746312,RC104,RC,2
33,0.9157894736842105,0.32926829268292684,0.2,0.0,0.052507374631268436,0.0029498525073746312,RC104,RC,2
34,0.8947368421052632,0.2682926829268293,0.2,0.0,0.052507374631268436,0.0029498525073746312,RC104,RC,2
35,0.8947368421052632,0.3902439024390244,0.6,0.0,0.05368731563421829,0.0029498525073746312,RC104,RC,2
36,0.7052631578947368,1.0,0.4,0.0,0.05457227138643068,0.0029498525073746312,RC104,RC,2
37,0.6842105263157895,1.0,0.8,0.0,0.05486725663716814,0.0029498525073746312,RC104,RC,2
38,0.6842105263157895,0.9634146341463414,0.2,0.0,0.05575221238938053,0.0029498525073746312,RC104,RC,2
39,0.6526315789473685,0.9390243902439024,0.6,0.022123893805309734,0.030973451327433628,0.0029498525073746312,RC104,RC,2
40,0.631578947368421,0.9390243902439024,0.2,0.0,0.05693215339233038,0.0029498525073746312,RC104,RC,2
41,0.631578947368421,1.0,0.6,0.0,0.05575221238938053,0.0029498525073746312,RC104,RC,2
42,0.6105263157894737,0.8780487804878049,0.4,0.0,0.05870206489675516,0.0029498525073746312,RC104,RC,2
43,0.5789473684210527,0.9390243902439024,0.2,0.0,0.05781710914454277,0.0029498525073746312,RC104,RC,2
44,0.5789473684210527,1.0,0.4,0.0,0.056342182890855456,0.0029498525073746312,RC104,RC,2
45,0.5789473684210527,0.9634146341463414,0.2,0.01887905604719764,0.027728613569321534,0.0029498525073746312,RC104,RC,2
46,0.21052631578947367,0.9634146341463414,0.2,0.0,0.05663716814159292,0.0029498525073746312,RC104,RC,2
47,0.18947368421052632,0.9390243902439024,0.2,0.0,0.05663716814159292,0.0029498525073746312,RC104,RC,2
48,0.021052631578947368,0.5121951219512195,0.2,0.0,0.056342182890855456,0.0029498525073746312,RC104,RC,2
49,0.4421052631578947,0.024390243902439025,0.2,0.0,0.054277286135693215,0.0029498525073746312,RC104,RC,2
50,0.4421052631578947,0.10975609756097561,0.2,0.0,0.056342182890855456,0.0029498525073746312,RC104,RC,2
51,0.7578947368421053,0.3902439024390244,0.6,0.0,0.057227138643067846,0.0029498525073746312,RC104,RC,2
52,0.5789473684210527,0.2073170731707317,0.38,0.0,0.05781710914454277,0.0029498525073746312,RC104,RC,2
53,0.2631578947368421,0.32926829268292684,0.06,0.0,0.06047197640117994,0.0029498525073746312,RC104,RC,2
54,0.21052631578947367,0.573170731707317,0.1,0.026843657817109144,0.03569321533923304,0.0029498525073746312,RC104,RC,2
55,0.5789473684210527,0.6951219512195121,0.32,0.0,0.06224188790560472,0.0029498525073746312,RC104,RC,2
56,0.3157894736842105,0.6951219512195121,0.32,0.04129793510324484,0.05014749262536873,0.0029498525073746312,RC104,RC,2
57,0.5263157894736842,0.3902439024390244,0.38,0.0,0.06224188790560472,0.0029498525073746312,RC104,RC,2
58,0.3157894736842105,0.2682926829268293,0.46,0.0,0.059882005899705014,0.0029498525073746312,RC104,RC,2
59,0.15789473684210525,0.08536585365853659,0.4,0.044837758112094395,0.05368731563421829,0.0029498525073746312,RC104,RC,2
60,0.10526315789473684,0.2073170731707317,0.38,0.0,0.055162241887905604,0.0029498525073746312,RC104,RC,2
61,0.15789473684210525,0.6951219512195121,0.34,0.0,0.059882005899705014,0.0029498525073746312,RC104,RC,2
62,0.47368421052631576,0.7560975609756098,0.18,0.0,0.06312684365781711,0.0029498525073746312,RC104,RC,2
63,0.6842105263157895,0.3902439024390244,0.06,0.015339233038348082,0.024188790560471976,0.0029498525073746312,RC104,RC,2
64,0.6842105263157895,0.2073170731707317,0.12,0.0,0.05604719764011799,0.0029498525073746312,RC104,RC,2
65,0.47368421052631576,0.32926829268292684,0.34,0.0,0.06165191740412979,0.0029498525073746312,RC104,RC,2
66,0.3684210526315789,0.45121951219512196,0.32,0.0,0.06430678466076696,0.0029498525073746312,RC104,RC,2
67,0.43157894736842106,0.4146341463414634,0.32,0.0,0.06371681415929203,0.0029498525073746312,RC104,RC,2
68,0.6736842105263158,0.47560975609756095,0.18,0.02064896755162242,0.029498525073746312,0.0029498525073746312,RC104,RC,2
69,0.42105263157894735,0.6951219512195121,0.42,0.0,0.06489675516224189,0.0029498525073746312,RC104,RC,2
70,0.3263157894736842,0.5975609756097561,0.54,0.012094395280235988,0.02094395280235988,0.0029498525073746312,RC104,RC,2
71,0.3684210526315789,0.8048780487804879,0.46,0.0,0.061946902654867256,0.0029498525073746312,RC104,RC,2
72,0.6842105263157895,0.6341463414634146,0.28,0.0,0.06017699115044248,0.0029498525073746312,RC104,RC,2
73,0.6631578947368421,0.7560975609756098,0.16,0.0,0.05958702064896755,0.0029498525073746312,RC104,RC,2
74,0.021052631578947368,0.6951219512195121,0.1,0.0,0.05604719764011799,0.0029498525073746312,RC104,RC,2
75,0.21052631578947367,0.2073170731707317,0.16,0.0415929203539823,0.050442477876106194,0.0029498525073746312,RC104,RC,2
76,0.05263157894736842,0.024390243902439025,0.32,0.0,0.05073746312684366,0.0029498525073746312,RC104,RC,2
77,0.631578947368421,0.10975609756097561,0.62,0.022123893805309734,0.030973451327433628,0.0029498525073746312,RC104,RC,2
78,0.24210526315789474,0.0,0.14,0.04424778761061947,0.05309734513274336,0.0029498525073746312,RC104,RC,2
79,0.08421052631578947,0.6463414634146342,0.54,0.0,0.058112094395280235,0.0029498525073746312,RC104,RC,2
80,0.06315789473684211,0.7926829268292683,0.6,0.026253687315634218,0.03510324483775811,0.0029498525073746312,RC104,RC,2
81,0.49473684210526314,0.5365853658536586,0.26,0.0,0.06548672566371681,0.0029498525073746312,RC104,RC,2
82,0.5157894736842106,0.6707317073170732,0.2,0.0,0.0640117994100295,0.0029498525073746312,RC104,RC,2
83,0.28421052631578947,0.4878048780487805,0.18,0.0,0.06342182890855458,0.0029498525073746312,RC104,RC,2
84,0.3894736842105263,0.34146341463414637,0.28,0.0,0.061946902654867256,0.0029498525073746312,RC104,RC,2
85,0.6,0.3170731707317073,0.36,0.02831858407079646,0.03716814159292035,0.0029498525073746312,RC104,RC,2
86,0.6631578947368421,0.24390243902439024,0.04,0.0,0.057227138643067846,0.0029498525073746312,RC104,RC,2
87,0.22105263157894736,0.25609756097560976,0.56,0.0,0.058112094395280235,0.0029498525073746312,RC104,RC,2
88,0.12631578947368421,0.25609756097560976,0.26,0.02654867256637168,0.035398230088495575,0.0029498525073746312,RC104,RC,2
89,0.25263157894736843,0.6707317073170732,0.38,0.0,0.06253687315634218,0.0029498525073746312,RC104,RC,2
90,0.7052631578947368,0.024390243902439025,0.5,0.0,0.05221238938053097,0.0029498525073746312,RC104,RC,2
91,0.3894736842105263,0.5365853658536586,0.12,0.0,0.06637168141592921,0.0029498525073746312,RC104,RC,2
92,0.5157894736842106,0.47560975609756095,0.26,0.0,0.0640117994100295,0.0029498525073746312,RC104,RC,2
93,0.5578947368421052,0.4878048780487805,0.28,0.004129793510324484,0.012979351032448377,0.0029498525073746312,RC104,RC,2
94,0.6421052631578947,0.5975609756097561,0.06,0.0,0.06135693215339233,0.0029498525073746312,RC104,RC,2
95,0.6,0.5487804878048781,0.46,0.0,0.06253687315634218,0.0029498525073746312,RC104,RC,2
96,0.5894736842105263,0.4146341463414634,0.12,0.0,0.06165191740412979,0.0029498525073746312,RC104,RC,2
97,0.5789473684210527,0.6219512195121951,0.52,0.0,0.06312684365781711,0.0029498525073746312,RC104,RC,2
98,0.042105263157894736,0.18292682926829268,0.7,0.0,0.053392330383480825,0.0029498525073746312,RC104,RC,2
99,0.2736842105263158,0.5975609756097561,0.18,0.0,0.06342182890855458,0.0029498525073746312,RC104,RC,2
100,0.2736842105263158,0.3902439024390244,0.3,0.02271386430678466,0.031563421828908554,0.0029498525073746312,RC104,RC,2
101,0.3263157894736842,0.7804878048780488,0.06,0.05309734513274336,0.061946902654867256,0.0029498525073746312,RC104,RC,2
1,0.42105263157894735,0.573170731707317,0.0,0.0,0.07079646017699115,0.0,RC105,RC,2
2,0.2631578947368421,1.0,0.4,0.02094395280235988,0.056342182890855456,0.0029498525073746312,RC105,RC,2
3,0.23157894736842105,0.8780487804878049,0.6,0.008849557522123894,0.04424778761061947,0.0029498525073746312,RC105,RC,2
4,0.23157894736842105,1.0,0.2,0.01887905604719764,0.054277286135693215,0.0029498525073746312,RC105,RC,2
5,0.21052631578947367,0.9390243902439024,0.8,0.04454277286135693,0.04749262536873156,0.0029498525073746312,RC105,RC,2
6,0.21052631578947367,1.0,0.4,0.011799410029498525,0.0471976401179941,0.0029498525073746312,RC105,RC,2
7,0.18947368421052632,0.8780487804878049,0.4,0.02831858407079646,0.036283185840707964,0.0029498525073746312,RC105,RC,2
8,0.15789473684210525,0.8780487804878049,0.4,0.01032448377581121,0.045722713864306784,0.0029498525073746312,RC105,RC,2
9,0.15789473684210525,0.9390243902439024,0.2,0.029793510324483775,0.03274336283185841,0.0029498525073746312,RC105,RC,2
10,0.10526315789473684,0.3902439024390244,0.4,0.029793510324483775,0.03274336283185841,0.0029498525073746312,RC105,RC,2
11,0.10526315789473684,0.45121951219512196,0.6,0.036283185840707964,0.04247787610619469,0.0029498525073746312,RC105,RC,2
12,0.08421052631578947,0.45121951219512196,0.8,0.020353982300884955,0.023303834808259587,0.0029498525073746312,RC105,RC,2
13,0.08421052631578947,0.5121951219512195,0.4,0.00943952802359882,0.044837758112094395,0.0029498525073746312,RC105,RC,2
14,0.05263157894736842,0.3902439024390244,0.2,0.044837758112094395,0.047787610619469026,0.0029498525073746312,RC105,RC,2
15,0.05263157894736842,0.5121951219512195,0.2,0.01032448377581121,0.034513274336283185,0.0029498525073746312,RC105,RC,2
16,0.021052631578947368,0.45121951219512196,0.4,0.020058997050147492,0.023008849557522124,0.0029498525073746312,RC105,RC,2
17,0.0,0.45121951219512196,0.4,0.017404129793510324,0.033628318584070796,0.0029498525073746312,RC105,RC,2
18,0.0,0.5121951219512195,0.4,0.04336283185840708,0.05309734513274336,0.0029498525073746312,RC105,RC,2
19,0.4631578947368421,0.024390243902439025,0.4,0.023303834808259587,0.03657817109144543,0.0029498525073746312,RC105,RC,2
20,0.4421052631578947,0.08536585365853659,0.8,0.01710914454277286,0.03392330383480826,0.0029498525073746312,RC105,RC,2
21,0.4421052631578947,0.14634146341463414,0.2,0.03274336283185841,0.047787610619469026,0.0029498525073746312,RC105,RC,2
22,0.42105263157894735,0.024390243902439025,0.2,0.01327433628318584,0.048672566371681415,0.0029498525073746312,RC105,RC,2
23,0.42105263157894735,0.14634146341463414,0.8,0.027728613569321534,0.03510324483775811,0.0029498525073746312,RC105,RC,2
24,0.4,0.024390243902439025,0.6,0.022123893805309734,0.025073746312684365,0.0029498525073746312,RC105,RC,2
25,0.4,0.14634146341463414,0.2,0.03775811209439528,0.057227138643067846,0.0029498525073746312,RC105,RC,2
26,0.3684210526315789,0.024390243902439025,0.4,0.050442477876106194,0.053392330383480825,0.0029498525073746312,RC105,RC,2
27,1.0,0.32926829268292684,0.6,0.01710914454277286,0.050442477876106194,0.0029498525073746312,RC105,RC,2
28,1.0,0.3902439024390244,0.4,0.017699115044247787,0.02743362831858407,0.0029498525073746312,RC105,RC,2
29,0.968421052631579,0.32926829268292684,0.2,0.016224188790560472,0.035398230088495575,0.0029498525073746312,RC105,RC,2
30,0.9473684210526315,0.3902439024390244,0.2,0.015339233038348082,0.03303834808259587,0.0029498525073746312,RC105,RC,2
31,0.9263157894736842,0.32926829268292684,0.2,0.022123893805309734,0.03008849557522124,0.0029498525073746312,RC105,RC,2
32,0.9263157894736842,0.3902439024390244,0.4,0.014749262536873156,0.05014749262536873,0.0029498525073746312,RC105,RC,2
33,0.9157894736842105,0.32926829268292684,0.2,0.03421828908554572,0.051622418879056046,0.0029498525073746312,RC105,RC,2
34,0.8947368421052632,0.2682926829268293,0.2,0.01504424778761062,0.025073746312684365,0.0029498525073746312,RC105,RC,2
35,0.8947368421052632,0.3902439024390244,0.6,0.018289085545722714,0.05368731563421829,0.0029498525073746312,RC105,RC,2
36,0.7052631578947368,1.0,0.4,0.04070796460176991,0.04985250737463127,0.0029498525073746312,RC105,RC,2
37,0.6842105263157895,1.0,0.8,0.012684365781710914,0.023008849557522124,0.0029498525073746312,RC105,RC,2
38,0.6842105263157895,0.9634146341463414,0.2,0.020353982300884955,0.05575221238938053,0.0029498525073746312,RC105,RC,2
39,0.6526315789473685,0.9390243902439024,0.6,0.025073746312684365,0.028023598820058997,0.0029498525073746312,RC105,RC,2
40,0.631578947368421,0.9390243902439024,0.2,0.010619469026548672,0.02182890855457227,0.0029498525073746312,RC105,RC,2
41,0.631578947368421,1.0,0.6,0.02566371681415929,0.03303834808259587,0.0029498525073746312,RC105,RC,2
42,0.6105263157894737,0.8780487804878049,0.4,0.027138643067846607,0.03569321533923304,0.0029498525073746312,RC105,RC,2
43,0.5789473684210527,0.9390243902439024,0.2,0.009734513274336283,0.019469026548672566,0.0029498525073746312,RC105,RC,2
44,0.5789473684210527,1.0,0.4,0.034513274336283185,0.049557522123893805,0.0029498525073746312,RC105,RC,2
45,0.5789473684210527,0.9634146341463414,0.2,0.02182890855457227,0.024778761061946902,0.0029498525073746312,RC105,RC,2
46,0.21052631578947367,0.9634146341463414,0.2,0.010914454277286136,0.021238938053097345,0.0029498525073746312,RC105,RC,2
47,0.18947368421052632,0.9390243902439024,0.2,0.028908554572271386,0.04631268436578171,0.0029498525073746312,RC105,RC,2
48,0.021052631578947368,0.5121951219512195,0.2,0.011209439528023599,0.03215339233038348,0.0029498525073746312,RC105,RC,2
49,0.4421052631578947,0.024390243902439025,0.2,0.01887905604719764,0.054277286135693215,0.0029498525073746312,RC105,RC,2
50,0.4421052631578947,0.10975609756097561,0.2,0.03215339233038348,0.03775811209439528,0.0029498525073746312,RC105,RC,2
51,0.7578947368421053,0.3902439024390244,0.6,0.02094395280235988,0.056342182890855456,0.0029498525073746312,RC105,RC,2
52,0.5789473684210527,0.2073170731707317,0.38,0.020353982300884955,0.03716814159292035,0.0029498525073746312,RC105,RC,2
53,0.2631578947368421,0.32926829268292684,0.06,0.007374631268436578,0.04277286135693215,0.0029498525073746312,RC105,RC,2
54,0.21052631578947367,0.573170731707317,0.1,0.029793510324483775,0.03274336283185841,0.0029498525073746312,RC105,RC,2
55,0.5789473684210527,0.6951219512195121,0.32,0.03746312684365782,0.05309734513274336,0.0029498525073746312,RC105,RC,2
56,0.3157894736842105,0.6951219512195121,0.32,0.04424778761061947,0.0471976401179941,0.0029498525073746312,RC105,RC,2
57,0.5263157894736842,0.3902439024390244,0.38,0.038348082595870206,0.046902654867256637,0.0029498525073746312,RC105,RC,2
58,0.3157894736842105,0.2682926829268293,0.46,0.024188790560471976,0.041002949852507374,0.0029498525073746312,RC105,RC,2
59,0.15789473684210525,0.08536585365853659,0.4,0.05073746312684366,0.05368731563421829,0.0029498525073746312,RC105,RC,2
60,0.10526315789473684,0.2073170731707317,0.38,0.012389380530973451,0.047787610619469026,0.0029498525073746312,RC105,RC,2
61,0.15789473684210525,0.6951219512195121,0.34,0.04041297935103245,0.05958702064896755,0.0029498525073746312,RC105,RC,2
62,0.47368421052631576,0.7560975609756098,0.18,0.016224188790560472,0.03126843657817109,0.0029498525073746312,RC105,RC,2
63,0.6842105263157895,0.3902439024390244,0.06,0.018289085545722714,0.021238938053097345,0.0029498525073746312,RC105,RC,2
64,0.6842105263157895,0.2073170731707317,0.12,0.011504424778761062,0.03185840707964602,0.0029498525073746312,RC105,RC,2
65,0.47368421052631576,0.32926829268292684,0.34,0.015634218289085546,0.024188790560471976,0.0029498525073746312,RC105,RC,2
66,0.3684210526315789,0.45121951219512196,0.32,0.0032448377581120944,0.012684365781710914,0.0029498525073746312,RC105,RC,2
67,0.43157894736842106,0.4146341463414634,0.32,0.03952802359882006,0.04749262536873156,0.0029498525073746312,RC105,RC,2
68,0.6736842105263158,0.47560975609756095,0.18,0.02359882005899705,0.02654867256637168,0.0029498525073746312,RC105,RC,2
69,0.42105263157894735,0.6951219512195121,0.42,0.04247787610619469,0.05103244837758112,0.0029498525073746312,RC105,RC,2
70,0.3263157894736842,0.5975609756097561,0.54,0.01504424778761062,0.01799410029498525,0.0029498525073746312,RC105,RC,2
71,0.3684210526315789,0.8048780487804879,0.46,0.05073746312684366,0.061946902654867256,0.0029498525073746312,RC105,RC,2
72,0.6842105263157895,0.6341463414634146,0.28,0.015339233038348082,0.031563421828908554,0.0029498525073746312,RC105,RC,2
73,0.6631578947368421,0.7560975609756098,0.16,0.007964601769911504,0.04336283185840708,0.0029498525073746312,RC105,RC,2
74,0.021052631578947368,0.6951219512195121,0.1,0.019174041297935103,0.03480825958702065,0.0029498525073746312,RC105,RC,2
75,0.21052631578947367,0.2073170731707317,0.16,0.04454277286135693,0.04749262536873156,0.0029498525073746312,RC105,RC,2
76,0.05263157894736842,0.024390243902439025,0.32,0.016814159292035398,0.05073746312684366,0.0029498525073746312,RC105,RC,2
77,0.631578947368421,0.10975609756097561,0.62,0.025073746312684365,0.028023598820058997,0.0029498525073746312,RC105,RC,2
78,0.24210526315789474,0.0,0.14,0.04808259587020649,0.05103244837758112,0.0029498525073746312,RC105,RC,2
79,0.08421052631578947,0.6463414634146342,0.54,0.02654867256637168,0.03510324483775811,0.0029498525073746312,RC105,RC,2
80,0.06315789473684211,0.7926829268292683,0.6,0.02920353982300885,0.03215339233038348,0.0029498525073746312,RC105,RC,2
81,0.49473684210526314,0.5365853658536586,0.26,0.05604719764011799,0.06548672566371681,0.0029498525073746312,RC105,RC,2
82,0.5157894736842106,0.6707317073170732,0.2,0.02359882005899705,0.03569321533923304,0.0029498525073746312,RC105,RC,2
83,0.28421052631578947,0.4878048780487805,0.18,0.004129793510324484,0.03952802359882006,0.0029498525073746312,RC105,RC,2
84,0.3894736842105263,0.34146341463414637,0.28,0.005604719764011799,0.041002949852507374,0.0029498525073746312,RC105,RC,2
85,0.6,0.3170731707317073,0.36,0.03126843657817109,0.03421828908554572,0.0029498525073746312,RC105,RC,2
86,0.6631578947368421,0.24390243902439024,0.04,0.012389380530973451,0.047787610619469026,0.0029498525073746312,RC105,RC,2
87,0.22105263157894736,0.25609756097560976,0.56,0.02271386430678466,0.03716814159292035,0.0029498525073746312,RC105,RC,2
88,0.12631578947368421,0.25609756097560976,0.26,0.029498525073746312,0.032448377581120944,0.0029498525073746312,RC105,RC,2
89,0.25263157894736843,0.6707317073170732,0.38,0.01976401179941003,0.02831858407079646,0.0029498525073746312,RC105,RC,2
90,0.7052631578947368,0.024390243902439025,0.5,0.030973451327433628,0.05221238938053097,0.0029498525073746312,RC105,RC,2
91,0.3894736842105263,0.5365853658536586,0.12,0.02182890855457227,0.03746312684365782,0.0029498525073746312,RC105,RC,2
92,0.5157894736842106,0.47560975609756095,0.26,0.028613569321533923,0.0640117994100295,0.0029498525073746312,RC105,RC,2
93,0.5578947368421052,0.4878048780487805,0.28,0.004424778761061947,0.007374631268436578,0.0029498525073746312,RC105,RC,2
94,0.6421052631578947,0.5975609756097561,0.06,0.05103244837758112,0.06135693215339233,0.0029498525073746312,RC105,RC,2
95,0.6,0.5487804878048781,0.46,0.014749262536873156,0.05014749262536873,0.0029498525073746312,RC105,RC,2
96,0.5894736842105263,0.4146341463414634,0.12,0.0058997050147492625,0.04129793510324484,0.0029498525073746312,RC105,RC,2
97,0.5789473684210527,0.6219512195121951,0.52,0.02566371681415929,0.061061946902654866,0.0029498525073746312,RC105,RC,2
98,0.042105263157894736,0.18292682926829268,0.7,0.03303834808259587,0.04631268436578171,0.0029498525073746312,RC105,RC,2
99,0.2736842105263158,0.5975609756097561,0.18,0.004129793510324484,0.03952802359882006,0.0029498525073746312,RC105,RC,2
100,0.2736842105263158,0.3902439024390244,0.3,0.02566371681415929,0.028613569321533923,0.0029498525073746312,RC105,RC,2
101,0.3263157894736842,0.7804878048780488,0.06,0.058997050147492625,0.061946902654867256,0.0029498525073746312,RC105,RC,2
1,0.42105263157894735,0.573170731707317,0.0,0.0,0.07079646017699115,0.0,RC106,RC,2
2,0.2631578947368421,1.0,0.4,0.038348082595870206,0.05604719764011799,0.0029498525073746312,RC106,RC,2
3,0.23157894736842105,0.8780487804878049,0.6,0.01032448377581121,0.028023598820058997,0.0029498525073746312,RC106,RC,2
4,0.23157894736842105,1.0,0.2,0.027728613569321534,0.04542772861356932,0.0029498525073746312,RC106,RC,2
5,0.21052631578947367,0.9390243902439024,0.8,0.03716814159292035,0.05486725663716814,0.0029498525073746312,RC106,RC,2
6,0.21052631578947367,1.0,0.4,0.011799410029498525,0.029498525073746312,0.0029498525073746312,RC106,RC,2
7,0.18947368421052632,0.8780487804878049,0.4,0.02359882005899705,0.04129793510324484,0.0029498525073746312,RC106,RC,2
8,0.15789473684210525,0.8780487804878049,0.4,0.01887905604719764,0.03657817109144543,0.0029498525073746312,RC106,RC,2
9,0.15789473684210525,0.9390243902439024,0.2,0.022418879056047197,0.040117994100294985,0.0029498525073746312,RC106,RC,2
10,0.10526315789473684,0.3902439024390244,0.4,0.022418879056047197,0.040117994100294985,0.0029498525073746312,RC106,RC,2
11,0.10526315789473684,0.45121951219512196,0.6,0.030678466076696165,0.04837758112094395,0.0029498525073746312,RC106,RC,2
12,0.08421052631578947,0.45121951219512196,0.8,0.012979351032448377,0.030678466076696165,0.0029498525073746312,RC106,RC,2
13,0.08421052631578947,0.5121951219512195,0.4,0.014454277286135693,0.03215339233038348,0.0029498525073746312,RC106,RC,2
14,0.05263157894736842,0.3902439024390244,0.2,0.03746312684365782,0.055162241887905604,0.0029498525073746312,RC106,RC,2
15,0.05263157894736842,0.5121951219512195,0.2,0.01032448377581121,0.028023598820058997,0.0029498525073746312,RC106,RC,2
16,0.021052631578947368,0.45121951219512196,0.4,0.012684365781710914,0.0303834808259587,0.0029498525073746312,RC106,RC,2
17,0.0,0.45121951219512196,0.4,0.016814159292035398,0.034513274336283185,0.0029498525073746312,RC106,RC,2
18,0.0,0.5121951219512195,0.4,0.03805309734513274,0.05575221238938053,0.0029498525073746312,RC106,RC,2
19,0.4631578947368421,0.024390243902439025,0.4,0.021238938053097345,0.03893805309734513,0.0029498525073746312,RC106,RC,2
20,0.4421052631578947,0.08536585365853659,0.8,0.016814159292035398,0.034513274336283185,0.0029498525073746312,RC106,RC,2
21,0.4421052631578947,0.14634146341463414,0.2,0.031563421828908554,0.04926253687315634,0.0029498525073746312,RC106,RC,2
22,0.42105263157894735,0.024390243902439025,0.2,0.015339233038348082,0.03303834808259587,0.0029498525073746312,RC106,RC,2
23,0.42105263157894735,0.14634146341463414,0.8,0.02271386430678466,0.04041297935103245,0.0029498525073746312,RC106,RC,2
24,0.4,0.024390243902439025,0.6,0.014749262536873156,0.032448377581120944,0.0029498525073746312,RC106,RC,2
25,0.4,0.14634146341463414,0.2,0.039233038348082595,0.05693215339233038,0.0029498525073746312,RC106,RC,2
26,0.3684210526315789,0.024390243902439025,0.4,0.03657817109144543,0.054277286135693215,0.0029498525073746312,RC106,RC,2
27,1.0,0.32926829268292684,0.6,0.029498525073746312,0.0471976401179941,0.0029498525073746312,RC106,RC,2
28,1.0,0.3902439024390244,0.4,0.016814159292035398,0.034513274336283185,0.0029498525073746312,RC106,RC,2
29,0.968421052631579,0.32926829268292684,0.2,0.016224188790560472,0.03392330383480826,0.0029498525073746312,RC106,RC,2
30,0.9473684210526315,0.3902439024390244,0.2,0.015339233038348082,0.03303834808259587,0.0029498525073746312,RC106,RC,2
31,0.9263157894736842,0.32926829268292684,0.2,0.017404129793510324,0.03510324483775811,0.0029498525073746312,RC106,RC,2
32,0.9263157894736842,0.3902439024390244,0.4,0.014749262536873156,0.032448377581120944,0.0029498525073746312,RC106,RC,2
33,0.9157894736842105,0.32926829268292684,0.2,0.03421828908554572,0.05191740412979351,0.0029498525073746312,RC106,RC,2
34,0.8947368421052632,0.2682926829268293,0.2,0.01504424778761062,0.03274336283185841,0.0029498525073746312,RC106,RC,2
35,0.8947368421052632,0.3902439024390244,0.6,0.02831858407079646,0.04601769911504425,0.0029498525073746312,RC106,RC,2
36,0.7052631578947368,1.0,0.4,0.03657817109144543,0.054277286135693215,0.0029498525073746312,RC106,RC,2
37,0.6842105263157895,1.0,0.8,0.012684365781710914,0.0303834808259587,0.0029498525073746312,RC106,RC,2
38,0.6842105263157895,0.9634146341463414,0.2,0.03215339233038348,0.04985250737463127,0.0029498525073746312,RC106,RC,2
39,0.6526315789473685,0.9390243902439024,0.6,0.017699115044247787,0.035398230088495575,0.0029498525073746312,RC106,RC,2
40,0.631578947368421,0.9390243902439024,0.2,0.010619469026548672,0.02831858407079646,0.0029498525073746312,RC106,RC,2
41,0.631578947368421,1.0,0.6,0.02064896755162242,0.038348082595870206,0.0029498525073746312,RC106,RC,2
42,0.6105263157894737,0.8780487804878049,0.4,0.02271386430678466,0.04041297935103245,0.0029498525073746312,RC106,RC,2
43,0.5789473684210527,0.9390243902439024,0.2,0.009734513274336283,0.02743362831858407,0.0029498525073746312,RC106,RC,2
44,0.5789473684210527,1.0,0.4,0.03333333333333333,0.05103244837758112,0.0029498525073746312,RC106,RC,2
45,0.5789473684210527,0.9634146341463414,0.2,0.014454277286135693,0.03215339233038348,0.0029498525073746312,RC106,RC,2
46,0.21052631578947367,0.9634146341463414,0.2,0.010914454277286136,0.028613569321533923,0.0029498525073746312,RC106,RC,2
47,0.18947368421052632,0.9390243902439024,0.2,0.028908554572271386,0.04660766961651917,0.0029498525073746312,RC106,RC,2
48,0.021052631578947368,0.5121951219512195,0.2,0.011209439528023599,0.028908554572271386,0.0029498525073746312,RC106,RC,2
49,0.4421052631578947,0.024390243902439025,0.2,0.03657817109144543,0.054277286135693215,0.0029498525073746312,RC106,RC,2
50,0.4421052631578947,0.10975609756097561,0.2,0.026253687315634218,0.043952802359882005,0.0029498525073746312,RC106,RC,2
51,0.7578947368421053,0.3902439024390244,0.6,0.029793510324483775,0.04749262536873156,0.0029498525073746312,RC106,RC,2
52,0.5789473684210527,0.2073170731707317,0.38,0.020058997050147492,0.03775811209439528,0.0029498525073746312,RC106,RC,2
53,0.2631578947368421,0.32926829268292684,0.06,0.010914454277286136,0.028613569321533923,0.0029498525073746312,RC106,RC,2
54,0.21052631578947367,0.573170731707317,0.1,0.022418879056047197,0.040117994100294985,0.0029498525073746312,RC106,RC,2
55,0.5789473684210527,0.6951219512195121,0.32,0.03657817109144543,0.054277286135693215,0.0029498525073746312,RC106,RC,2
56,0.3157894736842105,0.6951219512195121,0.32,0.03687315634218289,0.05457227138643068,0.0029498525073746312,RC106,RC,2
57,0.5263157894736842,0.3902439024390244,0.38,0.03392330383480826,0.051622418879056046,0.0029498525073746312,RC106,RC,2
58,0.3157894736842105,0.2682926829268293,0.46,0.023893805309734513,0.0415929203539823,0.0029498525073746312,RC106,RC,2
59,0.15789473684210525,0.08536585365853659,0.4,0.0359882005899705,0.05368731563421829,0.0029498525073746312,RC106,RC,2
60,0.10526315789473684,0.2073170731707317,0.38,0.012389380530973451,0.03008849557522124,0.0029498525073746312,RC106,RC,2
61,0.15789473684210525,0.6951219512195121,0.34,0.04129793510324484,0.058997050147492625,0.0029498525073746312,RC106,RC,2
62,0.47368421052631576,0.7560975609756098,0.18,0.01504424778761062,0.03274336283185841,0.0029498525073746312,RC106,RC,2
63,0.6842105263157895,0.3902439024390244,0.06,0.010914454277286136,0.028613569321533923,0.0029498525073746312,RC106,RC,2
64,0.6842105263157895,0.2073170731707317,0.12,0.011504424778761062,0.02920353982300885,0.0029498525073746312,RC106,RC,2
65,0.47368421052631576,0.32926829268292684,0.34,0.011209439528023599,0.028908554572271386,0.0029498525073746312,RC106,RC,2
66,0.3684210526315789,0.45121951219512196,0.32,0.0032448377581120944,0.02094395280235988,0.0029498525073746312,RC106,RC,2
67,0.43157894736842106,0.4146341463414634,0.32,0.03480825958702065,0.052507374631268436,0.0029498525073746312,RC106,RC,2
68,0.6736842105263158,0.47560975609756095,0.18,0.016224188790560472,0.03392330383480826,0.0029498525073746312,RC106,RC,2
69,0.42105263157894735,0.6951219512195121,0.42,0.03805309734513274,0.05575221238938053,0.0029498525073746312,RC106,RC,2
70,0.3263157894736842,0.5975609756097561,0.54,0.007669616519174041,0.02536873156342183,0.0029498525073746312,RC106,RC,2
71,0.3684210526315789,0.8048780487804879,0.46,0.04424778761061947,0.061946902654867256,0.0029498525073746312,RC106,RC,2
72,0.6842105263157895,0.6341463414634146,0.28,0.014749262536873156,0.032448377581120944,0.0029498525073746312,RC106,RC,2
73,0.6631578947368421,0.7560975609756098,0.16,0.007964601769911504,0.02566371681415929,0.0029498525073746312,RC106,RC,2
74,0.021052631578947368,0.6951219512195121,0.1,0.018289085545722714,0.0359882005899705,0.0029498525073746312,RC106,RC,2
75,0.21052631578947367,0.2073170731707317,0.16,0.03716814159292035,0.05486725663716814,0.0029498525073746312,RC106,RC,2
76,0.05263157894736842,0.024390243902439025,0.32,0.017404129793510324,0.03510324483775811,0.0029498525073746312,RC106,RC,2
77,0.631578947368421,0.10975609756097561,0.62,0.017699115044247787,0.035398230088495575,0.0029498525073746312,RC106,RC,2
78,0.24210526315789474,0.0,0.14,0.035398230088495575,0.05309734513274336,0.0029498525073746312,RC106,RC,2
79,0.08421052631578947,0.6463414634146342,0.54,0.022123893805309734,0.03982300884955752,0.0029498525073746312,RC106,RC,2
80,0.06315789473684211,0.7926829268292683,0.6,0.02182890855457227,0.03952802359882006,0.0029498525073746312,RC106,RC,2
81,0.49473684210526314,0.5365853658536586,0.26,0.047787610619469026,0.06548672566371681,0.0029498525073746312,RC106,RC,2
82,0.5157894736842106,0.6707317073170732,0.2,0.02094395280235988,0.03864306784660767,0.0029498525073746312,RC106,RC,2
83,0.28421052631578947,0.4878048780487805,0.18,0.007964601769911504,0.02566371681415929,0.0029498525073746312,RC106,RC,2
84,0.3894736842105263,0.34146341463414637,0.28,0.0058997050147492625,0.02359882005899705,0.0029498525073746312,RC106,RC,2
85,0.6,0.3170731707317073,0.36,0.023893805309734513,0.0415929203539823,0.0029498525073746312,RC106,RC,2
86,0.6631578947368421,0.24390243902439024,0.04,0.021238938053097345,0.03893805309734513,0.0029498525073746312,RC106,RC,2
87,0.22105263157894736,0.25609756097560976,0.56,0.021238938053097345,0.03893805309734513,0.0029498525073746312,RC106,RC,2
88,0.12631578947368421,0.25609756097560976,0.26,0.022123893805309734,0.03982300884955752,0.0029498525073746312,RC106,RC,2
89,0.25263157894736843,0.6707317073170732,0.38,0.015339233038348082,0.03303834808259587,0.0029498525073746312,RC106,RC,2
90,0.7052631578947368,0.024390243902439025,0.5,0.034513274336283185,0.05221238938053097,0.0029498525073746312,RC106,RC,2
91,0.3894736842105263,0.5365853658536586,0.12,0.02094395280235988,0.03864306784660767,0.0029498525073746312,RC106,RC,2
92,0.5157894736842106,0.47560975609756095,0.26,0.044837758112094395,0.06253687315634218,0.0029498525073746312,RC106,RC,2
93,0.5578947368421052,0.4878048780487805,0.28,0.004129793510324484,0.02182890855457227,0.0029498525073746312,RC106,RC,2
94,0.6421052631578947,0.5975609756097561,0.06,0.04365781710914454,0.06135693215339233,0.0029498525073746312,RC106,RC,2
95,0.6,0.5487804878048781,0.46,0.02359882005899705,0.04129793510324484,0.0029498525073746312,RC106,RC,2
96,0.5894736842105263,0.4146341463414634,0.12,0.0058997050147492625,0.02359882005899705,0.0029498525073746312,RC106,RC,2
97,0.5789473684210527,0.6219512195121951,0.52,0.034513274336283185,0.05221238938053097,0.0029498525073746312,RC106,RC,2
98,0.042105263157894736,0.18292682926829268,0.7,0.030973451327433628,0.048672566371681415,0.0029498525073746312,RC106,RC,2
99,0.2736842105263158,0.5975609756097561,0.18,0.009144542772861357,0.026843657817109144,0.0029498525073746312,RC106,RC,2
100,0.2736842105263158,0.3902439024390244,0.3,0.018289085545722714,0.0359882005899705,0.0029498525073746312,RC106,RC,2
101,0.3263157894736842,0.7804878048780488,0.06,0.04424778761061947,0.061946902654867256,0.0029498525073746312,RC106,RC,2
1,0.42105263157894735,0.573170731707317,0.0,0.0,0.07079646017699115,0.0,RC107,RC,2
2,0.2631578947368421,1.0,0.4,0.03687315634218289,0.056342182890855456,0.0029498525073746312,RC107,RC,2
3,0.23157894736842105,0.8780487804878049,0.6,0.00943952802359882,0.028613569321533923,0.0029498525073746312,RC107,RC,2
4,0.23157894736842105,1.0,0.2,0.029793510324483775,0.043067846607669616,0.0029498525073746312,RC107,RC,2
5,0.21052631578947367,0.9390243902439024,0.8,0.02094395280235988,0.05693215339233038,0.0029498525073746312,RC107,RC,2
6,0.21052631578947367,1.0,0.4,0.011799410029498525,0.03333333333333333,0.0029498525073746312,RC107,RC,2
7,0.18947368421052632,0.8780487804878049,0.4,0.016224188790560472,0.04837758112094395,0.0029498525073746312,RC107,RC,2
8,0.15789473684210525,0.8780487804878049,0.4,0.020353982300884955,0.03480825958702065,0.0029498525073746312,RC107,RC,2
9,0.15789473684210525,0.9390243902439024,0.2,0.016519174041297935,0.045722713864306784,0.0029498525073746312,RC107,RC,2
10,0.10526315789473684,0.3902439024390244,0.4,0.01504424778761062,0.0471976401179941,0.0029498525073746312,RC107,RC,2
11,0.10526315789473684,0.45121951219512196,0.6,0.02654867256637168,0.05221238938053097,0.0029498525073746312,RC107,RC,2
12,0.08421052631578947,0.45121951219512196,0.8,0.009734513274336283,0.044837758112094395,0.0029498525073746312,RC107,RC,2
13,0.08421052631578947,0.5121951219512195,0.4,0.014454277286135693,0.03185840707964602,0.0029498525073746312,RC107,RC,2
14,0.05263157894736842,0.3902439024390244,0.2,0.018289085545722714,0.056342182890855456,0.0029498525073746312,RC107,RC,2
15,0.05263157894736842,0.5121951219512195,0.2,0.01032448377581121,0.034513274336283185,0.0029498525073746312,RC107,RC,2
16,0.021052631578947368,0.45121951219512196,0.4,0.011504424778761062,0.04749262536873156,0.0029498525073746312,RC107,RC,2
17,0.0,0.45121951219512196,0.4,0.017404129793510324,0.033628318584070796,0.0029498525073746312,RC107,RC,2
18,0.0,0.5121951219512195,0.4,0.017699115044247787,0.05575221238938053,0.0029498525073746312,RC107,RC,2
19,0.4631578947368421,0.024390243902439025,0.4,0.023303834808259587,0.03657817109144543,0.0029498525073746312,RC107,RC,2
20,0.4421052631578947,0.08536585365853659,0.8,0.01710914454277286,0.03392330383480826,0.0029498525073746312,RC107,RC,2
21,0.4421052631578947,0.14634146341463414,0.2,0.03274336283185841,0.047787610619469026,0.0029498525073746312,RC107,RC,2
22,0.42105263157894735,0.024390243902439025,0.2,0.015339233038348082,0.03274336283185841,0.0029498525073746312,RC107,RC,2
23,0.42105263157894735,0.14634146341463414,0.8,0.016224188790560472,0.04660766961651917,0.0029498525073746312,RC107,RC,2
24,0.4,0.024390243902439025,0.6,0.01327433628318584,0.04837758112094395,0.0029498525073746312,RC107,RC,2
25,0.4,0.14634146341463414,0.2,0.03775811209439528,0.057227138643067846,0.0029498525073746312,RC107,RC,2
26,0.3684210526315789,0.024390243902439025,0.4,0.01592920353982301,0.054277286135693215,0.0029498525073746312,RC107,RC,2
27,1.0,0.32926829268292684,0.6,0.030973451327433628,0.04542772861356932,0.0029498525073746312,RC107,RC,2
28,1.0,0.3902439024390244,0.4,0.016814159292035398,0.05073746312684366,0.0029498525073746312,RC107,RC,2
29,0.968421052631579,0.32926829268292684,0.2,0.016224188790560472,0.035398230088495575,0.0029498525073746312,RC107,RC,2
30,0.9473684210526315,0.3902439024390244,0.2,0.015339233038348082,0.03303834808259587,0.0029498525073746312,RC107,RC,2
31,0.9263157894736842,0.32926829268292684,0.2,0.015339233038348082,0.046902654867256637,0.0029498525073746312,RC107,RC,2
32,0.9263157894736842,0.3902439024390244,0.4,0.014749262536873156,0.032448377581120944,0.0029498525073746312,RC107,RC,2
33,0.9157894736842105,0.32926829268292684,0.2,0.03421828908554572,0.051622418879056046,0.0029498525073746312,RC107,RC,2
34,0.8947368421052632,0.2682926829268293,0.2,0.01504424778761062,0.052507374631268436,0.0029498525073746312,RC107,RC,2
35,0.8947368421052632,0.3902439024390244,0.6,0.029498525073746312,0.04454277286135693,0.0029498525073746312,RC107,RC,2
36,0.7052631578947368,1.0,0.4,0.01799410029498525,0.05457227138643068,0.0029498525073746312,RC107,RC,2
37,0.6842105263157895,1.0,0.8,0.012684365781710914,0.05486725663716814,0.0029498525073746312,RC107,RC,2
38,0.6842105263157895,0.9634146341463414,0.2,0.03333333333333333,0.04837758112094395,0.0029498525073746312,RC107,RC,2
39,0.6526315789473685,0.9390243902439024,0.6,0.010914454277286136,0.04365781710914454,0.0029498525073746312,RC107,RC,2
40,0.631578947368421,0.9390243902439024,0.2,0.010619469026548672,0.056342182890855456,0.0029498525073746312,RC107,RC,2
41,0.631578947368421,1.0,0.6,0.014749262536873156,0.043952802359882005,0.0029498525073746312,RC107,RC,2
42,0.6105263157894737,0.8780487804878049,0.4,0.01415929203539823,0.048672566371681415,0.0029498525073746312,RC107,RC,2
43,0.5789473684210527,0.9390243902439024,0.2,0.009734513274336283,0.04896755162241888,0.0029498525073746312,RC107,RC,2
44,0.5789473684210527,1.0,0.4,0.034513274336283185,0.049557522123893805,0.0029498525073746312,RC107,RC,2
45,0.5789473684210527,0.9634146341463414,0.2,0.01032448377581121,0.04365781710914454,0.0029498525073746312,RC107,RC,2
46,0.21052631578947367,0.9634146341463414,0.2,0.010914454277286136,0.05221238938053097,0.0029498525073746312,RC107,RC,2
47,0.18947368421052632,0.9390243902439024,0.2,0.028908554572271386,0.04631268436578171,0.0029498525073746312,RC107,RC,2
48,0.021052631578947368,0.5121951219512195,0.2,0.011209439528023599,0.03215339233038348,0.0029498525073746312,RC107,RC,2
49,0.4421052631578947,0.024390243902439025,0.2,0.035398230088495575,0.054277286135693215,0.0029498525073746312,RC107,RC,2
50,0.4421052631578947,0.10975609756097561,0.2,0.023303834808259587,0.04660766961651917,0.0029498525073746312,RC107,RC,2
51,0.7578947368421053,0.3902439024390244,0.6,0.030678466076696165,0.04631268436578171,0.0029498525073746312,RC107,RC,2
52,0.5789473684210527,0.2073170731707317,0.38,0.020353982300884955,0.03716814159292035,0.0029498525073746312,RC107,RC,2
53,0.2631578947368421,0.32926829268292684,0.06,0.010619469026548672,0.028613569321533923,0.0029498525073746312,RC107,RC,2
54,0.21052631578947367,0.573170731707317,0.1,0.016814159292035398,0.04542772861356932,0.0029498525073746312,RC107,RC,2
55,0.5789473684210527,0.6951219512195121,0.32,0.03746312684365782,0.05309734513274336,0.0029498525073746312,RC107,RC,2
56,0.3157894736842105,0.6951219512195121,0.32,0.028023598820058997,0.06312684365781711,0.0029498525073746312,RC107,RC,2
57,0.5263157894736842,0.3902439024390244,0.38,0.025958702064896755,0.05929203539823009,0.0029498525073746312,RC107,RC,2
58,0.3157894736842105,0.2682926829268293,0.46,0.024188790560471976,0.041002949852507374,0.0029498525073746312,RC107,RC,2
59,0.15789473684210525,0.08536585365853659,0.4,0.016519174041297935,0.05368731563421829,0.0029498525073746312,RC107,RC,2
60,0.10526315789473684,0.2073170731707317,0.38,0.012389380530973451,0.03687315634218289,0.0029498525073746312,RC107,RC,2
61,0.15789473684210525,0.6951219512195121,0.34,0.04041297935103245,0.05958702064896755,0.0029498525073746312,RC107,RC,2
62,0.47368421052631576,0.7560975609756098,0.18,0.016224188790560472,0.03126843657817109,0.0029498525073746312,RC107,RC,2
63,0.6842105263157895,0.3902439024390244,0.06,0.00855457227138643,0.04660766961651917,0.0029498525073746312,RC107,RC,2
64,0.6842105263157895,0.2073170731707317,0.12,0.011504424778761062,0.03185840707964602,0.0029498525073746312,RC107,RC,2
65,0.47368421052631576,0.32926829268292684,0.34,0.0058997050147492625,0.041002949852507374,0.0029498525073746312,RC107,RC,2
66,0.3684210526315789,0.45121951219512196,0.32,0.0032448377581120944,0.04129793510324484,0.0029498525073746312,RC107,RC,2
67,0.43157894736842106,0.4146341463414634,0.32,0.027138643067846607,0.059882005899705014,0.0029498525073746312,RC107,RC,2
68,0.6736842105263158,0.47560975609756095,0.18,0.008259587020648967,0.0415929203539823,0.0029498525073746312,RC107,RC,2
69,0.42105263157894735,0.6951219512195121,0.42,0.029498525073746312,0.0640117994100295,0.0029498525073746312,RC107,RC,2
70,0.3263157894736842,0.5975609756097561,0.54,0.002654867256637168,0.03952802359882006,0.0029498525073746312,RC107,RC,2
71,0.3684210526315789,0.8048780487804879,0.46,0.017699115044247787,0.061946902654867256,0.0029498525073746312,RC107,RC,2
72,0.6842105263157895,0.6341463414634146,0.28,0.015339233038348082,0.031563421828908554,0.0029498525073746312,RC107,RC,2
73,0.6631578947368421,0.7560975609756098,0.16,0.007964601769911504,0.029793510324483775,0.0029498525073746312,RC107,RC,2
74,0.021052631578947368,0.6951219512195121,0.1,0.019174041297935103,0.03480825958702065,0.0029498525073746312,RC107,RC,2
75,0.21052631578947367,0.2073170731707317,0.16,0.021238938053097345,0.05693215339233038,0.0029498525073746312,RC107,RC,2
76,0.05263157894736842,0.024390243902439025,0.32,0.017699115044247787,0.034513274336283185,0.0029498525073746312,RC107,RC,2
77,0.631578947368421,0.10975609756097561,0.62,0.012389380530973451,0.04218289085545723,0.0029498525073746312,RC107,RC,2
78,0.24210526315789474,0.0,0.14,0.015339233038348082,0.05309734513274336,0.0029498525073746312,RC107,RC,2
79,0.08421052631578947,0.6463414634146342,0.54,0.013569321533923304,0.04808259587020649,0.0029498525073746312,RC107,RC,2
80,0.06315789473684211,0.7926829268292683,0.6,0.01592920353982301,0.04513274336283186,0.0029498525073746312,RC107,RC,2
81,0.49473684210526314,0.5365853658536586,0.26,0.028613569321533923,0.06548672566371681,0.0029498525073746312,RC107,RC,2
82,0.5157894736842106,0.6707317073170732,0.2,0.02359882005899705,0.03569321533923304,0.0029498525073746312,RC107,RC,2
83,0.28421052631578947,0.4878048780487805,0.18,0.007669616519174041,0.02566371681415929,0.0029498525073746312,RC107,RC,2
84,0.3894736842105263,0.34146341463414637,0.28,0.005604719764011799,0.02566371681415929,0.0029498525073746312,RC107,RC,2
85,0.6,0.3170731707317073,0.36,0.018289085545722714,0.046902654867256637,0.0029498525073746312,RC107,RC,2
86,0.6631578947368421,0.24390243902439024,0.04,0.022418879056047197,0.03746312684365782,0.0029498525073746312,RC107,RC,2
87,0.22105263157894736,0.25609756097560976,0.56,0.02271386430678466,0.03716814159292035,0.0029498525073746312,RC107,RC,2
88,0.12631578947368421,0.25609756097560976,0.26,0.020058997050147492,0.0415929203539823,0.0029498525073746312,RC107,RC,2
89,0.25263157894736843,0.6707317073170732,0.38,0.007079646017699115,0.041002949852507374,0.0029498525073746312,RC107,RC,2
90,0.7052631578947368,0.024390243902439025,0.5,0.030973451327433628,0.05221238938053097,0.0029498525073746312,RC107,RC,2
91,0.3894736842105263,0.5365853658536586,0.12,0.02182890855457227,0.03746312684365782,0.0029498525073746312,RC107,RC,2
92,0.5157894736842106,0.47560975609756095,0.26,0.04454277286135693,0.06253687315634218,0.0029498525073746312,RC107,RC,2
93,0.5578947368421052,0.4878048780487805,0.28,0.004129793510324484,0.045722713864306784,0.0029498525073746312,RC107,RC,2
94,0.6421052631578947,0.5975609756097561,0.06,0.020353982300884955,0.06135693215339233,0.0029498525073746312,RC107,RC,2
95,0.6,0.5487804878048781,0.46,0.02536873156342183,0.039233038348082595,0.0029498525073746312,RC107,RC,2
96,0.5894736842105263,0.4146341463414634,0.12,0.0058997050147492625,0.024778761061946902,0.0029498525073746312,RC107,RC,2
97,0.5789473684210527,0.6219512195121951,0.52,0.03569321533923304,0.05073746312684366,0.0029498525073746312,RC107,RC,2
98,0.042105263157894736,0.18292682926829268,0.7,0.03303834808259587,0.04631268436578171,0.0029498525073746312,RC107,RC,2
99,0.2736842105263158,0.5975609756097561,0.18,0.008849557522123894,0.026843657817109144,0.0029498525073746312,RC107,RC,2
100,0.2736842105263158,0.3902439024390244,0.3,0.010914454277286136,0.043067846607669616,0.0029498525073746312,RC107,RC,2
101,0.3263157894736842,0.7804878048780488,0.06,0.019469026548672566,0.061946902654867256,0.0029498525073746312,RC107,RC,2
1,0.42105263157894735,0.573170731707317,0.0,0.0,0.07079646017699115,0.0,RC108,RC,2
2,0.2631578947368421,1.0,0.4,0.014454277286135693,0.056342182890855456,0.0029498525073746312,RC108,RC,2
3,0.23157894736842105,0.8780487804878049,0.6,0.008849557522123894,0.049557522123893805,0.0029498525073746312,RC108,RC,2
4,0.23157894736842105,1.0,0.2,0.028023598820058997,0.044837758112094395,0.0029498525073746312,RC108,RC,2
5,0.21052631578947367,0.9390243902439024,0.8,0.020353982300884955,0.05693215339233038,0.0029498525073746312,RC108,RC,2
6,0.21052631578947367,1.0,0.4,0.011799410029498525,0.05575221238938053,0.0029498525073746312,RC108,RC,2
7,0.18947368421052632,0.8780487804878049,0.4,0.017699115044247787,0.046902654867256637,0.0029498525073746312,RC108,RC,2
8,0.15789473684210525,0.8780487804878049,0.4,0.01592920353982301,0.039233038348082595,0.0029498525073746312,RC108,RC,2
9,0.15789473684210525,0.9390243902439024,0.2,0.01976401179941003,0.04247787610619469,0.0029498525073746312,RC108,RC,2
10,0.10526315789473684,0.3902439024390244,0.4,0.016814159292035398,0.04542772861356932,0.0029498525073746312,RC108,RC,2
11,0.10526315789473684,0.45121951219512196,0.6,0.03126843657817109,0.04749262536873156,0.0029498525073746312,RC108,RC,2
12,0.08421052631578947,0.45121951219512196,0.8,0.009734513274336283,0.044837758112094395,0.0029498525073746312,RC108,RC,2
13,0.08421052631578947,0.5121951219512195,0.4,0.00943952802359882,0.04365781710914454,0.0029498525073746312,RC108,RC,2
14,0.05263157894736842,0.3902439024390244,0.2,0.015634218289085546,0.056342182890855456,0.0029498525073746312,RC108,RC,2
15,0.05263157894736842,0.5121951219512195,0.2,0.01032448377581121,0.057227138643067846,0.0029498525073746312,RC108,RC,2
16,0.021052631578947368,0.45121951219512196,0.4,0.011504424778761062,0.04808259587020649,0.0029498525073746312,RC108,RC,2
17,0.0,0.45121951219512196,0.4,0.012094395280235988,0.0415929203539823,0.0029498525073746312,RC108,RC,2
18,0.0,0.5121951219512195,0.4,0.01504424778761062,0.05575221238938053,0.0029498525073746312,RC108,RC,2
19,0.4631578947368421,0.024390243902439025,0.4,0.021533923303834808,0.038348082595870206,0.0029498525073746312,RC108,RC,2
20,0.4421052631578947,0.08536585365853659,0.8,0.011799410029498525,0.04365781710914454,0.0029498525073746312,RC108,RC,2
21,0.4421052631578947,0.14634146341463414,0.2,0.027728613569321534,0.0528023598820059,0.0029498525073746312,RC108,RC,2
22,0.42105263157894735,0.024390243902439025,0.2,0.01327433628318584,0.04749262536873156,0.0029498525073746312,RC108,RC,2
23,0.42105263157894735,0.14634146341463414,0.8,0.01887905604719764,0.043952802359882005,0.0029498525073746312,RC108,RC,2
24,0.4,0.024390243902439025,0.6,0.01327433628318584,0.04837758112094395,0.0029498525073746312,RC108,RC,2
25,0.4,0.14634146341463414,0.2,0.01504424778761062,0.057227138643067846,0.0029498525073746312,RC108,RC,2
26,0.3684210526315789,0.024390243902439025,0.4,0.01327433628318584,0.05398230088495575,0.0029498525073746312,RC108,RC,2
27,1.0,0.32926829268292684,0.6,0.02654867256637168,0.04985250737463127,0.0029498525073746312,RC108,RC,2
28,1.0,0.3902439024390244,0.4,0.016814159292035398,0.05073746312684366,0.0029498525073746312,RC108,RC,2
29,0.968421052631579,0.32926829268292684,0.2,0.016224188790560472,0.05132743362831858,0.0029498525073746312,RC108,RC,2
30,0.9473684210526315,0.3902439024390244,0.2,0.015339233038348082,0.05132743362831858,0.0029498525073746312,RC108,RC,2
31,0.9263157894736842,0.32926829268292684,0.2,0.015339233038348082,0.04336283185840708,0.0029498525073746312,RC108,RC,2
32,0.9263157894736842,0.3902439024390244,0.4,0.014749262536873156,0.05073746312684366,0.0029498525073746312,RC108,RC,2
33,0.9157894736842105,0.32926829268292684,0.2,0.01799410029498525,0.052507374631268436,0.0029498525073746312,RC108,RC,2
34,0.8947368421052632,0.2682926829268293,0.2,0.01504424778761062,0.052507374631268436,0.0029498525073746312,RC108,RC,2
35,0.8947368421052632,0.3902439024390244,0.6,0.02448377581120944,0.049557522123893805,0.0029498525073746312,RC108,RC,2
36,0.7052631578947368,1.0,0.4,0.016814159292035398,0.05457227138643068,0.0029498525073746312,RC108,RC,2
37,0.6842105263157895,1.0,0.8,0.012684365781710914,0.05486725663716814,0.0029498525073746312,RC108,RC,2
38,0.6842105263157895,0.9634146341463414,0.2,0.028023598820058997,0.05368731563421829,0.0029498525073746312,RC108,RC,2
39,0.6526315789473685,0.9390243902439024,0.6,0.011209439528023599,0.0415929203539823,0.0029498525073746312,RC108,RC,2
40,0.631578947368421,0.9390243902439024,0.2,0.010619469026548672,0.05693215339233038,0.0029498525073746312,RC108,RC,2
41,0.631578947368421,1.0,0.6,0.01799410029498525,0.04070796460176991,0.0029498525073746312,RC108,RC,2
42,0.6105263157894737,0.8780487804878049,0.4,0.014454277286135693,0.04837758112094395,0.0029498525073746312,RC108,RC,2
43,0.5789473684210527,0.9390243902439024,0.2,0.009734513274336283,0.05309734513274336,0.0029498525073746312,RC108,RC,2
44,0.5789473684210527,1.0,0.4,0.029498525073746312,0.05457227138643068,0.0029498525073746312,RC108,RC,2
45,0.5789473684210527,0.9634146341463414,0.2,0.01032448377581121,0.04188790560471976,0.0029498525073746312,RC108,RC,2
46,0.21052631578947367,0.9634146341463414,0.2,0.010914454277286136,0.05663716814159292,0.0029498525073746312,RC108,RC,2
47,0.18947368421052632,0.9390243902439024,0.2,0.02094395280235988,0.054277286135693215,0.0029498525073746312,RC108,RC,2
48,0.021052631578947368,0.5121951219512195,0.2,0.011209439528023599,0.056342182890855456,0.0029498525073746312,RC108,RC,2
49,0.4421052631578947,0.024390243902439025,0.2,0.014749262536873156,0.054277286135693215,0.0029498525073746312,RC108,RC,2
50,0.4421052631578947,0.10975609756097561,0.2,0.02920353982300885,0.04070796460176991,0.0029498525073746312,RC108,RC,2
51,0.7578947368421053,0.3902439024390244,0.6,0.02448377581120944,0.052507374631268436,0.0029498525073746312,RC108,RC,2
52,0.5789473684210527,0.2073170731707317,0.38,0.01327433628318584,0.04424778761061947,0.0029498525073746312,RC108,RC,2
53,0.2631578947368421,0.32926829268292684,0.06,0.007374631268436578,0.04424778761061947,0.0029498525073746312,RC108,RC,2
54,0.21052631578947367,0.573170731707317,0.1,0.020058997050147492,0.04218289085545723,0.0029498525073746312,RC108,RC,2
55,0.5789473684210527,0.6951219512195121,0.32,0.031563421828908554,0.058997050147492625,0.0029498525073746312,RC108,RC,2
56,0.3157894736842105,0.6951219512195121,0.32,0.028023598820058997,0.06312684365781711,0.0029498525073746312,RC108,RC,2
57,0.5263157894736842,0.3902439024390244,0.38,0.026843657817109144,0.0584070796460177,0.0029498525073746312,RC108,RC,2
58,0.3157894736842105,0.2682926829268293,0.46,0.016519174041297935,0.048672566371681415,0.0029498525073746312,RC108,RC,2
59,0.15789473684210525,0.08536585365853659,0.4,0.01504424778761062,0.05368731563421829,0.0029498525073746312,RC108,RC,2
60,0.10526315789473684,0.2073170731707317,0.38,0.012389380530973451,0.055162241887905604,0.0029498525073746312,RC108,RC,2
61,0.15789473684210525,0.6951219512195121,0.34,0.018289085545722714,0.059882005899705014,0.0029498525073746312,RC108,RC,2
62,0.47368421052631576,0.7560975609756098,0.18,0.010914454277286136,0.03657817109144543,0.0029498525073746312,RC108,RC,2
63,0.6842105263157895,0.3902439024390244,0.06,0.00855457227138643,0.049557522123893805,0.0029498525073746312,RC108,RC,2
64,0.6842105263157895,0.2073170731707317,0.12,0.011504424778761062,0.05604719764011799,0.0029498525073746312,RC108,RC,2
65,0.47368421052631576,0.32926829268292684,0.34,0.0058997050147492625,0.041002949852507374,0.0029498525073746312,RC108,RC,2
66,0.3684210526315789,0.45121951219512196,0.32,0.0032448377581120944,0.04424778761061947,0.0029498525073746312,RC108,RC,2
67,0.43157894736842106,0.4146341463414634,0.32,0.028613569321533923,0.0584070796460177,0.0029498525073746312,RC108,RC,2
68,0.6736842105263158,0.47560975609756095,0.18,0.009144542772861357,0.04070796460176991,0.0029498525073746312,RC108,RC,2
69,0.42105263157894735,0.6951219512195121,0.42,0.029793510324483775,0.06371681415929203,0.0029498525073746312,RC108,RC,2
70,0.3263157894736842,0.5975609756097561,0.54,0.002654867256637168,0.041002949852507374,0.0029498525073746312,RC108,RC,2
71,0.3684210526315789,0.8048780487804879,0.46,0.008849557522123894,0.061946902654867256,0.0029498525073746312,RC108,RC,2
72,0.6842105263157895,0.6341463414634146,0.28,0.008849557522123894,0.03805309734513274,0.0029498525073746312,RC108,RC,2
73,0.6631578947368421,0.7560975609756098,0.16,0.007964601769911504,0.05958702064896755,0.0029498525073746312,RC108,RC,2
74,0.021052631578947368,0.6951219512195121,0.1,0.013569321533923304,0.04041297935103245,0.0029498525073746312,RC108,RC,2
75,0.21052631578947367,0.2073170731707317,0.16,0.02094395280235988,0.05693215339233038,0.0029498525073746312,RC108,RC,2
76,0.05263157894736842,0.024390243902439025,0.32,0.016814159292035398,0.048672566371681415,0.0029498525073746312,RC108,RC,2
77,0.631578947368421,0.10975609756097561,0.62,0.01415929203539823,0.03864306784660767,0.0029498525073746312,RC108,RC,2
78,0.24210526315789474,0.0,0.14,0.014454277286135693,0.05309734513274336,0.0029498525073746312,RC108,RC,2
79,0.08421052631578947,0.6463414634146342,0.54,0.013864306784660767,0.047787610619469026,0.0029498525073746312,RC108,RC,2
80,0.06315789473684211,0.7926829268292683,0.6,0.019174041297935103,0.04188790560471976,0.0029498525073746312,RC108,RC,2
81,0.49473684210526314,0.5365853658536586,0.26,0.02743362831858407,0.06548672566371681,0.0029498525073746312,RC108,RC,2
82,0.5157894736842106,0.6707317073170732,0.2,0.023008849557522124,0.036283185840707964,0.0029498525073746312,RC108,RC,2
83,0.28421052631578947,0.4878048780487805,0.18,0.004129793510324484,0.04129793510324484,0.0029498525073746312,RC108,RC,2
84,0.3894736842105263,0.34146341463414637,0.28,0.005604719764011799,0.05073746312684366,0.0029498525073746312,RC108,RC,2
85,0.6,0.3170731707317073,0.36,0.021533923303834808,0.04365781710914454,0.0029498525073746312,RC108,RC,2
86,0.6631578947368421,0.24390243902439024,0.04,0.017404129793510324,0.04247787610619469,0.0029498525073746312,RC108,RC,2
87,0.22105263157894736,0.25609756097560976,0.56,0.018584070796460177,0.04129793510324484,0.0029498525073746312,RC108,RC,2
88,0.12631578947368421,0.25609756097560976,0.26,0.026843657817109144,0.03480825958702065,0.0029498525073746312,RC108,RC,2
89,0.25263157894736843,0.6707317073170732,0.38,0.007964601769911504,0.040117994100294985,0.0029498525073746312,RC108,RC,2
90,0.7052631578947368,0.024390243902439025,0.5,0.015339233038348082,0.05221238938053097,0.0029498525073746312,RC108,RC,2
91,0.3894736842105263,0.5365853658536586,0.12,0.015634218289085546,0.04365781710914454,0.0029498525073746312,RC108,RC,2
92,0.5157894736842106,0.47560975609756095,0.26,0.026253687315634218,0.0640117994100295,0.0029498525073746312,RC108,RC,2
93,0.5578947368421052,0.4878048780487805,0.28,0.004129793510324484,0.05221238938053097,0.0029498525073746312,RC108,RC,2
94,0.6421052631578947,0.5975609756097561,0.06,0.014749262536873156,0.06135693215339233,0.0029498525073746312,RC108,RC,2
95,0.6,0.5487804878048781,0.46,0.022418879056047197,0.04218289085545723,0.0029498525073746312,RC108,RC,2
96,0.5894736842105263,0.4146341463414634,0.12,0.0058997050147492625,0.046902654867256637,0.0029498525073746312,RC108,RC,2
97,0.5789473684210527,0.6219512195121951,0.52,0.030973451327433628,0.05545722713864307,0.0029498525073746312,RC108,RC,2
98,0.042105263157894736,0.18292682926829268,0.7,0.030678466076696165,0.048672566371681415,0.0029498525073746312,RC108,RC,2
99,0.2736842105263158,0.5975609756097561,0.18,0.004129793510324484,0.040117994100294985,0.0029498525073746312,RC108,RC,2
100,0.2736842105263158,0.3902439024390244,0.3,0.012389380530973451,0.0415929203539823,0.0029498525073746312,RC108,RC,2
101,0.3263157894736842,0.7804878048780488,0.06,0.012684365781710914,0.061946902654867256,0.0029498525073746312,RC108,RC,2
1,0.42105263157894735,0.573170731707317,0.0,0.0,0.2831858407079646,0.0,RC201,RC,2
2,0.2631578947368421,1.0,0.4,0.19852507374631267,0.23392330383480825,0.0029498525073746312,RC201,RC,2
3,0.23157894736842105,0.8780487804878049,0.6,0.044837758112094395,0.08023598820058997,0.0029498525073746312,RC201,RC,2
4,0.23157894736842105,1.0,0.2,0.13893805309734514,0.1743362831858407,0.0029498525073746312,RC201,RC,2
5,0.21052631578947367,0.9390243902439024,0.8,0.18997050147492625,0.22536873156342183,0.0029498525073746312,RC201,RC,2
6,0.21052631578947367,1.0,0.4,0.021533923303834808,0.05693215339233038,0.0029498525073746312,RC201,RC,2
7,0.18947368421052632,0.8780487804878049,0.4,0.11445427728613569,0.14985250737463127,0.0029498525073746312,RC201,RC,2
8,0.15789473684210525,0.8780487804878049,0.4,0.08849557522123894,0.12389380530973451,0.0029498525073746312,RC201,RC,2
9,0.15789473684210525,0.9390243902439024,0.2,0.10825958702064897,0.14365781710914455,0.0029498525073746312,RC201,RC,2
10,0.10526315789473684,0.3902439024390244,0.4,0.10943952802359883,0.1448377581120944,0.0029498525073746312,RC201,RC,2
11,0.10526315789473684,0.45121951219512196,0.6,0.15309734513274337,0.18849557522123894,0.0029498525073746312,RC201,RC,2
12,0.08421052631578947,0.45121951219512196,0.8,0.05752212389380531,0.09292035398230089,0.0029498525073746312,RC201,RC,2
13,0.08421052631578947,0.5121951219512195,0.4,0.06578171091445428,0.10117994100294986,0.0029498525073746312,RC201,RC,2
14,0.05263157894736842,0.3902439024390244,0.2,0.1926253687315634,0.228023598820059,0.0029498525073746312,RC201,RC,2
15,0.05263157894736842,0.5121951219512195,0.2,0.01032448377581121,0.045722713864306784,0.0029498525073746312,RC201,RC,2
16,0.021052631578947368,0.45121951219512196,0.4,0.05132743362831858,0.08672566371681416,0.0029498525073746312,RC201,RC,2
17,0.0,0.45121951219512196,0.4,0.0752212389380531,0.11061946902654868,0.0029498525073746312,RC201,RC,2
18,0.0,0.5121951219512195,0.4,0.20737463126843658,0.24277286135693216,0.0029498525073746312,RC201,RC,2
19,0.4631578947368421,0.024390243902439025,0.4,0.09882005899705015,0.13421828908554573,0.0029498525073746312,RC201,RC,2
20,0.4421052631578947,0.08536585365853659,0.8,0.07492625368731563,0.11032448377581121,0.0029498525073746312,RC201,RC,2
21,0.4421052631578947,0.14634146341463414,0.2,0.1584070796460177,0.19380530973451326,0.0029498525073746312,RC201,RC,2
22,0.42105263157894735,0.024390243902439025,0.2,0.06342182890855458,0.09882005899705015,0.0029498525073746312,RC201,RC,2
23,0.42105263157894735,0.14634146341463414,0.8,0.11061946902654868,0.14601769911504425,0.0029498525073746312,RC201,RC,2
24,0.4,0.024390243902439025,0.6,0.05929203539823009,0.09469026548672567,0.0029498525073746312,RC201,RC,2
25,0.4,0.14634146341463414,0.2,0.20088495575221238,0.23628318584070795,0.0029498525073746312,RC201,RC,2
26,0.3684210526315789,0.024390243902439025,0.4,0.2312684365781711,0.26666666666666666,0.0029498525073746312,RC201,RC,2
27,1.0,0.32926829268292684,0.6,0.15604719764011798,0.19144542772861356,0.0029498525073746312,RC201,RC,2
28,1.0,0.3902439024390244,0.4,0.043067846607669616,0.07846607669616519,0.0029498525073746312,RC201,RC,2
29,0.968421052631579,0.32926829268292684,0.2,0.043952802359882005,0.07935103244837759,0.0029498525073746312,RC201,RC,2
30,0.9473684210526315,0.3902439024390244,0.2,0.057227138643067846,0.09262536873156342,0.0029498525073746312,RC201,RC,2
31,0.9263157894736842,0.32926829268292684,0.2,0.07256637168141593,0.1079646017699115,0.0029498525073746312,RC201,RC,2
32,0.9263157894736842,0.3902439024390244,0.4,0.048672566371681415,0.084070796460177,0.0029498525073746312,RC201,RC,2
33,0.9157894736842105,0.32926829268292684,0.2,0.1831858407079646,0.21858407079646017,0.0029498525073746312,RC201,RC,2
34,0.8947368421052632,0.2682926829268293,0.2,0.02359882005899705,0.058997050147492625,0.0029498525073746312,RC201,RC,2
35,0.8947368421052632,0.3902439024390244,0.6,0.14365781710914455,0.17905604719764012,0.0029498525073746312,RC201,RC,2
36,0.7052631578947368,1.0,0.4,0.19380530973451326,0.22920353982300884,0.0029498525073746312,RC201,RC,2
37,0.6842105263157895,1.0,0.8,0.012684365781710914,0.04808259587020649,0.0029498525073746312,RC201,RC,2
38,0.6842105263157895,0.9634146341463414,0.2,0.16430678466076695,0.19970501474926253,0.0029498525073746312,RC201,RC,2
39,0.6526315789473685,0.9390243902439024,0.6,0.08200589970501475,0.11740412979351032,0.0029498525073746312,RC201,RC,2
40,0.631578947368421,0.9390243902439024,0.2,0.01887905604719764,0.054277286135693215,0.0029498525073746312,RC201,RC,2
41,0.631578947368421,1.0,0.6,0.09705014749262537,0.13244837758112094,0.0029498525073746312,RC201,RC,2
42,0.6105263157894737,0.8780487804878049,0.4,0.11091445427728613,0.1463126843657817,0.0029498525073746312,RC201,RC,2
43,0.5789473684210527,0.9390243902439024,0.2,0.009734513274336283,0.04513274336283186,0.0029498525073746312,RC201,RC,2
44,0.5789473684210527,1.0,0.4,0.16932153392330385,0.20471976401179942,0.0029498525073746312,RC201,RC,2
45,0.5789473684210527,0.9634146341463414,0.2,0.0640117994100295,0.09941002949852508,0.0029498525073746312,RC201,RC,2
46,0.21052631578947367,0.9634146341463414,0.2,0.010914454277286136,0.04631268436578171,0.0029498525073746312,RC201,RC,2
47,0.18947368421052632,0.9390243902439024,0.2,0.14424778761061946,0.17964601769911503,0.0029498525073746312,RC201,RC,2
48,0.021052631578947368,0.5121951219512195,0.2,0.030973451327433628,0.06637168141592921,0.0029498525073746312,RC201,RC,2
49,0.4421052631578947,0.024390243902439025,0.2,0.215929203539823,0.2513274336283186,0.0029498525073746312,RC201,RC,2
50,0.4421052631578947,0.10975609756097561,0.2,0.12979351032448377,0.16519174041297935,0.0029498525073746312,RC201,RC,2
51,0.7578947368421053,0.3902439024390244,0.6,0.1495575221238938,0.18495575221238938,0.0029498525073746312,RC201,RC,2
52,0.5789473684210527,0.2073170731707317,0.38,0.09616519174041298,0.13156342182890857,0.0029498525073746312,RC201,RC,2
53,0.2631578947368421,0.32926829268292684,0.06,0.051622418879056046,0.08702064896755163,0.0029498525073746312,RC201,RC,2
54,0.21052631578947367,0.573170731707317,0.1,0.11061946902654868,0.14601769911504425,0.0029498525073746312,RC201,RC,2
55,0.5789473684210527,0.6951219512195121,0.32,0.17728613569321533,0.2126843657817109,0.0029498525073746312,RC201,RC,2
56,0.3157894736842105,0.6951219512195121,0.32,0.17669616519174042,0.212094395280236,0.0029498525073746312,RC201,RC,2
57,0.5263157894736842,0.3902439024390244,0.38,0.16430678466076695,0.19970501474926253,0.0029498525073746312,RC201,RC,2
58,0.3157894736842105,0.2682926829268293,0.46,0.11710914454277287,0.15250737463126843,0.0029498525073746312,RC201,RC,2
59,0.15789473684210525,0.08536585365853659,0.4,0.23067846607669618,0.26607669616519175,0.0029498525073746312,RC201,RC,2
60,0.10526315789473684,0.2073170731707317,0.38,0.012389380530973451,0.047787610619469026,0.0029498525073746312,RC201,RC,2
61,0.15789473684210525,0.6951219512195121,0.34,0.20471976401179942,0.240117994100295,0.0029498525073746312,RC201,RC,2
62,0.47368421052631576,0.7560975609756098,0.18,0.07610619469026549,0.11150442477876106,0.0029498525073746312,RC201,RC,2
63,0.6842105263157895,0.3902439024390244,0.06,0.04926253687315634,0.08466076696165192,0.0029498525073746312,RC201,RC,2
64,0.6842105263157895,0.2073170731707317,0.12,0.011504424778761062,0.046902654867256637,0.0029498525073746312,RC201,RC,2
65,0.47368421052631576,0.32926829268292684,0.34,0.056342182890855456,0.09174041297935104,0.0029498525073746312,RC201,RC,2
66,0.3684210526315789,0.45121951219512196,0.32,0.0032448377581120944,0.03864306784660767,0.0029498525073746312,RC201,RC,2
67,0.43157894736842106,0.4146341463414634,0.32,0.16696165191740414,0.20235988200589972,0.0029498525073746312,RC201,RC,2
68,0.6736842105263158,0.47560975609756095,0.18,0.07905604719764012,0.11445427728613569,0.0029498525073746312,RC201,RC,2
69,0.42105263157894735,0.6951219512195121,0.42,0.18053097345132743,0.215929203539823,0.0029498525073746312,RC201,RC,2
70,0.3263157894736842,0.5975609756097561,0.54,0.04631268436578171,0.08171091445427729,0.0029498525073746312,RC201,RC,2
71,0.3684210526315789,0.8048780487804879,0.46,0.23893805309734514,0.2743362831858407,0.0029498525073746312,RC201,RC,2
72,0.6842105263157895,0.6341463414634146,0.28,0.07109144542772862,0.1064896755162242,0.0029498525073746312,RC201,RC,2
73,0.6631578947368421,0.7560975609756098,0.16,0.017699115044247787,0.05309734513274336,0.0029498525073746312,RC201,RC,2
74,0.021052631578947368,0.6951219512195121,0.1,0.08436578171091445,0.11976401179941003,0.0029498525073746312,RC201,RC,2
75,0.21052631578947367,0.2073170731707317,0.16,0.1902654867256637,0.22566371681415928,0.0029498525073746312,RC201,RC,2
76,0.05263157894736842,0.024390243902439025,0.32,0.06843657817109144,0.10383480825958702,0.0029498525073746312,RC201,RC,2
77,0.631578947368421,0.10975609756097561,0.62,0.07905604719764012,0.11445427728613569,0.0029498525073746312,RC201,RC,2
78,0.24210526315789474,0.0,0.14,0.22536873156342183,0.26076696165191743,0.0029498525073746312,RC201,RC,2
79,0.08421052631578947,0.6463414634146342,0.54,0.10766961651917405,0.1430678466076696,0.0029498525073746312,RC201,RC,2
80,0.06315789473684211,0.7926829268292683,0.6,0.10383480825958702,0.1392330383480826,0.0029498525073746312,RC201,RC,2
81,0.49473684210526314,0.5365853658536586,0.26,0.2424778761061947,0.2778761061946903,0.0029498525073746312,RC201,RC,2
82,0.5157894736842106,0.6707317073170732,0.2,0.10471976401179942,0.140117994100295,0.0029498525073746312,RC201,RC,2
83,0.28421052631578947,0.4878048780487805,0.18,0.044837758112094395,0.08023598820058997,0.0029498525073746312,RC201,RC,2
84,0.3894736842105263,0.34146341463414637,0.28,0.030973451327433628,0.06637168141592921,0.0029498525073746312,RC201,RC,2
85,0.6,0.3170731707317073,0.36,0.11651917404129794,0.15191740412979352,0.0029498525073746312,RC201,RC,2
86,0.6631578947368421,0.24390243902439024,0.04,0.10147492625368731,0.1368731563421829,0.0029498525073746312,RC201,RC,2
87,0.22105263157894736,0.25609756097560976,0.56,0.10294985250737464,0.1383480825958702,0.0029498525073746312,RC201,RC,2
88,0.12631578947368421,0.25609756097560976,0.26,0.10589970501474927,0.14129793510324484,0.0029498525073746312,RC201,RC,2
89,0.25263157894736843,0.6707317073170732,0.38,0.07669616519174041,0.11209439528023599,0.0029498525073746312,RC201,RC,2
90,0.7052631578947368,0.024390243902439025,0.5,0.2103244837758112,0.24572271386430677,0.0029498525073746312,RC201,RC,2
91,0.3894736842105263,0.5365853658536586,0.12,0.10589970501474927,0.14129793510324484,0.0029498525073746312,RC201,RC,2
92,0.5157894736842106,0.47560975609756095,0.26,0.212094395280236,0.24749262536873157,0.0029498525073746312,RC201,RC,2
93,0.5578947368421052,0.4878048780487805,0.28,0.004129793510324484,0.03952802359882006,0.0029498525073746312,RC201,RC,2
94,0.6421052631578947,0.5975609756097561,0.06,0.2383480825958702,0.2737463126843658,0.0029498525073746312,RC201,RC,2
95,0.6,0.5487804878048781,0.46,0.11563421828908554,0.15103244837758112,0.0029498525073746312,RC201,RC,2
96,0.5894736842105263,0.4146341463414634,0.12,0.029498525073746312,0.06489675516224189,0.0029498525073746312,RC201,RC,2
97,0.5789473684210527,0.6219512195121951,0.52,0.1657817109144543,0.20117994100294986,0.0029498525073746312,RC201,RC,2
98,0.042105263157894736,0.18292682926829268,0.7,0.16135693215339234,0.1967551622418879,0.0029498525073746312,RC201,RC,2
99,0.2736842105263158,0.5975609756097561,0.18,0.05073746312684366,0.08613569321533923,0.0029498525073746312,RC201,RC,2
100,0.2736842105263158,0.3902439024390244,0.3,0.09085545722713864,0.12625368731563422,0.0029498525073746312,RC201,RC,2
101,0.3263157894736842,0.7804878048780488,0.06,0.23893805309734514,0.2743362831858407,0.0029498525073746312,RC201,RC,2
1,0.42105263157894735,0.573170731707317,0.0,0.0,0.2831858407079646,0.0,RC202,RC,2
2,0.2631578947368421,1.0,0.4,0.0,0.2687315634218289,0.0029498525073746312,RC202,RC,2
3,0.23157894736842105,0.8780487804878049,0.6,0.0,0.2710914454277286,0.0029498525073746312,RC202,RC,2
4,0.23157894736842105,1.0,0.2,0.0,0.26843657817109146,0.0029498525073746312,RC202,RC,2
5,0.21052631578947367,0.9390243902439024,0.8,0.18997050147492625,0.22536873156342183,0.0029498525073746312,RC202,RC,2
6,0.21052631578947367,1.0,0.4,0.0,0.268141592920354,0.0029498525073746312,RC202,RC,2
7,0.18947368421052632,0.8780487804878049,0.4,0.11445427728613569,0.14985250737463127,0.0029498525073746312,RC202,RC,2
8,0.15789473684210525,0.8780487804878049,0.4,0.0,0.2696165191740413,0.0029498525073746312,RC202,RC,2
9,0.15789473684210525,0.9390243902439024,0.2,0.10825958702064897,0.14365781710914455,0.0029498525073746312,RC202,RC,2
10,0.10526315789473684,0.3902439024390244,0.4,0.10943952802359883,0.1448377581120944,0.0029498525073746312,RC202,RC,2
11,0.10526315789473684,0.45121951219512196,0.6,0.15309734513274337,0.18849557522123894,0.0029498525073746312,RC202,RC,2
12,0.08421052631578947,0.45121951219512196,0.8,0.05752212389380531,0.09292035398230089,0.0029498525073746312,RC202,RC,2
13,0.08421052631578947,0.5121951219512195,0.4,0.0,0.2705014749262537,0.0029498525073746312,RC202,RC,2
14,0.05263157894736842,0.3902439024390244,0.2,0.1926253687315634,0.228023598820059,0.0029498525073746312,RC202,RC,2
15,0.05263157894736842,0.5121951219512195,0.2,0.01032448377581121,0.045722713864306784,0.0029498525073746312,RC202,RC,2
16,0.021052631578947368,0.45121951219512196,0.4,0.05132743362831858,0.08672566371681416,0.0029498525073746312,RC202,RC,2
17,0.0,0.45121951219512196,0.4,0.0752212389380531,0.11061946902654868,0.0029498525073746312,RC202,RC,2
18,0.0,0.5121951219512195,0.4,0.20737463126843658,0.24277286135693216,0.0029498525073746312,RC202,RC,2
19,0.4631578947368421,0.024390243902439025,0.4,0.09882005899705015,0.13421828908554573,0.0029498525073746312,RC202,RC,2
20,0.4421052631578947,0.08536585365853659,0.8,0.07492625368731563,0.11032448377581121,0.0029498525073746312,RC202,RC,2
21,0.4421052631578947,0.14634146341463414,0.2,0.1584070796460177,0.19380530973451326,0.0029498525073746312,RC202,RC,2
22,0.42105263157894735,0.024390243902439025,0.2,0.0,0.2669616519174041,0.0029498525073746312,RC202,RC,2
23,0.42105263157894735,0.14634146341463414,0.8,0.11061946902654868,0.14601769911504425,0.0029498525073746312,RC202,RC,2
24,0.4,0.024390243902439025,0.6,0.05929203539823009,0.09469026548672567,0.0029498525073746312,RC202,RC,2
25,0.4,0.14634146341463414,0.2,0.20088495575221238,0.23628318584070795,0.0029498525073746312,RC202,RC,2
26,0.3684210526315789,0.024390243902439025,0.4,0.2312684365781711,0.26666666666666666,0.0029498525073746312,RC202,RC,2
27,1.0,0.32926829268292684,0.6,0.0,0.2628318584070796,0.0029498525073746312,RC202,RC,2
28,1.0,0.3902439024390244,0.4,0.043067846607669616,0.07846607669616519,0.0029498525073746312,RC202,RC,2
29,0.968421052631579,0.32926829268292684,0.2,0.043952802359882005,0.07935103244837759,0.0029498525073746312,RC202,RC,2
30,0.9473684210526315,0.3902439024390244,0.2,0.057227138643067846,0.09262536873156342,0.0029498525073746312,RC202,RC,2
31,0.9263157894736842,0.32926829268292684,0.2,0.07256637168141593,0.1079646017699115,0.0029498525073746312,RC202,RC,2
32,0.9263157894736842,0.3902439024390244,0.4,0.0,0.2651917404129793,0.0029498525073746312,RC202,RC,2
33,0.9157894736842105,0.32926829268292684,0.2,0.1831858407079646,0.21858407079646017,0.0029498525073746312,RC202,RC,2
34,0.8947368421052632,0.2682926829268293,0.2,0.02359882005899705,0.058997050147492625,0.0029498525073746312,RC202,RC,2
35,0.8947368421052632,0.3902439024390244,0.6,0.0,0.26607669616519175,0.0029498525073746312,RC202,RC,2
36,0.7052631578947368,1.0,0.4,0.19380530973451326,0.22920353982300884,0.0029498525073746312,RC202,RC,2
37,0.6842105263157895,1.0,0.8,0.012684365781710914,0.04808259587020649,0.0029498525073746312,RC202,RC,2
38,0.6842105263157895,0.9634146341463414,0.2,0.0,0.268141592920354,0.0029498525073746312,RC202,RC,2
39,0.6526315789473685,0.9390243902439024,0.6,0.08200589970501475,0.11740412979351032,0.0029498525073746312,RC202,RC,2
40,0.631578947368421,0.9390243902439024,0.2,0.01887905604719764,0.054277286135693215,0.0029498525073746312,RC202,RC,2
41,0.631578947368421,1.0,0.6,0.09705014749262537,0.13244837758112094,0.0029498525073746312,RC202,RC,2
42,0.6105263157894737,0.8780487804878049,0.4,0.11091445427728613,0.1463126843657817,0.0029498525073746312,RC202,RC,2
43,0.5789473684210527,0.9390243902439024,0.2,0.009734513274336283,0.04513274336283186,0.0029498525073746312,RC202,RC,2
44,0.5789473684210527,1.0,0.4,0.16932153392330385,0.20471976401179942,0.0029498525073746312,RC202,RC,2
45,0.5789473684210527,0.9634146341463414,0.2,0.0640117994100295,0.09941002949852508,0.0029498525073746312,RC202,RC,2
46,0.21052631578947367,0.9634146341463414,0.2,0.010914454277286136,0.04631268436578171,0.0029498525073746312,RC202,RC,2
47,0.18947368421052632,0.9390243902439024,0.2,0.14424778761061946,0.17964601769911503,0.0029498525073746312,RC202,RC,2
48,0.021052631578947368,0.5121951219512195,0.2,0.030973451327433628,0.06637168141592921,0.0029498525073746312,RC202,RC,2
49,0.4421052631578947,0.024390243902439025,0.2,0.0,0.26666666666666666,0.0029498525073746312,RC202,RC,2
50,0.4421052631578947,0.10975609756097561,0.2,0.12979351032448377,0.16519174041297935,0.0029498525073746312,RC202,RC,2
51,0.7578947368421053,0.3902439024390244,0.6,0.0,0.2696165191740413,0.0029498525073746312,RC202,RC,2
52,0.5789473684210527,0.2073170731707317,0.38,0.09616519174041298,0.13156342182890857,0.0029498525073746312,RC202,RC,2
53,0.2631578947368421,0.32926829268292684,0.06,0.0,0.2728613569321534,0.0029498525073746312,RC202,RC,2
54,0.21052631578947367,0.573170731707317,0.1,0.11061946902654868,0.14601769911504425,0.0029498525073746312,RC202,RC,2
55,0.5789473684210527,0.6951219512195121,0.32,0.17728613569321533,0.2126843657817109,0.0029498525073746312,RC202,RC,2
56,0.3157894736842105,0.6951219512195121,0.32,0.17669616519174042,0.212094395280236,0.0029498525073746312,RC202,RC,2
57,0.5263157894736842,0.3902439024390244,0.38,0.16430678466076695,0.19970501474926253,0.0029498525073746312,RC202,RC,2
58,0.3157894736842105,0.2682926829268293,0.46,0.11710914454277287,0.15250737463126843,0.0029498525073746312,RC202,RC,2
59,0.15789473684210525,0.08536585365853659,0.4,0.23067846607669618,0.26607669616519175,0.0029498525073746312,RC202,RC,2
60,0.10526315789473684,0.2073170731707317,0.38,0.0,0.26755162241887903,0.0029498525073746312,RC202,RC,2
61,0.15789473684210525,0.6951219512195121,0.34,0.20471976401179942,0.240117994100295,0.0029498525073746312,RC202,RC,2
62,0.47368421052631576,0.7560975609756098,0.18,0.07610619469026549,0.11150442477876106,0.0029498525073746312,RC202,RC,2
63,0.6842105263157895,0.3902439024390244,0.06,0.04926253687315634,0.08466076696165192,0.0029498525073746312,RC202,RC,2
64,0.6842105263157895,0.2073170731707317,0.12,0.011504424778761062,0.046902654867256637,0.0029498525073746312,RC202,RC,2
65,0.47368421052631576,0.32926829268292684,0.34,0.056342182890855456,0.09174041297935104,0.0029498525073746312,RC202,RC,2
66,0.3684210526315789,0.45121951219512196,0.32,0.0032448377581120944,0.03864306784660767,0.0029498525073746312,RC202,RC,2
67,0.43157894736842106,0.4146341463414634,0.32,0.16696165191740414,0.20235988200589972,0.0029498525073746312,RC202,RC,2
68,0.6736842105263158,0.47560975609756095,0.18,0.07905604719764012,0.11445427728613569,0.0029498525073746312,RC202,RC,2
69,0.42105263157894735,0.6951219512195121,0.42,0.18053097345132743,0.215929203539823,0.0029498525073746312,RC202,RC,2
70,0.3263157894736842,0.5975609756097561,0.54,0.04631268436578171,0.08171091445427729,0.0029498525073746312,RC202,RC,2
71,0.3684210526315789,0.8048780487804879,0.46,0.23893805309734514,0.2743362831858407,0.0029498525073746312,RC202,RC,2
72,0.6842105263157895,0.6341463414634146,0.28,0.07109144542772862,0.1064896755162242,0.0029498525073746312,RC202,RC,2
73,0.6631578947368421,0.7560975609756098,0.16,0.0,0.271976401179941,0.0029498525073746312,RC202,RC,2
74,0.021052631578947368,0.6951219512195121,0.1,0.08436578171091445,0.11976401179941003,0.0029498525073746312,RC202,RC,2
75,0.21052631578947367,0.2073170731707317,0.16,0.1902654867256637,0.22566371681415928,0.0029498525073746312,RC202,RC,2
76,0.05263157894736842,0.024390243902439025,0.32,0.0,0.26312684365781713,0.0029498525073746312,RC202,RC,2
77,0.631578947368421,0.10975609756097561,0.62,0.07905604719764012,0.11445427728613569,0.0029498525073746312,RC202,RC,2
78,0.24210526315789474,0.0,0.14,0.22536873156342183,0.26076696165191743,0.0029498525073746312,RC202,RC,2
79,0.08421052631578947,0.6463414634146342,0.54,0.10766961651917405,0.1430678466076696,0.0029498525073746312,RC202,RC,2
80,0.06315789473684211,0.7926829268292683,0.6,0.10383480825958702,0.1392330383480826,0.0029498525073746312,RC202,RC,2
81,0.49473684210526314,0.5365853658536586,0.26,0.2424778761061947,0.2778761061946903,0.0029498525073746312,RC202,RC,2
82,0.5157894736842106,0.6707317073170732,0.2,0.10471976401179942,0.140117994100295,0.0029498525073746312,RC202,RC,2
83,0.28421052631578947,0.4878048780487805,0.18,0.0,0.275811209439528,0.0029498525073746312,RC202,RC,2
84,0.3894736842105263,0.34146341463414637,0.28,0.0,0.2743362831858407,0.0029498525073746312,RC202,RC,2
85,0.6,0.3170731707317073,0.36,0.11651917404129794,0.15191740412979352,0.0029498525073746312,RC202,RC,2
86,0.6631578947368421,0.24390243902439024,0.04,0.0,0.2696165191740413,0.0029498525073746312,RC202,RC,2
87,0.22105263157894736,0.25609756097560976,0.56,0.10294985250737464,0.1383480825958702,0.0029498525073746312,RC202,RC,2
88,0.12631578947368421,0.25609756097560976,0.26,0.10589970501474927,0.14129793510324484,0.0029498525073746312,RC202,RC,2
89,0.25263157894736843,0.6707317073170732,0.38,0.07669616519174041,0.11209439528023599,0.0029498525073746312,RC202,RC,2
90,0.7052631578947368,0.024390243902439025,0.5,0.2103244837758112,0.24572271386430677,0.0029498525073746312,RC202,RC,2
91,0.3894736842105263,0.5365853658536586,0.12,0.10589970501474927,0.14129793510324484,0.0029498525073746312,RC202,RC,2
92,0.5157894736842106,0.47560975609756095,0.26,0.0,0.27640117994100294,0.0029498525073746312,RC202,RC,2
93,0.5578947368421052,0.4878048780487805,0.28,0.004129793510324484,0.03952802359882006,0.0029498525073746312,RC202,RC,2
94,0.6421052631578947,0.5975609756097561,0.06,0.2383480825958702,0.2737463126843658,0.0029498525073746312,RC202,RC,2
95,0.6,0.5487804878048781,0.46,0.0,0.27492625368731566,0.0029498525073746312,RC202,RC,2
96,0.5894736842105263,0.4146341463414634,0.12,0.0,0.27404129793510323,0.0029498525073746312,RC202,RC,2
97,0.5789473684210527,0.6219512195121951,0.52,0.0,0.27551622418879057,0.0029498525073746312,RC202,RC,2
98,0.042105263157894736,0.18292682926829268,0.7,0.16135693215339234,0.1967551622418879,0.0029498525073746312,RC202,RC,2
99,0.2736842105263158,0.5975609756097561,0.18,0.0,0.275811209439528,0.0029498525073746312,RC202,RC,2
100,0.2736842105263158,0.3902439024390244,0.3,0.09085545722713864,0.12625368731563422,0.0029498525073746312,RC202,RC,2
101,0.3263157894736842,0.7804878048780488,0.06,0.23893805309734514,0.2743362831858407,0.0029498525073746312,RC202,RC,2
1,0.42105263157894735,0.573170731707317,0.0,0.0,0.2831858407079646,0.0,RC203,RC,2
2,0.2631578947368421,1.0,0.4,0.0,0.2687315634218289,0.0029498525073746312,RC203,RC,2
3,0.23157894736842105,0.8780487804878049,0.6,0.0,0.2710914454277286,0.0029498525073746312,RC203,RC,2
4,0.23157894736842105,1.0,0.2,0.0,0.26843657817109146,0.0029498525073746312,RC203,RC,2
5,0.21052631578947367,0.9390243902439024,0.8,0.18997050147492625,0.22536873156342183,0.0029498525073746312,RC203,RC,2
6,0.21052631578947367,1.0,0.4,0.0,0.268141592920354,0.0029498525073746312,RC203,RC,2
7,0.18947368421052632,0.8780487804878049,0.4,0.11445427728613569,0.14985250737463127,0.0029498525073746312,RC203,RC,2
8,0.15789473684210525,0.8780487804878049,0.4,0.0,0.2696165191740413,0.0029498525073746312,RC203,RC,2
9,0.15789473684210525,0.9390243902439024,0.2,0.10825958702064897,0.14365781710914455,0.0029498525073746312,RC203,RC,2
10,0.10526315789473684,0.3902439024390244,0.4,0.10943952802359883,0.1448377581120944,0.0029498525073746312,RC203,RC,2
11,0.10526315789473684,0.45121951219512196,0.6,0.15309734513274337,0.18849557522123894,0.0029498525073746312,RC203,RC,2
12,0.08421052631578947,0.45121951219512196,0.8,0.05752212389380531,0.09292035398230089,0.0029498525073746312,RC203,RC,2
13,0.08421052631578947,0.5121951219512195,0.4,0.0,0.2705014749262537,0.0029498525073746312,RC203,RC,2
14,0.05263157894736842,0.3902439024390244,0.2,0.1926253687315634,0.228023598820059,0.0029498525073746312,RC203,RC,2
15,0.05263157894736842,0.5121951219512195,0.2,0.0,0.2696165191740413,0.0029498525073746312,RC203,RC,2
16,0.021052631578947368,0.45121951219512196,0.4,0.05132743362831858,0.08672566371681416,0.0029498525073746312,RC203,RC,2
17,0.0,0.45121951219512196,0.4,0.0,0.26784660766961654,0.0029498525073746312,RC203,RC,2
18,0.0,0.5121951219512195,0.4,0.20737463126843658,0.24277286135693216,0.0029498525073746312,RC203,RC,2
19,0.4631578947368421,0.024390243902439025,0.4,0.0,0.26666666666666666,0.0029498525073746312,RC203,RC,2
20,0.4421052631578947,0.08536585365853659,0.8,0.0,0.268141592920354,0.0029498525073746312,RC203,RC,2
21,0.4421052631578947,0.14634146341463414,0.2,0.0,0.2696165191740413,0.0029498525073746312,RC203,RC,2
22,0.42105263157894735,0.024390243902439025,0.2,0.0,0.2669616519174041,0.0029498525073746312,RC203,RC,2
23,0.42105263157894735,0.14634146341463414,0.8,0.11061946902654868,0.14601769911504425,0.0029498525073746312,RC203,RC,2
24,0.4,0.024390243902439025,0.6,0.05929203539823009,0.09469026548672567,0.0029498525073746312,RC203,RC,2
25,0.4,0.14634146341463414,0.2,0.0,0.2696165191740413,0.0029498525073746312,RC203,RC,2
26,0.3684210526315789,0.024390243902439025,0.4,0.2312684365781711,0.26666666666666666,0.0029498525073746312,RC203,RC,2
27,1.0,0.32926829268292684,0.6,0.0,0.2628318584070796,0.0029498525073746312,RC203,RC,2
28,1.0,0.3902439024390244,0.4,0.043067846607669616,0.07846607669616519,0.0029498525073746312,RC203,RC,2
29,0.968421052631579,0.32926829268292684,0.2,0.0,0.26371681415929205,0.0029498525073746312,RC203,RC,2
30,0.9473684210526315,0.3902439024390244,0.2,0.0,0.2646017699115044,0.0029498525073746312,RC203,RC,2
31,0.9263157894736842,0.32926829268292684,0.2,0.07256637168141593,0.1079646017699115,0.0029498525073746312,RC203,RC,2
32,0.9263157894736842,0.3902439024390244,0.4,0.0,0.2651917404129793,0.0029498525073746312,RC203,RC,2
33,0.9157894736842105,0.32926829268292684,0.2,0.0,0.26489675516224187,0.0029498525073746312,RC203,RC,2
34,0.8947368421052632,0.2682926829268293,0.2,0.02359882005899705,0.058997050147492625,0.0029498525073746312,RC203,RC,2
35,0.8947368421052632,0.3902439024390244,0.6,0.0,0.26607669616519175,0.0029498525073746312,RC203,RC,2
36,0.7052631578947368,1.0,0.4,0.19380530973451326,0.22920353982300884,0.0029498525073746312,RC203,RC,2
37,0.6842105263157895,1.0,0.8,0.012684365781710914,0.04808259587020649,0.0029498525073746312,RC203,RC,2
38,0.6842105263157895,0.9634146341463414,0.2,0.0,0.268141592920354,0.0029498525073746312,RC203,RC,2
39,0.6526315789473685,0.9390243902439024,0.6,0.08200589970501475,0.11740412979351032,0.0029498525073746312,RC203,RC,2
40,0.631578947368421,0.9390243902439024,0.2,0.01887905604719764,0.054277286135693215,0.0029498525073746312,RC203,RC,2
41,0.631578947368421,1.0,0.6,0.09705014749262537,0.13244837758112094,0.0029498525073746312,RC203,RC,2
42,0.6105263157894737,0.8780487804878049,0.4,0.11091445427728613,0.1463126843657817,0.0029498525073746312,RC203,RC,2
43,0.5789473684210527,0.9390243902439024,0.2,0.009734513274336283,0.04513274336283186,0.0029498525073746312,RC203,RC,2
44,0.5789473684210527,1.0,0.4,0.0,0.2687315634218289,0.0029498525073746312,RC203,RC,2
45,0.5789473684210527,0.9634146341463414,0.2,0.0640117994100295,0.09941002949852508,0.0029498525073746312,RC203,RC,2
46,0.21052631578947367,0.9634146341463414,0.2,0.010914454277286136,0.04631268436578171,0.0029498525073746312,RC203,RC,2
47,0.18947368421052632,0.9390243902439024,0.2,0.0,0.26902654867256637,0.0029498525073746312,RC203,RC,2
48,0.021052631578947368,0.5121951219512195,0.2,0.0,0.2687315634218289,0.0029498525073746312,RC203,RC,2
49,0.4421052631578947,0.024390243902439025,0.2,0.0,0.26666666666666666,0.0029498525073746312,RC203,RC,2
50,0.4421052631578947,0.10975609756097561,0.2,0.12979351032448377,0.16519174041297935,0.0029498525073746312,RC203,RC,2
51,0.7578947368421053,0.3902439024390244,0.6,0.0,0.2696165191740413,0.0029498525073746312,RC203,RC,2
52,0.5789473684210527,0.2073170731707317,0.38,0.0,0.27020648967551625,0.0029498525073746312,RC203,RC,2
53,0.2631578947368421,0.32926829268292684,0.06,0.0,0.2728613569321534,0.0029498525073746312,RC203,RC,2
54,0.21052631578947367,0.573170731707317,0.1,0.11061946902654868,0.14601769911504425,0.0029498525073746312,RC203,RC,2
55,0.5789473684210527,0.6951219512195121,0.32,0.0,0.27463126843657815,0.0029498525073746312,RC203,RC,2
56,0.3157894736842105,0.6951219512195121,0.32,0.17669616519174042,0.212094395280236,0.0029498525073746312,RC203,RC,2
57,0.5263157894736842,0.3902439024390244,0.38,0.16430678466076695,0.19970501474926253,0.0029498525073746312,RC203,RC,2
58,0.3157894736842105,0.2682926829268293,0.46,0.0,0.27227138643067844,0.0029498525073746312,RC203,RC,2
59,0.15789473684210525,0.08536585365853659,0.4,0.23067846607669618,0.26607669616519175,0.0029498525073746312,RC203,RC,2
60,0.10526315789473684,0.2073170731707317,0.38,0.0,0.26755162241887903,0.0029498525073746312,RC203,RC,2
61,0.15789473684210525,0.6951219512195121,0.34,0.0,0.27227138643067844,0.0029498525073746312,RC203,RC,2
62,0.47368421052631576,0.7560975609756098,0.18,0.0,0.27551622418879057,0.0029498525073746312,RC203,RC,2
63,0.6842105263157895,0.3902439024390244,0.06,0.04926253687315634,0.08466076696165192,0.0029498525073746312,RC203,RC,2
64,0.6842105263157895,0.2073170731707317,0.12,0.0,0.26843657817109146,0.0029498525073746312,RC203,RC,2
65,0.47368421052631576,0.32926829268292684,0.34,0.056342182890855456,0.09174041297935104,0.0029498525073746312,RC203,RC,2
66,0.3684210526315789,0.45121951219512196,0.32,0.0032448377581120944,0.03864306784660767,0.0029498525073746312,RC203,RC,2
67,0.43157894736842106,0.4146341463414634,0.32,0.16696165191740414,0.20235988200589972,0.0029498525073746312,RC203,RC,2
68,0.6736842105263158,0.47560975609756095,0.18,0.07905604719764012,0.11445427728613569,0.0029498525073746312,RC203,RC,2
69,0.42105263157894735,0.6951219512195121,0.42,0.18053097345132743,0.215929203539823,0.0029498525073746312,RC203,RC,2
70,0.3263157894736842,0.5975609756097561,0.54,0.04631268436578171,0.08171091445427729,0.0029498525073746312,RC203,RC,2
71,0.3684210526315789,0.8048780487804879,0.46,0.23893805309734514,0.2743362831858407,0.0029498525073746312,RC203,RC,2
72,0.6842105263157895,0.6341463414634146,0.28,0.0,0.27256637168141595,0.0029498525073746312,RC203,RC,2
73,0.6631578947368421,0.7560975609756098,0.16,0.0,0.271976401179941,0.0029498525073746312,RC203,RC,2
74,0.021052631578947368,0.6951219512195121,0.1,0.0,0.26843657817109146,0.0029498525073746312,RC203,RC,2
75,0.21052631578947367,0.2073170731707317,0.16,0.1902654867256637,0.22566371681415928,0.0029498525073746312,RC203,RC,2
76,0.05263157894736842,0.024390243902439025,0.32,0.0,0.26312684365781713,0.0029498525073746312,RC203,RC,2
77,0.631578947368421,0.10975609756097561,0.62,0.07905604719764012,0.11445427728613569,0.0029498525073746312,RC203,RC,2
78,0.24210526315789474,0.0,0.14,0.22536873156342183,0.26076696165191743,0.0029498525073746312,RC203,RC,2
79,0.08421052631578947,0.6463414634146342,0.54,0.10766961651917405,0.1430678466076696,0.0029498525073746312,RC203,RC,2
80,0.06315789473684211,0.7926829268292683,0.6,0.10383480825958702,0.1392330383480826,0.0029498525073746312,RC203,RC,2
81,0.49473684210526314,0.5365853658536586,0.26,0.2424778761061947,0.2778761061946903,0.0029498525073746312,RC203,RC,2
82,0.5157894736842106,0.6707317073170732,0.2,0.0,0.27640117994100294,0.0029498525073746312,RC203,RC,2
83,0.28421052631578947,0.4878048780487805,0.18,0.0,0.275811209439528,0.0029498525073746312,RC203,RC,2
84,0.3894736842105263,0.34146341463414637,0.28,0.0,0.2743362831858407,0.0029498525073746312,RC203,RC,2
85,0.6,0.3170731707317073,0.36,0.11651917404129794,0.15191740412979352,0.0029498525073746312,RC203,RC,2
86,0.6631578947368421,0.24390243902439024,0.04,0.0,0.2696165191740413,0.0029498525073746312,RC203,RC,2
87,0.22105263157894736,0.25609756097560976,0.56,0.0,0.2705014749262537,0.0029498525073746312,RC203,RC,2
88,0.12631578947368421,0.25609756097560976,0.26,0.10589970501474927,0.14129793510324484,0.0029498525073746312,RC203,RC,2
89,0.25263157894736843,0.6707317073170732,0.38,0.07669616519174041,0.11209439528023599,0.0029498525073746312,RC203,RC,2
90,0.7052631578947368,0.024390243902439025,0.5,0.0,0.2646017699115044,0.0029498525073746312,RC203,RC,2
91,0.3894736842105263,0.5365853658536586,0.12,0.0,0.27876106194690264,0.0029498525073746312,RC203,RC,2
92,0.5157894736842106,0.47560975609756095,0.26,0.0,0.27640117994100294,0.0029498525073746312,RC203,RC,2
93,0.5578947368421052,0.4878048780487805,0.28,0.004129793510324484,0.03952802359882006,0.0029498525073746312,RC203,RC,2
94,0.6421052631578947,0.5975609756097561,0.06,0.2383480825958702,0.2737463126843658,0.0029498525073746312,RC203,RC,2
95,0.6,0.5487804878048781,0.46,0.0,0.27492625368731566,0.0029498525073746312,RC203,RC,2
96,0.5894736842105263,0.4146341463414634,0.12,0.0,0.27404129793510323,0.0029498525073746312,RC203,RC,2
97,0.5789473684210527,0.6219512195121951,0.52,0.0,0.27551622418879057,0.0029498525073746312,RC203,RC,2
98,0.042105263157894736,0.18292682926829268,0.7,0.0,0.2657817109144543,0.0029498525073746312,RC203,RC,2
99,0.2736842105263158,0.5975609756097561,0.18,0.0,0.275811209439528,0.0029498525073746312,RC203,RC,2
100,0.2736842105263158,0.3902439024390244,0.3,0.09085545722713864,0.12625368731563422,0.0029498525073746312,RC203,RC,2
101,0.3263157894736842,0.7804878048780488,0.06,0.23893805309734514,0.2743362831858407,0.0029498525073746312,RC203,RC,2
1,0.42105263157894735,0.573170731707317,0.0,0.0,0.2831858407079646,0.0,RC204,RC,2
2,0.2631578947368421,1.0,0.4,0.0,0.2687315634218289,0.0029498525073746312,RC204,RC,2
3,0.23157894736842105,0.8780487804878049,0.6,0.0,0.2710914454277286,0.0029498525073746312,RC204,RC,2
4,0.23157894736842105,1.0,0.2,0.0,0.26843657817109146,0.0029498525073746312,RC204,RC,2
5,0.21052631578947367,0.9390243902439024,0.8,0.18997050147492625,0.22536873156342183,0.0029498525073746312,RC204,RC,2
6,0.21052631578947367,1.0,0.4,0.0,0.268141592920354,0.0029498525073746312,RC204,RC,2
7,0.18947368421052632,0.8780487804878049,0.4,0.0,0.27020648967551625,0.0029498525073746312,RC204,RC,2
8,0.15789473684210525,0.8780487804878049,0.4,0.0,0.2696165191740413,0.0029498525073746312,RC204,RC,2
9,0.15789473684210525,0.9390243902439024,0.2,0.10825958702064897,0.14365781710914455,0.0029498525073746312,RC204,RC,2
10,0.10526315789473684,0.3902439024390244,0.4,0.10943952802359883,0.1448377581120944,0.0029498525073746312,RC204,RC,2
11,0.10526315789473684,0.45121951219512196,0.6,0.0,0.27079646017699116,0.0029498525073746312,RC204,RC,2
12,0.08421052631578947,0.45121951219512196,0.8,0.05752212389380531,0.09292035398230089,0.0029498525073746312,RC204,RC,2
13,0.08421052631578947,0.5121951219512195,0.4,0.0,0.2705014749262537,0.0029498525073746312,RC204,RC,2
14,0.05263157894736842,0.3902439024390244,0.2,0.1926253687315634,0.228023598820059,0.0029498525073746312,RC204,RC,2
15,0.05263157894736842,0.5121951219512195,0.2,0.0,0.2696165191740413,0.0029498525073746312,RC204,RC,2
16,0.021052631578947368,0.45121951219512196,0.4,0.05132743362831858,0.08672566371681416,0.0029498525073746312,RC204,RC,2
17,0.0,0.45121951219512196,0.4,0.0,0.26784660766961654,0.0029498525073746312,RC204,RC,2
18,0.0,0.5121951219512195,0.4,0.0,0.268141592920354,0.0029498525073746312,RC204,RC,2
19,0.4631578947368421,0.024390243902439025,0.4,0.0,0.26666666666666666,0.0029498525073746312,RC204,RC,2
20,0.4421052631578947,0.08536585365853659,0.8,0.0,0.268141592920354,0.0029498525073746312,RC204,RC,2
21,0.4421052631578947,0.14634146341463414,0.2,0.0,0.2696165191740413,0.0029498525073746312,RC204,RC,2
22,0.42105263157894735,0.024390243902439025,0.2,0.0,0.2669616519174041,0.0029498525073746312,RC204,RC,2
23,0.42105263157894735,0.14634146341463414,0.8,0.0,0.26991150442477874,0.0029498525073746312,RC204,RC,2
24,0.4,0.024390243902439025,0.6,0.05929203539823009,0.09469026548672567,0.0029498525073746312,RC204,RC,2
25,0.4,0.14634146341463414,0.2,0.0,0.2696165191740413,0.0029498525073746312,RC204,RC,2
26,0.3684210526315789,0.024390243902439025,0.4,0.2312684365781711,0.26666666666666666,0.0029498525073746312,RC204,RC,2
27,1.0,0.32926829268292684,0.6,0.0,0.2628318584070796,0.0029498525073746312,RC204,RC,2
28,1.0,0.3902439024390244,0.4,0.0,0.26312684365781713,0.0029498525073746312,RC204,RC,2
29,0.968421052631579,0.32926829268292684,0.2,0.0,0.26371681415929205,0.0029498525073746312,RC204,RC,2
30,0.9473684210526315,0.3902439024390244,0.2,0.0,0.2646017699115044,0.0029498525073746312,RC204,RC,2
31,0.9263157894736842,0.32926829268292684,0.2,0.0,0.26489675516224187,0.0029498525073746312,RC204,RC,2
32,0.9263157894736842,0.3902439024390244,0.4,0.0,0.2651917404129793,0.0029498525073746312,RC204,RC,2
33,0.9157894736842105,0.32926829268292684,0.2,0.0,0.26489675516224187,0.0029498525073746312,RC204,RC,2
34,0.8947368421052632,0.2682926829268293,0.2,0.0,0.26489675516224187,0.0029498525073746312,RC204,RC,2
35,0.8947368421052632,0.3902439024390244,0.6,0.0,0.26607669616519175,0.0029498525073746312,RC204,RC,2
36,0.7052631578947368,1.0,0.4,0.0,0.2669616519174041,0.0029498525073746312,RC204,RC,2
37,0.6842105263157895,1.0,0.8,0.0,0.2672566371681416,0.0029498525073746312,RC204,RC,2
38,0.6842105263157895,0.9634146341463414,0.2,0.0,0.268141592920354,0.0029498525073746312,RC204,RC,2
39,0.6526315789473685,0.9390243902439024,0.6,0.08200589970501475,0.11740412979351032,0.0029498525073746312,RC204,RC,2
40,0.631578947368421,0.9390243902439024,0.2,0.0,0.2693215339233038,0.0029498525073746312,RC204,RC,2
41,0.631578947368421,1.0,0.6,0.0,0.268141592920354,0.0029498525073746312,RC204,RC,2
42,0.6105263157894737,0.8780487804878049,0.4,0.0,0.2710914454277286,0.0029498525073746312,RC204,RC,2
43,0.5789473684210527,0.9390243902439024,0.2,0.0,0.27020648967551625,0.0029498525073746312,RC204,RC,2
44,0.5789473684210527,1.0,0.4,0.0,0.2687315634218289,0.0029498525073746312,RC204,RC,2
45,0.5789473684210527,0.9634146341463414,0.2,0.0640117994100295,0.09941002949852508,0.0029498525073746312,RC204,RC,2
46,0.21052631578947367,0.9634146341463414,0.2,0.0,0.26902654867256637,0.0029498525073746312,RC204,RC,2
47,0.18947368421052632,0.9390243902439024,0.2,0.0,0.26902654867256637,0.0029498525073746312,RC204,RC,2
48,0.021052631578947368,0.5121951219512195,0.2,0.0,0.2687315634218289,0.0029498525073746312,RC204,RC,2
49,0.4421052631578947,0.024390243902439025,0.2,0.0,0.26666666666666666,0.0029498525073746312,RC204,RC,2
50,0.4421052631578947,0.10975609756097561,0.2,0.0,0.2687315634218289,0.0029498525073746312,RC204,RC,2
51,0.7578947368421053,0.3902439024390244,0.6,0.0,0.2696165191740413,0.0029498525073746312,RC204,RC,2
52,0.5789473684210527,0.2073170731707317,0.38,0.0,0.27020648967551625,0.0029498525073746312,RC204,RC,2
53,0.2631578947368421,0.32926829268292684,0.06,0.0,0.2728613569321534,0.0029498525073746312,RC204,RC,2
54,0.21052631578947367,0.573170731707317,0.1,0.11061946902654868,0.14601769911504425,0.0029498525073746312,RC204,RC,2
55,0.5789473684210527,0.6951219512195121,0.32,0.0,0.27463126843657815,0.0029498525073746312,RC204,RC,2
56,0.3157894736842105,0.6951219512195121,0.32,0.17669616519174042,0.212094395280236,0.0029498525073746312,RC204,RC,2
57,0.5263157894736842,0.3902439024390244,0.38,0.0,0.27463126843657815,0.0029498525073746312,RC204,RC,2
58,0.3157894736842105,0.2682926829268293,0.46,0.0,0.27227138643067844,0.0029498525073746312,RC204,RC,2
59,0.15789473684210525,0.08536585365853659,0.4,0.23067846607669618,0.26607669616519175,0.0029498525073746312,RC204,RC,2
60,0.10526315789473684,0.2073170731707317,0.38,0.0,0.26755162241887903,0.0029498525073746312,RC204,RC,2
61,0.15789473684210525,0.6951219512195121,0.34,0.0,0.27227138643067844,0.0029498525073746312,RC204,RC,2
62,0.47368421052631576,0.7560975609756098,0.18,0.0,0.27551622418879057,0.0029498525073746312,RC204,RC,2
63,0.6842105263157895,0.3902439024390244,0.06,0.04926253687315634,0.08466076696165192,0.0029498525073746312,RC204,RC,2
64,0.6842105263157895,0.2073170731707317,0.12,0.0,0.26843657817109146,0.0029498525073746312,RC204,RC,2
65,0.47368421052631576,0.32926829268292684,0.34,0.0,0.27404129793510323,0.0029498525073746312,RC204,RC,2
66,0.3684210526315789,0.45121951219512196,0.32,0.0,0.2766961651917404,0.0029498525073746312,RC204,RC,2
67,0.43157894736842106,0.4146341463414634,0.32,0.0,0.2761061946902655,0.0029498525073746312,RC204,RC,2
68,0.6736842105263158,0.47560975609756095,0.18,0.07905604719764012,0.11445427728613569,0.0029498525073746312,RC204,RC,2
69,0.42105263157894735,0.6951219512195121,0.42,0.0,0.27728613569321536,0.0029498525073746312,RC204,RC,2
70,0.3263157894736842,0.5975609756097561,0.54,0.04631268436578171,0.08171091445427729,0.0029498525073746312,RC204,RC,2
71,0.3684210526315789,0.8048780487804879,0.46,0.0,0.2743362831858407,0.0029498525073746312,RC204,RC,2
72,0.6842105263157895,0.6341463414634146,0.28,0.0,0.27256637168141595,0.0029498525073746312,RC204,RC,2
73,0.6631578947368421,0.7560975609756098,0.16,0.0,0.271976401179941,0.0029498525073746312,RC204,RC,2
74,0.021052631578947368,0.6951219512195121,0.1,0.0,0.26843657817109146,0.0029498525073746312,RC204,RC,2
75,0.21052631578947367,0.2073170731707317,0.16,0.1902654867256637,0.22566371681415928,0.0029498525073746312,RC204,RC,2
76,0.05263157894736842,0.024390243902439025,0.32,0.0,0.26312684365781713,0.0029498525073746312,RC204,RC,2
77,0.631578947368421,0.10975609756097561,0.62,0.07905604719764012,0.11445427728613569,0.0029498525073746312,RC204,RC,2
78,0.24210526315789474,0.0,0.14,0.22536873156342183,0.26076696165191743,0.0029498525073746312,RC204,RC,2
79,0.08421052631578947,0.6463414634146342,0.54,0.0,0.2705014749262537,0.0029498525073746312,RC204,RC,2
80,0.06315789473684211,0.7926829268292683,0.6,0.10383480825958702,0.1392330383480826,0.0029498525073746312,RC204,RC,2
81,0.49473684210526314,0.5365853658536586,0.26,0.0,0.2778761061946903,0.0029498525073746312,RC204,RC,2
82,0.5157894736842106,0.6707317073170732,0.2,0.0,0.27640117994100294,0.0029498525073746312,RC204,RC,2
83,0.28421052631578947,0.4878048780487805,0.18,0.0,0.275811209439528,0.0029498525073746312,RC204,RC,2
84,0.3894736842105263,0.34146341463414637,0.28,0.0,0.2743362831858407,0.0029498525073746312,RC204,RC,2
85,0.6,0.3170731707317073,0.36,0.11651917404129794,0.15191740412979352,0.0029498525073746312,RC204,RC,2
86,0.6631578947368421,0.24390243902439024,0.04,0.0,0.2696165191740413,0.0029498525073746312,RC204,RC,2
87,0.22105263157894736,0.25609756097560976,0.56,0.0,0.2705014749262537,0.0029498525073746312,RC204,RC,2
88,0.12631578947368421,0.25609756097560976,0.26,0.10589970501474927,0.14129793510324484,0.0029498525073746312,RC204,RC,2
89,0.25263157894736843,0.6707317073170732,0.38,0.0,0.27492625368731566,0.0029498525073746312,RC204,RC,2
90,0.7052631578947368,0.024390243902439025,0.5,0.0,0.2646017699115044,0.0029498525073746312,RC204,RC,2
91,0.3894736842105263,0.5365853658536586,0.12,0.0,0.27876106194690264,0.0029498525073746312,RC204,RC,2
92,0.5157894736842106,0.47560975609756095,0.26,0.0,0.27640117994100294,0.0029498525073746312,RC204,RC,2
93,0.5578947368421052,0.4878048780487805,0.28,0.004129793510324484,0.03952802359882006,0.0029498525073746312,RC204,RC,2
94,0.6421052631578947,0.5975609756097561,0.06,0.0,0.2737463126843658,0.0029498525073746312,RC204,RC,2
95,0.6,0.5487804878048781,0.46,0.0,0.27492625368731566,0.0029498525073746312,RC204,RC,2
96,0.5894736842105263,0.4146341463414634,0.12,0.0,0.27404129793510323,0.0029498525073746312,RC204,RC,2
97,0.5789473684210527,0.6219512195121951,0.52,0.0,0.27551622418879057,0.0029498525073746312,RC204,RC,2
98,0.042105263157894736,0.18292682926829268,0.7,0.0,0.2657817109144543,0.0029498525073746312,RC204,RC,2
99,0.2736842105263158,0.5975609756097561,0.18,0.0,0.275811209439528,0.0029498525073746312,RC204,RC,2
100,0.2736842105263158,0.3902439024390244,0.3,0.09085545722713864,0.12625368731563422,0.0029498525073746312,RC204,RC,2
101,0.3263157894736842,0.7804878048780488,0.06,0.23893805309734514,0.2743362831858407,0.0029498525073746312,RC204,RC,2
1,0.42105263157894735,0.573170731707317,0.0,0.0,0.2831858407079646,0.0,RC205,RC,2
2,0.2631578947368421,1.0,0.4,0.1271386430678466,0.2687315634218289,0.0029498525073746312,RC205,RC,2
3,0.23157894736842105,0.8780487804878049,0.6,0.008849557522123894,0.1504424778761062,0.0029498525073746312,RC205,RC,2
4,0.23157894736842105,1.0,0.2,0.08584070796460178,0.22743362831858407,0.0029498525073746312,RC205,RC,2
5,0.21052631578947367,0.9390243902439024,0.8,0.19882005899705016,0.21651917404129795,0.0029498525073746312,RC205,RC,2
6,0.21052631578947367,1.0,0.4,0.011799410029498525,0.15339233038348082,0.0029498525073746312,RC205,RC,2
7,0.18947368421052632,0.8780487804878049,0.4,0.11592920353982301,0.1480825958702065,0.0029498525073746312,RC205,RC,2
8,0.15789473684210525,0.8780487804878049,0.4,0.035398230088495575,0.17699115044247787,0.0029498525073746312,RC205,RC,2
9,0.15789473684210525,0.9390243902439024,0.2,0.11710914454277287,0.13480825958702064,0.0029498525073746312,RC205,RC,2
10,0.10526315789473684,0.3902439024390244,0.4,0.11828908554572272,0.1359882005899705,0.0029498525073746312,RC205,RC,2
11,0.10526315789473684,0.45121951219512196,0.6,0.15781710914454278,0.18348082595870208,0.0029498525073746312,RC205,RC,2
12,0.08421052631578947,0.45121951219512196,0.8,0.06637168141592921,0.084070796460177,0.0029498525073746312,RC205,RC,2
13,0.08421052631578947,0.5121951219512195,0.4,0.012684365781710914,0.15427728613569322,0.0029498525073746312,RC205,RC,2
14,0.05263157894736842,0.3902439024390244,0.2,0.20147492625368732,0.2191740412979351,0.0029498525073746312,RC205,RC,2
15,0.05263157894736842,0.5121951219512195,0.2,0.01032448377581121,0.1079646017699115,0.0029498525073746312,RC205,RC,2
16,0.021052631578947368,0.45121951219512196,0.4,0.06017699115044248,0.07787610619469026,0.0029498525073746312,RC205,RC,2
17,0.0,0.45121951219512196,0.4,0.06017699115044248,0.12536873156342182,0.0029498525073746312,RC205,RC,2
18,0.0,0.5121951219512195,0.4,0.20589970501474927,0.243952802359882,0.0029498525073746312,RC205,RC,2
19,0.4631578947368421,0.024390243902439025,0.4,0.09026548672566372,0.1424778761061947,0.0029498525073746312,RC205,RC,2
20,0.4421052631578947,0.08536585365853659,0.8,0.05870206489675516,0.12625368731563422,0.0029498525073746312,RC205,RC,2
21,0.4421052631578947,0.14634146341463414,0.2,0.1457227138643068,0.20619469026548673,0.0029498525073746312,RC205,RC,2
22,0.42105263157894735,0.024390243902439025,0.2,0.01327433628318584,0.15486725663716813,0.0029498525073746312,RC205,RC,2
23,0.42105263157894735,0.14634146341463414,0.8,0.11297935103244838,0.1433628318584071,0.0029498525073746312,RC205,RC,2
24,0.4,0.024390243902439025,0.6,0.06814159292035399,0.08584070796460178,0.0029498525073746312,RC205,RC,2
25,0.4,0.14634146341463414,0.2,0.17964601769911503,0.25722713864306784,0.0029498525073746312,RC205,RC,2
26,0.3684210526315789,0.024390243902439025,0.4,0.24218289085545722,0.259882005899705,0.0029498525073746312,RC205,RC,2
27,1.0,0.32926829268292684,0.6,0.10294985250737464,0.24454277286135692,0.0029498525073746312,RC205,RC,2
28,1.0,0.3902439024390244,0.4,0.04070796460176991,0.08053097345132744,0.0029498525073746312,RC205,RC,2
29,0.968421052631579,0.32926829268292684,0.2,0.023008849557522124,0.1,0.0029498525073746312,RC205,RC,2
30,0.9473684210526315,0.3902439024390244,0.2,0.03893805309734513,0.11061946902654868,0.0029498525073746312,RC205,RC,2
31,0.9263157894736842,0.32926829268292684,0.2,0.0743362831858407,0.10589970501474927,0.0029498525073746312,RC205,RC,2
32,0.9263157894736842,0.3902439024390244,0.4,0.014749262536873156,0.15634218289085547,0.0029498525073746312,RC205,RC,2
33,0.9157894736842105,0.32926829268292684,0.2,0.1657817109144543,0.23569321533923304,0.0029498525073746312,RC205,RC,2
34,0.8947368421052632,0.2682926829268293,0.2,0.02094395280235988,0.06135693215339233,0.0029498525073746312,RC205,RC,2
35,0.8947368421052632,0.3902439024390244,0.6,0.09056047197640119,0.23215339233038348,0.0029498525073746312,RC205,RC,2
36,0.7052631578947368,1.0,0.4,0.19321533923303835,0.22949852507374632,0.0029498525073746312,RC205,RC,2
37,0.6842105263157895,1.0,0.8,0.012684365781710914,0.05486725663716814,0.0029498525073746312,RC205,RC,2
38,0.6842105263157895,0.9634146341463414,0.2,0.1112094395280236,0.2528023598820059,0.0029498525073746312,RC205,RC,2
39,0.6526315789473685,0.9390243902439024,0.6,0.09085545722713864,0.10855457227138643,0.0029498525073746312,RC205,RC,2
40,0.631578947368421,0.9390243902439024,0.2,0.013569321533923304,0.05929203539823009,0.0029498525073746312,RC205,RC,2
41,0.631578947368421,1.0,0.6,0.1,0.12920353982300886,0.0029498525073746312,RC205,RC,2
42,0.6105263157894737,0.8780487804878049,0.4,0.1112094395280236,0.1457227138643068,0.0029498525073746312,RC205,RC,2
43,0.5789473684210527,0.9390243902439024,0.2,0.009734513274336283,0.04896755162241888,0.0029498525073746312,RC205,RC,2
44,0.5789473684210527,1.0,0.4,0.15663716814159293,0.21710914454277286,0.0029498525073746312,RC205,RC,2
45,0.5789473684210527,0.9634146341463414,0.2,0.0728613569321534,0.09056047197640119,0.0029498525073746312,RC205,RC,2
46,0.21052631578947367,0.9634146341463414,0.2,0.010914454277286136,0.05221238938053097,0.0029498525073746312,RC205,RC,2
47,0.18947368421052632,0.9390243902439024,0.2,0.12743362831858407,0.19616519174041297,0.0029498525073746312,RC205,RC,2
48,0.021052631578947368,0.5121951219512195,0.2,0.011209439528023599,0.09498525073746313,0.0029498525073746312,RC205,RC,2
49,0.4421052631578947,0.024390243902439025,0.2,0.12507374631268436,0.26666666666666666,0.0029498525073746312,RC205,RC,2
50,0.4421052631578947,0.10975609756097561,0.2,0.13569321533923304,0.15899705014749263,0.0029498525073746312,RC205,RC,2
51,0.7578947368421053,0.3902439024390244,0.6,0.09646017699115045,0.23805309734513275,0.0029498525073746312,RC205,RC,2
52,0.5789473684210527,0.2073170731707317,0.38,0.08053097345132744,0.14690265486725665,0.0029498525073746312,RC205,RC,2
53,0.2631578947368421,0.32926829268292684,0.06,0.007374631268436578,0.14896755162241887,0.0029498525073746312,RC205,RC,2
54,0.21052631578947367,0.573170731707317,0.1,0.11946902654867257,0.13716814159292035,0.0029498525073746312,RC205,RC,2
55,0.5789473684210527,0.6951219512195121,0.32,0.16342182890855458,0.22625368731563422,0.0029498525073746312,RC205,RC,2
56,0.3157894736842105,0.6951219512195121,0.32,0.1855457227138643,0.20324483775811208,0.0029498525073746312,RC205,RC,2
57,0.5263157894736842,0.3902439024390244,0.38,0.16519174041297935,0.19852507374631267,0.0029498525073746312,RC205,RC,2
58,0.3157894736842105,0.2682926829268293,0.46,0.10088495575221239,0.16843657817109145,0.0029498525073746312,RC205,RC,2
59,0.15789473684210525,0.08536585365853659,0.4,0.24837758112094396,0.26607669616519175,0.0029498525073746312,RC205,RC,2
60,0.10526315789473684,0.2073170731707317,0.38,0.012389380530973451,0.15398230088495576,0.0029498525073746312,RC205,RC,2
61,0.15789473684210525,0.6951219512195121,0.34,0.18377581120943953,0.26076696165191743,0.0029498525073746312,RC205,RC,2
62,0.47368421052631576,0.7560975609756098,0.18,0.06312684365781711,0.12418879056047198,0.0029498525073746312,RC205,RC,2
63,0.6842105263157895,0.3902439024390244,0.06,0.058112094395280235,0.07581120943952803,0.0029498525073746312,RC205,RC,2
64,0.6842105263157895,0.2073170731707317,0.12,0.011504424778761062,0.09321533923303835,0.0029498525073746312,RC205,RC,2
65,0.47368421052631576,0.32926829268292684,0.34,0.056342182890855456,0.09144542772861357,0.0029498525073746312,RC205,RC,2
66,0.3684210526315789,0.45121951219512196,0.32,0.0032448377581120944,0.04129793510324484,0.0029498525073746312,RC205,RC,2
67,0.43157894736842106,0.4146341463414634,0.32,0.168141592920354,0.20088495575221238,0.0029498525073746312,RC205,RC,2
68,0.6736842105263158,0.47560975609756095,0.18,0.08790560471976401,0.1056047197640118,0.0029498525073746312,RC205,RC,2
69,0.42105263157894735,0.6951219512195121,0.42,0.1808259587020649,0.2153392330383481,0.0029498525073746312,RC205,RC,2
70,0.3263157894736842,0.5975609756097561,0.54,0.055162241887905604,0.0728613569321534,0.0029498525073746312,RC205,RC,2
71,0.3684210526315789,0.8048780487804879,0.46,0.23008849557522124,0.2743362831858407,0.0029498525073746312,RC205,RC,2
72,0.6842105263157895,0.6341463414634146,0.28,0.056342182890855456,0.12094395280235988,0.0029498525073746312,RC205,RC,2
73,0.6631578947368421,0.7560975609756098,0.16,0.007964601769911504,0.1495575221238938,0.0029498525073746312,RC205,RC,2
74,0.021052631578947368,0.6951219512195121,0.1,0.07079646017699115,0.13303834808259588,0.0029498525073746312,RC205,RC,2
75,0.21052631578947367,0.2073170731707317,0.16,0.19911504424778761,0.2168141592920354,0.0029498525073746312,RC205,RC,2
76,0.05263157894736842,0.024390243902439025,0.32,0.016814159292035398,0.1584070796460177,0.0029498525073746312,RC205,RC,2
77,0.631578947368421,0.10975609756097561,0.62,0.08790560471976401,0.1056047197640118,0.0029498525073746312,RC205,RC,2
78,0.24210526315789474,0.0,0.14,0.23421828908554573,0.2519174041297935,0.0029498525073746312,RC205,RC,2
79,0.08421052631578947,0.6463414634146342,0.54,0.1079646017699115,0.1424778761061947,0.0029498525073746312,RC205,RC,2
80,0.06315789473684211,0.7926829268292683,0.6,0.11268436578171091,0.13038348082595871,0.0029498525073746312,RC205,RC,2
81,0.49473684210526314,0.5365853658536586,0.26,0.24100294985250736,0.2778761061946903,0.0029498525073746312,RC205,RC,2
82,0.5157894736842106,0.6707317073170732,0.2,0.09793510324483776,0.14660766961651917,0.0029498525073746312,RC205,RC,2
83,0.28421052631578947,0.4878048780487805,0.18,0.004129793510324484,0.1457227138643068,0.0029498525073746312,RC205,RC,2
84,0.3894736842105263,0.34146341463414637,0.28,0.005604719764011799,0.1471976401179941,0.0029498525073746312,RC205,RC,2
85,0.6,0.3170731707317073,0.36,0.12536873156342182,0.1430678466076696,0.0029498525073746312,RC205,RC,2
86,0.6631578947368421,0.24390243902439024,0.04,0.04837758112094395,0.18997050147492625,0.0029498525073746312,RC205,RC,2
87,0.22105263157894736,0.25609756097560976,0.56,0.09144542772861357,0.1495575221238938,0.0029498525073746312,RC205,RC,2
88,0.12631578947368421,0.25609756097560976,0.26,0.11474926253687316,0.13244837758112094,0.0029498525073746312,RC205,RC,2
89,0.25263157894736843,0.6707317073170732,0.38,0.07728613569321534,0.1112094395280236,0.0029498525073746312,RC205,RC,2
90,0.7052631578947368,0.024390243902439025,0.5,0.18023598820058997,0.2646017699115044,0.0029498525073746312,RC205,RC,2
91,0.3894736842105263,0.5365853658536586,0.12,0.09174041297935104,0.15516224188790562,0.0029498525073746312,RC205,RC,2
92,0.5157894736842106,0.47560975609756095,0.26,0.13480825958702064,0.27640117994100294,0.0029498525073746312,RC205,RC,2
93,0.5578947368421052,0.4878048780487805,0.28,0.004129793510324484,0.02182890855457227,0.0029498525073746312,RC205,RC,2
94,0.6421052631578947,0.5975609756097561,0.06,0.2327433628318584,0.2737463126843658,0.0029498525073746312,RC205,RC,2
95,0.6,0.5487804878048781,0.46,0.06253687315634218,0.20412979351032448,0.0029498525073746312,RC205,RC,2
96,0.5894736842105263,0.4146341463414634,0.12,0.0058997050147492625,0.14749262536873156,0.0029498525073746312,RC205,RC,2
97,0.5789473684210527,0.6219512195121951,0.52,0.11268436578171091,0.2542772861356932,0.0029498525073746312,RC205,RC,2
98,0.042105263157894736,0.18292682926829268,0.7,0.15221238938053097,0.2056047197640118,0.0029498525073746312,RC205,RC,2
99,0.2736842105263158,0.5975609756097561,0.18,0.004129793510324484,0.1457227138643068,0.0029498525073746312,RC205,RC,2
100,0.2736842105263158,0.3902439024390244,0.3,0.09970501474926254,0.11740412979351032,0.0029498525073746312,RC205,RC,2
101,0.3263157894736842,0.7804878048780488,0.06,0.25663716814159293,0.2743362831858407,0.0029498525073746312,RC205,RC,2
1,0.42105263157894735,0.573170731707317,0.0,0.0,0.2831858407079646,0.0,RC206,RC,2
2,0.2631578947368421,1.0,0.4,0.1808259587020649,0.25162241887905606,0.0029498525073746312,RC206,RC,2
3,0.23157894736842105,0.8780487804878049,0.6,0.027138643067846607,0.09793510324483776,0.0029498525073746312,RC206,RC,2
4,0.23157894736842105,1.0,0.2,0.12123893805309735,0.1920353982300885,0.0029498525073746312,RC206,RC,2
5,0.21052631578947367,0.9390243902439024,0.8,0.17227138643067846,0.2430678466076696,0.0029498525073746312,RC206,RC,2
6,0.21052631578947367,1.0,0.4,0.011799410029498525,0.08259587020648967,0.0029498525073746312,RC206,RC,2
7,0.18947368421052632,0.8780487804878049,0.4,0.0967551622418879,0.16755162241887905,0.0029498525073746312,RC206,RC,2
8,0.15789473684210525,0.8780487804878049,0.4,0.07079646017699115,0.1415929203539823,0.0029498525073746312,RC206,RC,2
9,0.15789473684210525,0.9390243902439024,0.2,0.09056047197640119,0.16135693215339234,0.0029498525073746312,RC206,RC,2
10,0.10526315789473684,0.3902439024390244,0.4,0.09174041297935104,0.1625368731563422,0.0029498525073746312,RC206,RC,2
11,0.10526315789473684,0.45121951219512196,0.6,0.13539823008849558,0.20619469026548673,0.0029498525073746312,RC206,RC,2
12,0.08421052631578947,0.45121951219512196,0.8,0.03982300884955752,0.11061946902654868,0.0029498525073746312,RC206,RC,2
13,0.08421052631578947,0.5121951219512195,0.4,0.04808259587020649,0.11887905604719765,0.0029498525073746312,RC206,RC,2
14,0.05263157894736842,0.3902439024390244,0.2,0.17492625368731562,0.24572271386430677,0.0029498525073746312,RC206,RC,2
15,0.05263157894736842,0.5121951219512195,0.2,0.01032448377581121,0.08112094395280237,0.0029498525073746312,RC206,RC,2
16,0.021052631578947368,0.45121951219512196,0.4,0.033628318584070796,0.10442477876106195,0.0029498525073746312,RC206,RC,2
17,0.0,0.45121951219512196,0.4,0.05752212389380531,0.12831858407079647,0.0029498525073746312,RC206,RC,2
18,0.0,0.5121951219512195,0.4,0.1896755162241888,0.2604719764011799,0.0029498525073746312,RC206,RC,2
19,0.4631578947368421,0.024390243902439025,0.4,0.08112094395280237,0.15191740412979352,0.0029498525073746312,RC206,RC,2
20,0.4421052631578947,0.08536585365853659,0.8,0.057227138643067846,0.128023598820059,0.0029498525073746312,RC206,RC,2
21,0.4421052631578947,0.14634146341463414,0.2,0.1407079646017699,0.21150442477876105,0.0029498525073746312,RC206,RC,2
22,0.42105263157894735,0.024390243902439025,0.2,0.045722713864306784,0.11651917404129794,0.0029498525073746312,RC206,RC,2
23,0.42105263157894735,0.14634146341463414,0.8,0.09292035398230089,0.16371681415929204,0.0029498525073746312,RC206,RC,2
24,0.4,0.024390243902439025,0.6,0.0415929203539823,0.11238938053097346,0.0029498525073746312,RC206,RC,2
25,0.4,0.14634146341463414,0.2,0.1831858407079646,0.25398230088495577,0.0029498525073746312,RC206,RC,2
26,0.3684210526315789,0.024390243902439025,0.4,0.1958702064896755,0.26666666666666666,0.0029498525073746312,RC206,RC,2
27,1.0,0.32926829268292684,0.6,0.1383480825958702,0.20914454277286135,0.0029498525073746312,RC206,RC,2
28,1.0,0.3902439024390244,0.4,0.02536873156342183,0.09616519174041298,0.0029498525073746312,RC206,RC,2
29,0.968421052631579,0.32926829268292684,0.2,0.026253687315634218,0.09705014749262537,0.0029498525073746312,RC206,RC,2
30,0.9473684210526315,0.3902439024390244,0.2,0.03952802359882006,0.11032448377581121,0.0029498525073746312,RC206,RC,2
31,0.9263157894736842,0.32926829268292684,0.2,0.05486725663716814,0.1256637168141593,0.0029498525073746312,RC206,RC,2
32,0.9263157894736842,0.3902439024390244,0.4,0.030973451327433628,0.10176991150442478,0.0029498525073746312,RC206,RC,2
33,0.9157894736842105,0.32926829268292684,0.2,0.1654867256637168,0.23628318584070795,0.0029498525073746312,RC206,RC,2
34,0.8947368421052632,0.2682926829268293,0.2,0.01504424778761062,0.08584070796460178,0.0029498525073746312,RC206,RC,2
35,0.8947368421052632,0.3902439024390244,0.6,0.12595870206489676,0.1967551622418879,0.0029498525073746312,RC206,RC,2
36,0.7052631578947368,1.0,0.4,0.17610619469026548,0.24690265486725663,0.0029498525073746312,RC206,RC,2
37,0.6842105263157895,1.0,0.8,0.012684365781710914,0.08348082595870207,0.0029498525073746312,RC206,RC,2
38,0.6842105263157895,0.9634146341463414,0.2,0.14660766961651917,0.21740412979351031,0.0029498525073746312,RC206,RC,2
39,0.6526315789473685,0.9390243902439024,0.6,0.06430678466076696,0.13510324483775812,0.0029498525073746312,RC206,RC,2
40,0.631578947368421,0.9390243902439024,0.2,0.010619469026548672,0.08141592920353982,0.0029498525073746312,RC206,RC,2
41,0.631578947368421,1.0,0.6,0.07935103244837759,0.15014749262536872,0.0029498525073746312,RC206,RC,2
42,0.6105263157894737,0.8780487804878049,0.4,0.09321533923303835,0.1640117994100295,0.0029498525073746312,RC206,RC,2
43,0.5789473684210527,0.9390243902439024,0.2,0.009734513274336283,0.08053097345132744,0.0029498525073746312,RC206,RC,2
44,0.5789473684210527,1.0,0.4,0.15162241887905606,0.2224188790560472,0.0029498525073746312,RC206,RC,2
45,0.5789473684210527,0.9634146341463414,0.2,0.04631268436578171,0.11710914454277287,0.0029498525073746312,RC206,RC,2
46,0.21052631578947367,0.9634146341463414,0.2,0.010914454277286136,0.08171091445427729,0.0029498525073746312,RC206,RC,2
47,0.18947368421052632,0.9390243902439024,0.2,0.12654867256637167,0.19734513274336282,0.0029498525073746312,RC206,RC,2
48,0.021052631578947368,0.5121951219512195,0.2,0.01327433628318584,0.084070796460177,0.0029498525073746312,RC206,RC,2
49,0.4421052631578947,0.024390243902439025,0.2,0.1958702064896755,0.26666666666666666,0.0029498525073746312,RC206,RC,2
50,0.4421052631578947,0.10975609756097561,0.2,0.11209439528023599,0.18289085545722714,0.0029498525073746312,RC206,RC,2
51,0.7578947368421053,0.3902439024390244,0.6,0.13185840707964602,0.20265486725663717,0.0029498525073746312,RC206,RC,2
52,0.5789473684210527,0.2073170731707317,0.38,0.07846607669616519,0.14926253687315635,0.0029498525073746312,RC206,RC,2
53,0.2631578947368421,0.32926829268292684,0.06,0.03392330383480826,0.10471976401179942,0.0029498525073746312,RC206,RC,2
54,0.21052631578947367,0.573170731707317,0.1,0.09292035398230089,0.16371681415929204,0.0029498525073746312,RC206,RC,2
55,0.5789473684210527,0.6951219512195121,0.32,0.15958702064896754,0.2303834808259587,0.0029498525073746312,RC206,RC,2
56,0.3157894736842105,0.6951219512195121,0.32,0.15899705014749263,0.22979351032448378,0.0029498525073746312,RC206,RC,2
57,0.5263157894736842,0.3902439024390244,0.38,0.14660766961651917,0.21740412979351031,0.0029498525073746312,RC206,RC,2
58,0.3157894736842105,0.2682926829268293,0.46,0.09941002949852508,0.17020648967551621,0.0029498525073746312,RC206,RC,2
59,0.15789473684210525,0.08536585365853659,0.4,0.1952802359882006,0.26607669616519175,0.0029498525073746312,RC206,RC,2
60,0.10526315789473684,0.2073170731707317,0.38,0.012389380530973451,0.0831858407079646,0.0029498525073746312,RC206,RC,2
61,0.15789473684210525,0.6951219512195121,0.34,0.18702064896755163,0.25781710914454276,0.0029498525073746312,RC206,RC,2
62,0.47368421052631576,0.7560975609756098,0.18,0.0584070796460177,0.12920353982300886,0.0029498525073746312,RC206,RC,2
63,0.6842105263157895,0.3902439024390244,0.06,0.031563421828908554,0.10235988200589971,0.0029498525073746312,RC206,RC,2
64,0.6842105263157895,0.2073170731707317,0.12,0.011504424778761062,0.08230088495575222,0.0029498525073746312,RC206,RC,2
65,0.47368421052631576,0.32926829268292684,0.34,0.03864306784660767,0.10943952802359883,0.0029498525073746312,RC206,RC,2
66,0.3684210526315789,0.45121951219512196,0.32,0.0032448377581120944,0.07404129793510325,0.0029498525073746312,RC206,RC,2
67,0.43157894736842106,0.4146341463414634,0.32,0.14926253687315635,0.2200589970501475,0.0029498525073746312,RC206,RC,2
68,0.6736842105263158,0.47560975609756095,0.18,0.06135693215339233,0.13215339233038348,0.0029498525073746312,RC206,RC,2
69,0.42105263157894735,0.6951219512195121,0.42,0.16283185840707964,0.2336283185840708,0.0029498525073746312,RC206,RC,2
70,0.3263157894736842,0.5975609756097561,0.54,0.028613569321533923,0.09941002949852508,0.0029498525073746312,RC206,RC,2
71,0.3684210526315789,0.8048780487804879,0.46,0.20353982300884957,0.2743362831858407,0.0029498525073746312,RC206,RC,2
72,0.6842105263157895,0.6341463414634146,0.28,0.053392330383480825,0.12418879056047198,0.0029498525073746312,RC206,RC,2
73,0.6631578947368421,0.7560975609756098,0.16,0.007964601769911504,0.07876106194690266,0.0029498525073746312,RC206,RC,2
74,0.021052631578947368,0.6951219512195121,0.1,0.06666666666666667,0.13746312684365783,0.0029498525073746312,RC206,RC,2
75,0.21052631578947367,0.2073170731707317,0.16,0.17256637168141592,0.24336283185840707,0.0029498525073746312,RC206,RC,2
76,0.05263157894736842,0.024390243902439025,0.32,0.05073746312684366,0.1215339233038348,0.0029498525073746312,RC206,RC,2
77,0.631578947368421,0.10975609756097561,0.62,0.06135693215339233,0.13215339233038348,0.0029498525073746312,RC206,RC,2
78,0.24210526315789474,0.0,0.14,0.19469026548672566,0.26548672566371684,0.0029498525073746312,RC206,RC,2
79,0.08421052631578947,0.6463414634146342,0.54,0.08997050147492626,0.1607669616519174,0.0029498525073746312,RC206,RC,2
80,0.06315789473684211,0.7926829268292683,0.6,0.08613569321533923,0.15693215339233038,0.0029498525073746312,RC206,RC,2
81,0.49473684210526314,0.5365853658536586,0.26,0.20707964601769913,0.2778761061946903,0.0029498525073746312,RC206,RC,2
82,0.5157894736842106,0.6707317073170732,0.2,0.08702064896755163,0.15781710914454278,0.0029498525073746312,RC206,RC,2
83,0.28421052631578947,0.4878048780487805,0.18,0.027138643067846607,0.09793510324483776,0.0029498525073746312,RC206,RC,2
84,0.3894736842105263,0.34146341463414637,0.28,0.01327433628318584,0.084070796460177,0.0029498525073746312,RC206,RC,2
85,0.6,0.3170731707317073,0.36,0.09882005899705015,0.1696165191740413,0.0029498525073746312,RC206,RC,2
86,0.6631578947368421,0.24390243902439024,0.04,0.08377581120943953,0.15457227138643068,0.0029498525073746312,RC206,RC,2
87,0.22105263157894736,0.25609756097560976,0.56,0.08525073746312685,0.15604719764011798,0.0029498525073746312,RC206,RC,2
88,0.12631578947368421,0.25609756097560976,0.26,0.08820058997050148,0.15899705014749263,0.0029498525073746312,RC206,RC,2
89,0.25263157894736843,0.6707317073170732,0.38,0.058997050147492625,0.12979351032448377,0.0029498525073746312,RC206,RC,2
90,0.7052631578947368,0.024390243902439025,0.5,0.1926253687315634,0.2634218289085546,0.0029498525073746312,RC206,RC,2
91,0.3894736842105263,0.5365853658536586,0.12,0.08820058997050148,0.15899705014749263,0.0029498525073746312,RC206,RC,2
92,0.5157894736842106,0.47560975609756095,0.26,0.1943952802359882,0.2651917404129793,0.0029498525073746312,RC206,RC,2
93,0.5578947368421052,0.4878048780487805,0.28,0.004129793510324484,0.07492625368731563,0.0029498525073746312,RC206,RC,2
94,0.6421052631578947,0.5975609756097561,0.06,0.20294985250737463,0.2737463126843658,0.0029498525073746312,RC206,RC,2
95,0.6,0.5487804878048781,0.46,0.09793510324483776,0.1687315634218289,0.0029498525073746312,RC206,RC,2
96,0.5894736842105263,0.4146341463414634,0.12,0.011799410029498525,0.08259587020648967,0.0029498525073746312,RC206,RC,2
97,0.5789473684210527,0.6219512195121951,0.52,0.1480825958702065,0.21887905604719765,0.0029498525073746312,RC206,RC,2
98,0.042105263157894736,0.18292682926829268,0.7,0.14365781710914455,0.2144542772861357,0.0029498525073746312,RC206,RC,2
99,0.2736842105263158,0.5975609756097561,0.18,0.03303834808259587,0.10383480825958702,0.0029498525073746312,RC206,RC,2
100,0.2736842105263158,0.3902439024390244,0.3,0.07315634218289085,0.143952802359882,0.0029498525073746312,RC206,RC,2
101,0.3263157894736842,0.7804878048780488,0.06,0.20353982300884957,0.2743362831858407,0.0029498525073746312,RC206,RC,2
1,0.42105263157894735,0.573170731707317,0.0,0.0,0.2831858407079646,0.0,RC207,RC,2
2,0.2631578947368421,1.0,0.4,0.1743362831858407,0.25781710914454276,0.0029498525073746312,RC207,RC,2
3,0.23157894736842105,0.8780487804878049,0.6,0.021533923303834808,0.10324483775811209,0.0029498525073746312,RC207,RC,2
4,0.23157894736842105,1.0,0.2,0.13952802359882005,0.17345132743362832,0.0029498525073746312,RC207,RC,2
5,0.21052631578947367,0.9390243902439024,0.8,0.12330383480825959,0.2693215339233038,0.0029498525073746312,RC207,RC,2
6,0.21052631578947367,1.0,0.4,0.011799410029498525,0.11504424778761062,0.0029498525073746312,RC207,RC,2
7,0.18947368421052632,0.8780487804878049,0.4,0.07345132743362832,0.1905604719764012,0.0029498525073746312,RC207,RC,2
8,0.15789473684210525,0.8780487804878049,0.4,0.08289085545722714,0.12920353982300886,0.0029498525073746312,RC207,RC,2
9,0.15789473684210525,0.9390243902439024,0.2,0.08023598820058997,0.17138643067846607,0.0029498525073746312,RC207,RC,2
10,0.10526315789473684,0.3902439024390244,0.4,0.0696165191740413,0.18436578171091444,0.0029498525073746312,RC207,RC,2
11,0.10526315789473684,0.45121951219512196,0.6,0.13864306784660768,0.20265486725663717,0.0029498525073746312,RC207,RC,2
12,0.08421052631578947,0.45121951219512196,0.8,0.009734513274336283,0.1504424778761062,0.0029498525073746312,RC207,RC,2
13,0.08421052631578947,0.5121951219512195,0.4,0.04896755162241888,0.11769911504424779,0.0029498525073746312,RC207,RC,2
14,0.05263157894736842,0.3902439024390244,0.2,0.10589970501474927,0.2687315634218289,0.0029498525073746312,RC207,RC,2
15,0.05263157894736842,0.5121951219512195,0.2,0.01032448377581121,0.13480825958702064,0.0029498525073746312,RC207,RC,2
16,0.021052631578947368,0.45121951219512196,0.4,0.011504424778761062,0.15870206489675517,0.0029498525073746312,RC207,RC,2
17,0.0,0.45121951219512196,0.4,0.06312684365781711,0.1224188790560472,0.0029498525073746312,RC207,RC,2
18,0.0,0.5121951219512195,0.4,0.10589970501474927,0.268141592920354,0.0029498525073746312,RC207,RC,2
19,0.4631578947368421,0.024390243902439025,0.4,0.09970501474926254,0.13303834808259588,0.0029498525073746312,RC207,RC,2
20,0.4421052631578947,0.08536585365853659,0.8,0.06047197640117994,0.12448377581120944,0.0029498525073746312,RC207,RC,2
21,0.4421052631578947,0.14634146341463414,0.2,0.15073746312684366,0.20117994100294986,0.0029498525073746312,RC207,RC,2
22,0.42105263157894735,0.024390243902439025,0.2,0.04660766961651917,0.11533923303834809,0.0029498525073746312,RC207,RC,2
23,0.42105263157894735,0.14634146341463414,0.8,0.07758112094395281,0.17876106194690267,0.0029498525073746312,RC207,RC,2
24,0.4,0.024390243902439025,0.6,0.01327433628318584,0.15398230088495576,0.0029498525073746312,RC207,RC,2
25,0.4,0.14634146341463414,0.2,0.17640117994100296,0.2604719764011799,0.0029498525073746312,RC207,RC,2
26,0.3684210526315789,0.024390243902439025,0.4,0.10265486725663717,0.26666666666666666,0.0029498525073746312,RC207,RC,2
27,1.0,0.32926829268292684,0.6,0.15014749262536872,0.19705014749262537,0.0029498525073746312,RC207,RC,2
28,1.0,0.3902439024390244,0.4,0.016814159292035398,0.1958702064896755,0.0029498525073746312,RC207,RC,2
29,0.968421052631579,0.32926829268292684,0.2,0.020058997050147492,0.10294985250737464,0.0029498525073746312,RC207,RC,2
30,0.9473684210526315,0.3902439024390244,0.2,0.03864306784660767,0.11091445427728613,0.0029498525073746312,RC207,RC,2
31,0.9263157894736842,0.32926829268292684,0.2,0.033628318584070796,0.14660766961651917,0.0029498525073746312,RC207,RC,2
32,0.9263157894736842,0.3902439024390244,0.4,0.03008849557522124,0.10235988200589971,0.0029498525073746312,RC207,RC,2
33,0.9157894736842105,0.32926829268292684,0.2,0.1663716814159292,0.2351032448377581,0.0029498525073746312,RC207,RC,2
34,0.8947368421052632,0.2682926829268293,0.2,0.01504424778761062,0.19852507374631267,0.0029498525073746312,RC207,RC,2
35,0.8947368421052632,0.3902439024390244,0.6,0.13628318584070798,0.18613569321533924,0.0029498525073746312,RC207,RC,2
36,0.7052631578947368,1.0,0.4,0.1168141592920354,0.2669616519174041,0.0029498525073746312,RC207,RC,2
37,0.6842105263157895,1.0,0.8,0.012684365781710914,0.21002949852507374,0.0029498525073746312,RC207,RC,2
38,0.6842105263157895,0.9634146341463414,0.2,0.15634218289085547,0.20737463126843658,0.0029498525073746312,RC207,RC,2
39,0.6526315789473685,0.9390243902439024,0.6,0.03864306784660767,0.16047197640117994,0.0029498525073746312,RC207,RC,2
40,0.631578947368421,0.9390243902439024,0.2,0.010619469026548672,0.2359882005899705,0.0029498525073746312,RC207,RC,2
41,0.631578947368421,1.0,0.6,0.06873156342182891,0.16047197640117994,0.0029498525073746312,RC207,RC,2
42,0.6105263157894737,0.8780487804878049,0.4,0.061061946902654866,0.1958702064896755,0.0029498525073746312,RC207,RC,2
43,0.5789473684210527,0.9390243902439024,0.2,0.009734513274336283,0.184070796460177,0.0029498525073746312,RC207,RC,2
44,0.5789473684210527,1.0,0.4,0.16194690265486725,0.21179941002949854,0.0029498525073746312,RC207,RC,2
45,0.5789473684210527,0.9634146341463414,0.2,0.018289085545722714,0.1448377581120944,0.0029498525073746312,RC207,RC,2
46,0.21052631578947367,0.9634146341463414,0.2,0.010914454277286136,0.19970501474926253,0.0029498525073746312,RC207,RC,2
47,0.18947368421052632,0.9390243902439024,0.2,0.12831858407079647,0.1952802359882006,0.0029498525073746312,RC207,RC,2
48,0.021052631578947368,0.5121951219512195,0.2,0.011209439528023599,0.1079646017699115,0.0029498525073746312,RC207,RC,2
49,0.4421052631578947,0.024390243902439025,0.2,0.18761061946902655,0.26666666666666666,0.0029498525073746312,RC207,RC,2
50,0.4421052631578947,0.10975609756097561,0.2,0.12477876106194691,0.16991150442477876,0.0029498525073746312,RC207,RC,2
51,0.7578947368421053,0.3902439024390244,0.6,0.13893805309734514,0.1952802359882006,0.0029498525073746312,RC207,RC,2
52,0.5789473684210527,0.2073170731707317,0.38,0.08289085545722714,0.14454277286135694,0.0029498525073746312,RC207,RC,2
53,0.2631578947368421,0.32926829268292684,0.06,0.03215339233038348,0.10619469026548672,0.0029498525073746312,RC207,RC,2
54,0.21052631578947367,0.573170731707317,0.1,0.08377581120943953,0.17256637168141592,0.0029498525073746312,RC207,RC,2
55,0.5789473684210527,0.6951219512195121,0.32,0.16755162241887905,0.22212389380530972,0.0029498525073746312,RC207,RC,2
56,0.3157894736842105,0.6951219512195121,0.32,0.12418879056047198,0.26430678466076696,0.0029498525073746312,RC207,RC,2
57,0.5263157894736842,0.3902439024390244,0.38,0.1191740412979351,0.24454277286135692,0.0029498525073746312,RC207,RC,2
58,0.3157894736842105,0.2682926829268293,0.46,0.10235988200589971,0.16696165191740414,0.0029498525073746312,RC207,RC,2
59,0.15789473684210525,0.08536585365853659,0.4,0.11209439528023599,0.26607669616519175,0.0029498525073746312,RC207,RC,2
60,0.10526315789473684,0.2073170731707317,0.38,0.012389380530973451,0.13746312684365783,0.0029498525073746312,RC207,RC,2
61,0.15789473684210525,0.6951219512195121,0.34,0.1808259587020649,0.26371681415929205,0.0029498525073746312,RC207,RC,2
62,0.47368421052631576,0.7560975609756098,0.18,0.06784660766961652,0.11946902654867257,0.0029498525073746312,RC207,RC,2
63,0.6842105263157895,0.3902439024390244,0.06,0.00855457227138643,0.17315634218289086,0.0029498525073746312,RC207,RC,2
64,0.6842105263157895,0.2073170731707317,0.12,0.011504424778761062,0.10412979351032449,0.0029498525073746312,RC207,RC,2
65,0.47368421052631576,0.32926829268292684,0.34,0.0058997050147492625,0.14660766961651917,0.0029498525073746312,RC207,RC,2
66,0.3684210526315789,0.45121951219512196,0.32,0.0032448377581120944,0.168141592920354,0.0029498525073746312,RC207,RC,2
67,0.43157894736842106,0.4146341463414634,0.32,0.12477876106194691,0.24424778761061947,0.0029498525073746312,RC207,RC,2
68,0.6736842105263158,0.47560975609756095,0.18,0.03303834808259587,0.16017699115044248,0.0029498525073746312,RC207,RC,2
69,0.42105263157894735,0.6951219512195121,0.42,0.13008849557522123,0.26607669616519175,0.0029498525073746312,RC207,RC,2
70,0.3263157894736842,0.5975609756097561,0.54,0.002654867256637168,0.15693215339233038,0.0029498525073746312,RC207,RC,2
71,0.3684210526315789,0.8048780487804879,0.46,0.06224188790560472,0.2743362831858407,0.0029498525073746312,RC207,RC,2
72,0.6842105263157895,0.6341463414634146,0.28,0.05929203539823009,0.11799410029498525,0.0029498525073746312,RC207,RC,2
73,0.6631578947368421,0.7560975609756098,0.16,0.007964601769911504,0.11268436578171091,0.0029498525073746312,RC207,RC,2
74,0.021052631578947368,0.6951219512195121,0.1,0.0752212389380531,0.12861356932153392,0.0029498525073746312,RC207,RC,2
75,0.21052631578947367,0.2073170731707317,0.16,0.12595870206489676,0.2693215339233038,0.0029498525073746312,RC207,RC,2
76,0.05263157894736842,0.024390243902439025,0.32,0.05398230088495575,0.11799410029498525,0.0029498525073746312,RC207,RC,2
77,0.631578947368421,0.10975609756097561,0.62,0.047787610619469026,0.1454277286135693,0.0029498525073746312,RC207,RC,2
78,0.24210526315789474,0.0,0.14,0.10619469026548672,0.26548672566371684,0.0029498525073746312,RC207,RC,2
79,0.08421052631578947,0.6463414634146342,0.54,0.05752212389380531,0.1929203539823009,0.0029498525073746312,RC207,RC,2
80,0.06315789473684211,0.7926829268292683,0.6,0.07610619469026549,0.16666666666666666,0.0029498525073746312,RC207,RC,2
81,0.49473684210526314,0.5365853658536586,0.26,0.1256637168141593,0.2778761061946903,0.0029498525073746312,RC207,RC,2
82,0.5157894736842106,0.6707317073170732,0.2,0.1088495575221239,0.13569321533923304,0.0029498525073746312,RC207,RC,2
83,0.28421052631578947,0.4878048780487805,0.18,0.025073746312684365,0.09970501474926254,0.0029498525073746312,RC207,RC,2
84,0.3894736842105263,0.34146341463414637,0.28,0.005604719764011799,0.09616519174041298,0.0029498525073746312,RC207,RC,2
85,0.6,0.3170731707317073,0.36,0.08967551622418879,0.17846607669616518,0.0029498525073746312,RC207,RC,2
86,0.6631578947368421,0.24390243902439024,0.04,0.09380530973451327,0.14424778761061946,0.0029498525073746312,RC207,RC,2
87,0.22105263157894736,0.25609756097560976,0.56,0.09793510324483776,0.1430678466076696,0.0029498525073746312,RC207,RC,2
88,0.12631578947368421,0.25609756097560976,0.26,0.10766961651917405,0.1392330383480826,0.0029498525073746312,RC207,RC,2
89,0.25263157894736843,0.6707317073170732,0.38,0.029498525073746312,0.15899705014749263,0.0029498525073746312,RC207,RC,2
90,0.7052631578947368,0.024390243902439025,0.5,0.16666666666666666,0.2646017699115044,0.0029498525073746312,RC207,RC,2
91,0.3894736842105263,0.5365853658536586,0.12,0.09557522123893805,0.15132743362831858,0.0029498525073746312,RC207,RC,2
92,0.5157894736842106,0.47560975609756095,0.26,0.1920353982300885,0.2672566371681416,0.0029498525073746312,RC207,RC,2
93,0.5578947368421052,0.4878048780487805,0.28,0.004129793510324484,0.19734513274336282,0.0029498525073746312,RC207,RC,2
94,0.6421052631578947,0.5975609756097561,0.06,0.08790560471976401,0.2737463126843658,0.0029498525073746312,RC207,RC,2
95,0.6,0.5487804878048781,0.46,0.11356932153392331,0.1528023598820059,0.0029498525073746312,RC207,RC,2
96,0.5894736842105263,0.4146341463414634,0.12,0.0058997050147492625,0.08820058997050148,0.0029498525073746312,RC207,RC,2
97,0.5789473684210527,0.6219512195121951,0.52,0.15870206489675517,0.2079646017699115,0.0029498525073746312,RC207,RC,2
98,0.042105263157894736,0.18292682926829268,0.7,0.16106194690265488,0.1967551622418879,0.0029498525073746312,RC207,RC,2
99,0.2736842105263158,0.5975609756097561,0.18,0.03215339233038348,0.10442477876106195,0.0029498525073746312,RC207,RC,2
100,0.2736842105263158,0.3902439024390244,0.3,0.05014749262536873,0.16666666666666666,0.0029498525073746312,RC207,RC,2
101,0.3263157894736842,0.7804878048780488,0.06,0.07728613569321534,0.2743362831858407,0.0029498525073746312,RC207,RC,2
1,0.42105263157894735,0.573170731707317,0.0,0.0,0.2831858407079646,0.0,RC208,RC,2
2,0.2631578947368421,1.0,0.4,0.11445427728613569,0.2687315634218289,0.0029498525073746312,RC208,RC,2
3,0.23157894736842105,0.8780487804878049,0.6,0.008849557522123894,0.16106194690265488,0.0029498525073746312,RC208,RC,2
4,0.23157894736842105,1.0,0.2,0.10412979351032449,0.2088495575221239,0.0029498525073746312,RC208,RC,2
5,0.21052631578947367,0.9390243902439024,0.8,0.12536873156342182,0.2693215339233038,0.0029498525073746312,RC208,RC,2
6,0.21052631578947367,1.0,0.4,0.011799410029498525,0.18584070796460178,0.0029498525073746312,RC208,RC,2
7,0.18947368421052632,0.8780487804878049,0.4,0.06725663716814159,0.1967551622418879,0.0029498525073746312,RC208,RC,2
8,0.15789473684210525,0.8780487804878049,0.4,0.04749262536873156,0.16460176991150444,0.0029498525073746312,RC208,RC,2
9,0.15789473684210525,0.9390243902439024,0.2,0.06755162241887906,0.184070796460177,0.0029498525073746312,RC208,RC,2
10,0.10526315789473684,0.3902439024390244,0.4,0.06283185840707965,0.1911504424778761,0.0029498525073746312,RC208,RC,2
11,0.10526315789473684,0.45121951219512196,0.6,0.1191740412979351,0.22212389380530972,0.0029498525073746312,RC208,RC,2
12,0.08421052631578947,0.45121951219512196,0.8,0.009734513274336283,0.15073746312684366,0.0029498525073746312,RC208,RC,2
13,0.08421052631578947,0.5121951219512195,0.4,0.013569321533923304,0.15309734513274337,0.0029498525073746312,RC208,RC,2
14,0.05263157894736842,0.3902439024390244,0.2,0.11651917404129794,0.2687315634218289,0.0029498525073746312,RC208,RC,2
15,0.05263157894736842,0.5121951219512195,0.2,0.01032448377581121,0.2056047197640118,0.0029498525073746312,RC208,RC,2
16,0.021052631578947368,0.45121951219512196,0.4,0.011504424778761062,0.15575221238938053,0.0029498525073746312,RC208,RC,2
17,0.0,0.45121951219512196,0.4,0.027728613569321534,0.15781710914454278,0.0029498525073746312,RC208,RC,2
18,0.0,0.5121951219512195,0.4,0.11622418879056047,0.268141592920354,0.0029498525073746312,RC208,RC,2
19,0.4631578947368421,0.024390243902439025,0.4,0.06430678466076696,0.16843657817109145,0.0029498525073746312,RC208,RC,2
20,0.4421052631578947,0.08536585365853659,0.8,0.025073746312684365,0.15988200589970503,0.0029498525073746312,RC208,RC,2
21,0.4421052631578947,0.14634146341463414,0.2,0.11533923303834809,0.23657817109144544,0.0029498525073746312,RC208,RC,2
22,0.42105263157894735,0.024390243902439025,0.2,0.01327433628318584,0.15250737463126843,0.0029498525073746312,RC208,RC,2
23,0.42105263157894735,0.14634146341463414,0.8,0.06755162241887906,0.1887905604719764,0.0029498525073746312,RC208,RC,2
24,0.4,0.024390243902439025,0.6,0.01327433628318584,0.15427728613569322,0.0029498525073746312,RC208,RC,2
25,0.4,0.14634146341463414,0.2,0.11474926253687316,0.2696165191740413,0.0029498525073746312,RC208,RC,2
26,0.3684210526315789,0.024390243902439025,0.4,0.11386430678466077,0.26666666666666666,0.0029498525073746312,RC208,RC,2
27,1.0,0.32926829268292684,0.6,0.11474926253687316,0.23244837758112094,0.0029498525073746312,RC208,RC,2
28,1.0,0.3902439024390244,0.4,0.016814159292035398,0.17699115044247787,0.0029498525073746312,RC208,RC,2
29,0.968421052631579,0.32926829268292684,0.2,0.016224188790560472,0.1696165191740413,0.0029498525073746312,RC208,RC,2
30,0.9473684210526315,0.3902439024390244,0.2,0.015339233038348082,0.15811209439528023,0.0029498525073746312,RC208,RC,2
31,0.9263157894736842,0.32926829268292684,0.2,0.02654867256637168,0.15368731563421828,0.0029498525073746312,RC208,RC,2
32,0.9263157894736842,0.3902439024390244,0.4,0.014749262536873156,0.15752212389380532,0.0029498525073746312,RC208,RC,2
33,0.9157894736842105,0.32926829268292684,0.2,0.12536873156342182,0.26489675516224187,0.0029498525073746312,RC208,RC,2
34,0.8947368421052632,0.2682926829268293,0.2,0.01504424778761062,0.1775811209439528,0.0029498525073746312,RC208,RC,2
35,0.8947368421052632,0.3902439024390244,0.6,0.10088495575221239,0.2215339233038348,0.0029498525073746312,RC208,RC,2
36,0.7052631578947368,1.0,0.4,0.12094395280235988,0.2669616519174041,0.0029498525073746312,RC208,RC,2
37,0.6842105263157895,1.0,0.8,0.012684365781710914,0.18200589970501474,0.0029498525073746312,RC208,RC,2
38,0.6842105263157895,0.9634146341463414,0.2,0.12094395280235988,0.24277286135693216,0.0029498525073746312,RC208,RC,2
39,0.6526315789473685,0.9390243902439024,0.6,0.033628318584070796,0.1654867256637168,0.0029498525073746312,RC208,RC,2
40,0.631578947368421,0.9390243902439024,0.2,0.010619469026548672,0.19410029498525075,0.0029498525073746312,RC208,RC,2
41,0.631578947368421,1.0,0.6,0.056342182890855456,0.1728613569321534,0.0029498525073746312,RC208,RC,2
42,0.6105263157894737,0.8780487804878049,0.4,0.05929203539823009,0.1976401179941003,0.0029498525073746312,RC208,RC,2
43,0.5789473684210527,0.9390243902439024,0.2,0.009734513274336283,0.16755162241887905,0.0029498525073746312,RC208,RC,2
44,0.5789473684210527,1.0,0.4,0.12654867256637167,0.2471976401179941,0.0029498525073746312,RC208,RC,2
45,0.5789473684210527,0.9634146341463414,0.2,0.014454277286135693,0.1486725663716814,0.0029498525073746312,RC208,RC,2
46,0.21052631578947367,0.9634146341463414,0.2,0.010914454277286136,0.17610619469026548,0.0029498525073746312,RC208,RC,2
47,0.18947368421052632,0.9390243902439024,0.2,0.09292035398230089,0.23067846607669618,0.0029498525073746312,RC208,RC,2
48,0.021052631578947368,0.5121951219512195,0.2,0.011209439528023599,0.17876106194690267,0.0029498525073746312,RC208,RC,2
49,0.4421052631578947,0.024390243902439025,0.2,0.1168141592920354,0.26666666666666666,0.0029498525073746312,RC208,RC,2
50,0.4421052631578947,0.10975609756097561,0.2,0.10058997050147493,0.19410029498525075,0.0029498525073746312,RC208,RC,2
51,0.7578947368421053,0.3902439024390244,0.6,0.10353982300884956,0.23067846607669618,0.0029498525073746312,RC208,RC,2
52,0.5789473684210527,0.2073170731707317,0.38,0.04749262536873156,0.17994100294985252,0.0029498525073746312,RC208,RC,2
53,0.2631578947368421,0.32926829268292684,0.06,0.007374631268436578,0.15221238938053097,0.0029498525073746312,RC208,RC,2
54,0.21052631578947367,0.573170731707317,0.1,0.0705014749262537,0.18584070796460178,0.0029498525073746312,RC208,RC,2
55,0.5789473684210527,0.6951219512195121,0.32,0.13215339233038348,0.2575221238938053,0.0029498525073746312,RC208,RC,2
56,0.3157894736842105,0.6951219512195121,0.32,0.12389380530973451,0.2646017699115044,0.0029498525073746312,RC208,RC,2
57,0.5263157894736842,0.3902439024390244,0.38,0.11504424778761062,0.24867256637168142,0.0029498525073746312,RC208,RC,2
58,0.3157894736842105,0.2682926829268293,0.46,0.06696165191740414,0.20235988200589972,0.0029498525073746312,RC208,RC,2
59,0.15789473684210525,0.08536585365853659,0.4,0.11828908554572272,0.26607669616519175,0.0029498525073746312,RC208,RC,2
60,0.10526315789473684,0.2073170731707317,0.38,0.012389380530973451,0.20825958702064898,0.0029498525073746312,RC208,RC,2
61,0.15789473684210525,0.6951219512195121,0.34,0.11828908554572272,0.27227138643067844,0.0029498525073746312,RC208,RC,2
62,0.47368421052631576,0.7560975609756098,0.18,0.032448377581120944,0.15486725663716813,0.0029498525073746312,RC208,RC,2
63,0.6842105263157895,0.3902439024390244,0.06,0.00855457227138643,0.1616519174041298,0.0029498525073746312,RC208,RC,2
64,0.6842105263157895,0.2073170731707317,0.12,0.011504424778761062,0.17492625368731562,0.0029498525073746312,RC208,RC,2
65,0.47368421052631576,0.32926829268292684,0.34,0.0058997050147492625,0.14690265486725665,0.0029498525073746312,RC208,RC,2
66,0.3684210526315789,0.45121951219512196,0.32,0.0032448377581120944,0.15634218289085547,0.0029498525073746312,RC208,RC,2
67,0.43157894736842106,0.4146341463414634,0.32,0.1191740412979351,0.24985250737463127,0.0029498525073746312,RC208,RC,2
68,0.6736842105263158,0.47560975609756095,0.18,0.029498525073746312,0.16371681415929204,0.0029498525073746312,RC208,RC,2
69,0.42105263157894735,0.6951219512195121,0.42,0.12861356932153392,0.26755162241887903,0.0029498525073746312,RC208,RC,2
70,0.3263157894736842,0.5975609756097561,0.54,0.002654867256637168,0.1504424778761062,0.0029498525073746312,RC208,RC,2
71,0.3684210526315789,0.8048780487804879,0.46,0.09734513274336283,0.2743362831858407,0.0029498525073746312,RC208,RC,2
72,0.6842105263157895,0.6341463414634146,0.28,0.023893805309734513,0.15339233038348082,0.0029498525073746312,RC208,RC,2
73,0.6631578947368421,0.7560975609756098,0.16,0.007964601769911504,0.18348082595870208,0.0029498525073746312,RC208,RC,2
74,0.021052631578947368,0.6951219512195121,0.1,0.03982300884955752,0.1640117994100295,0.0029498525073746312,RC208,RC,2
75,0.21052631578947367,0.2073170731707317,0.16,0.12684365781710916,0.2693215339233038,0.0029498525073746312,RC208,RC,2
76,0.05263157894736842,0.024390243902439025,0.32,0.018584070796460177,0.15339233038348082,0.0029498525073746312,RC208,RC,2
77,0.631578947368421,0.10975609756097561,0.62,0.03687315634218289,0.15634218289085547,0.0029498525073746312,RC208,RC,2
78,0.24210526315789474,0.0,0.14,0.11504424778761062,0.26548672566371684,0.0029498525073746312,RC208,RC,2
79,0.08421052631578947,0.6463414634146342,0.54,0.05604719764011799,0.1943952802359882,0.0029498525073746312,RC208,RC,2
80,0.06315789473684211,0.7926829268292683,0.6,0.06342182890855458,0.17935103244837758,0.0029498525073746312,RC208,RC,2
81,0.49473684210526314,0.5365853658536586,0.26,0.13097345132743363,0.2778761061946903,0.0029498525073746312,RC208,RC,2
82,0.5157894736842106,0.6707317073170732,0.2,0.07345132743362832,0.1710914454277286,0.0029498525073746312,RC208,RC,2
83,0.28421052631578947,0.4878048780487805,0.18,0.004129793510324484,0.14926253687315635,0.0029498525073746312,RC208,RC,2
84,0.3894736842105263,0.34146341463414637,0.28,0.005604719764011799,0.16696165191740414,0.0029498525073746312,RC208,RC,2
85,0.6,0.3170731707317073,0.36,0.07640117994100296,0.19174041297935104,0.0029498525073746312,RC208,RC,2
86,0.6631578947368421,0.24390243902439024,0.04,0.0584070796460177,0.17964601769911503,0.0029498525073746312,RC208,RC,2
87,0.22105263157894736,0.25609756097560976,0.56,0.06253687315634218,0.17846607669616518,0.0029498525073746312,RC208,RC,2
88,0.12631578947368421,0.25609756097560976,0.26,0.08023598820058997,0.16666666666666666,0.0029498525073746312,RC208,RC,2
89,0.25263157894736843,0.6707317073170732,0.38,0.02654867256637168,0.16194690265486725,0.0029498525073746312,RC208,RC,2
90,0.7052631578947368,0.024390243902439025,0.5,0.09587020648967552,0.2646017699115044,0.0029498525073746312,RC208,RC,2
91,0.3894736842105263,0.5365853658536586,0.12,0.06017699115044248,0.18672566371681415,0.0029498525073746312,RC208,RC,2
92,0.5157894736842106,0.47560975609756095,0.26,0.13038348082595871,0.27640117994100294,0.0029498525073746312,RC208,RC,2
93,0.5578947368421052,0.4878048780487805,0.28,0.004129793510324484,0.17138643067846607,0.0029498525073746312,RC208,RC,2
94,0.6421052631578947,0.5975609756097561,0.06,0.11002949852507375,0.2737463126843658,0.0029498525073746312,RC208,RC,2
95,0.6,0.5487804878048781,0.46,0.07817109144542773,0.1882005899705015,0.0029498525073746312,RC208,RC,2
96,0.5894736842105263,0.4146341463414634,0.12,0.0058997050147492625,0.15899705014749263,0.0029498525073746312,RC208,RC,2
97,0.5789473684210527,0.6219512195121951,0.52,0.12330383480825959,0.24336283185840707,0.0029498525073746312,RC208,RC,2
98,0.042105263157894736,0.18292682926829268,0.7,0.1256637168141593,0.23215339233038348,0.0029498525073746312,RC208,RC,2
99,0.2736842105263158,0.5975609756097561,0.18,0.004129793510324484,0.1471976401179941,0.0029498525073746312,RC208,RC,2
100,0.2736842105263158,0.3902439024390244,0.3,0.043952802359882005,0.1728613569321534,0.0029498525073746312,RC208,RC,2
101,0.3263157894736842,0.7804878048780488,0.06,0.10501474926253687,0.2743362831858407,0.0029498525073746312,RC208,RC,2
